date,store,item,sales
2018-01-01,1,1,54
2018-01-02,1,1,61
2018-01-03,1,1,52
2018-01-04,1,1,50
2018-01-05,1,1,49
2018-01-06,1,1,43
2018-01-07,1,1,46
2018-01-08,1,1,50
2018-01-09,1,1,63
2018-01-10,1,1,64
2018-01-11,1,1,58
2018-01-12,1,1,55
2018-01-13,1,1,48
2018-01-14,1,1,45
2018-01-15,1,1,56
2018-01-16,1,1,58
2018-01-17,1,1,67
2018-01-18,1,1,59
2018-01-19,1,1,52
2018-01-20,1,1,46
2018-01-21,1,1,55
2018-01-22,1,1,56
2018-01-23,1,1,61
2018-01-24,1,1,64
2018-01-25,1,1,63
2018-01-26,1,1,56
2018-01-27,1,1,52
2018-01-28,1,1,54
2018-01-29,1,1,67
2018-01-30,1,1,63
2018-01-31,1,1,65
2018-02-01,1,1,59
2018-02-02,1,1,58
2018-02-03,1,1,56
2018-02-04,1,1,53
2018-02-05,1,1,57
2018-02-06,1,1,63
2018-02-07,1,1,71
2018-02-08,1,1,67
2018-02-09,1,1,59
2018-02-10,1,1,50
2018-02-11,1,1,56
2018-02-12,1,1,62
2018-02-13,1,1,69
2018-02-14,1,1,73
2018-02-15,1,1,66
2018-02-16,1,1,61
2018-02-17,1,1,55
2018-02-18,1,1,57
2018-02-19,1,1,65
2018-02-20,1,1,63
2018-02-21,1,1,70
2018-02-22,1,1,65
2018-02-23,1,1,57
2018-02-24,1,1,55
2018-02-25,1,1,63
2018-02-26,1,1,60
2018-02-27,1,1,74
2018-02-28,1,1,65
2018-03-01,1,1,66
2018-03-02,1,1,62
2018-03-03,1,1,59
2018-03-04,1,1,61
2018-03-05,1,1,68
2018-03-06,1,1,70
2018-03-07,1,1,71
2018-03-08,1,1,72
2018-03-09,1,1,61
2018-03-10,1,1,52
2018-03-11,1,1,55
2018-03-12,1,1,62
2018-03-13,1,1,74
2018-03-14,1,1,74
2018-03-15,1,1,72
2018-03-16,1,1,61
2018-03-17,1,1,59
2018-03-18,1,1,62
2018-03-19,1,1,65
2018-03-20,1,1,74
2018-03-21,1,1,71
2018-03-22,1,1,68
2018-03-23,1,1,61
2018-03-24,1,1,54
2018-03-25,1,1,62
2018-03-26,1,1,65
2018-03-27,1,1,73
2018-03-28,1,1,76
2018-03-29,1,1,72
2018-03-30,1,1,66
2018-03-31,1,1,58
2018-04-01,1,1,59
2018-04-02,1,1,66
2018-04-03,1,1,66
2018-04-04,1,1,69
2018-04-05,1,1,65
2018-04-06,1,1,59
2018-04-07,1,1,60
2018-04-08,1,1,57
2018-04-09,1,1,65
2018-04-10,1,1,78
2018-04-11,1,1,73
2018-04-12,1,1,73
2018-04-13,1,1,59
2018-04-14,1,1,58
2018-04-15,1,1,56
2018-04-16,1,1,65
2018-04-17,1,1,76
2018-04-18,1,1,67
2018-04-19,1,1,71
2018-04-20,1,1,63
2018-04-21,1,1,56
2018-04-22,1,1,54
2018-04-23,1,1,66
2018-04-24,1,1,70
2018-04-25,1,1,74
2018-04-26,1,1,69
2018-04-27,1,1,68
2018-04-28,1,1,56
2018-04-29,1,1,55
2018-04-30,1,1,66
2018-05-01,1,1,72
2018-05-02,1,1,78
2018-05-03,1,1,71
2018-05-04,1,1,62
2018-05-05,1,1,62
2018-05-06,1,1,53
2018-05-07,1,1,61
2018-05-08,1,1,66
2018-05-09,1,1,70
2018-05-10,1,1,62
2018-05-11,1,1,62
2018-05-12,1,1,55
2018-05-13,1,1,51
2018-05-14,1,1,59
2018-05-15,1,1,70
2018-05-16,1,1,74
2018-05-17,1,1,74
2018-05-18,1,1,70
2018-05-19,1,1,56
2018-05-20,1,1,52
2018-05-21,1,1,53
2018-05-22,1,1,69
2018-05-23,1,1,66
2018-05-24,1,1,63
2018-05-25,1,1,55
2018-05-26,1,1,52
2018-05-27,1,1,59
2018-05-28,1,1,61
2018-05-29,1,1,66
2018-05-30,1,1,64
2018-05-31,1,1,56
2018-06-01,1,1,54
2018-06-02,1,1,51
2018-06-03,1,1,60
2018-06-04,1,1,59
2018-06-05,1,1,69
2018-06-06,1,1,64
2018-06-07,1,1,57
2018-06-08,1,1,51
2018-06-09,1,1,47
2018-06-10,1,1,60
2018-06-11,1,1,54
2018-06-12,1,1,67
2018-06-13,1,1,61
2018-06-14,1,1,64
2018-06-15,1,1,54
2018-06-16,1,1,48
2018-06-17,1,1,49
2018-06-18,1,1,53
2018-06-19,1,1,63
2018-06-20,1,1,61
2018-06-21,1,1,53
2018-06-22,1,1,46
2018-06-23,1,1,47
2018-06-24,1,1,54
2018-06-25,1,1,54
2018-06-26,1,1,59
2018-06-27,1,1,62
2018-06-28,1,1,62
2018-06-29,1,1,50
2018-06-30,1,1,43
2018-07-01,1,1,50
2018-07-02,1,1,54
2018-07-03,1,1,64
2018-07-04,1,1,60
2018-07-05,1,1,50
2018-07-06,1,1,42
2018-07-07,1,1,50
2018-07-08,1,1,51
2018-07-09,1,1,50
2018-07-10,1,1,55
2018-07-11,1,1,63
2018-07-12,1,1,49
2018-07-13,1,1,42
2018-07-14,1,1,44
2018-07-15,1,1,41
2018-07-16,1,1,48
2018-07-17,1,1,54
2018-07-18,1,1,57
2018-07-19,1,1,57
2018-07-20,1,1,44
2018-07-21,1,1,42
2018-07-22,1,1,33
2018-07-23,1,1,47
2018-07-24,1,1,49
2018-07-25,1,1,49
2018-07-26,1,1,46
2018-07-27,1,1,41
2018-07-28,1,1,42
2018-07-29,1,1,34
2018-07-30,1,1,45
2018-07-31,1,1,49
2018-08-01,1,1,51
2018-08-02,1,1,52
2018-08-03,1,1,43
2018-08-04,1,1,42
2018-08-05,1,1,37
2018-08-06,1,1,41
2018-08-07,1,1,49
2018-08-08,1,1,52
2018-08-09,1,1,47
2018-08-10,1,1,35
2018-08-11,1,1,35
2018-08-12,1,1,37
2018-08-13,1,1,52
2018-08-14,1,1,56
2018-08-15,1,1,46
2018-08-16,1,1,44
2018-08-17,1,1,32
2018-08-18,1,1,31
2018-08-19,1,1,36
2018-08-20,1,1,46
2018-08-21,1,1,44
2018-08-22,1,1,46
2018-08-23,1,1,36
2018-08-24,1,1,36
2018-08-25,1,1,28
2018-08-26,1,1,32
2018-08-27,1,1,37
2018-08-28,1,1,46
2018-08-29,1,1,41
2018-08-30,1,1,37
2018-08-31,1,1,45
2018-09-01,1,1,26
2018-09-02,1,1,29
2018-09-03,1,1,47
2018-09-04,1,1,57
2018-09-05,1,1,42
2018-09-06,1,1,41
2018-09-07,1,1,37
2018-09-08,1,1,38
2018-09-09,1,1,28
2018-09-10,1,1,38
2018-09-11,1,1,48
2018-09-12,1,1,48
2018-09-13,1,1,40
2018-09-14,1,1,34
2018-09-15,1,1,25
2018-09-16,1,1,31
2018-09-17,1,1,37
2018-09-18,1,1,45
2018-09-19,1,1,43
2018-09-20,1,1,43
2018-09-21,1,1,38
2018-09-22,1,1,31
2018-09-23,1,1,33
2018-09-24,1,1,38
2018-09-25,1,1,44
2018-09-26,1,1,43
2018-09-27,1,1,42
2018-09-28,1,1,34
2018-09-29,1,1,38
2018-09-30,1,1,38
2018-10-01,1,1,39
2018-10-02,1,1,41
2018-10-03,1,1,41
2018-10-04,1,1,46
2018-10-05,1,1,35
2018-10-06,1,1,32
2018-10-07,1,1,25
2018-10-08,1,1,42
2018-10-09,1,1,46
2018-10-10,1,1,41
2018-10-11,1,1,40
2018-10-12,1,1,36
2018-10-13,1,1,31
2018-10-14,1,1,31
2018-10-15,1,1,38
2018-10-16,1,1,44
2018-10-17,1,1,47
2018-10-18,1,1,48
2018-10-19,1,1,25
2018-10-20,1,1,30
2018-10-21,1,1,33
2018-10-22,1,1,40
2018-10-23,1,1,44
2018-10-24,1,1,40
2018-10-25,1,1,44
2018-10-26,1,1,43
2018-10-27,1,1,25
2018-10-28,1,1,37
2018-10-29,1,1,38
2018-10-30,1,1,46
2018-10-31,1,1,43
2018-11-01,1,1,42
2018-11-02,1,1,42
2018-11-03,1,1,35
2018-11-04,1,1,41
2018-11-05,1,1,45
2018-11-06,1,1,49
2018-11-07,1,1,56
2018-11-08,1,1,46
2018-11-09,1,1,41
2018-11-10,1,1,32
2018-11-11,1,1,36
2018-11-12,1,1,39
2018-11-13,1,1,52
2018-11-14,1,1,45
2018-11-15,1,1,49
2018-11-16,1,1,38
2018-11-17,1,1,40
2018-11-18,1,1,40
2018-11-19,1,1,50
2018-11-20,1,1,52
2018-11-21,1,1,45
2018-11-22,1,1,47
2018-11-23,1,1,36
2018-11-24,1,1,34
2018-11-25,1,1,44
2018-11-26,1,1,47
2018-11-27,1,1,48
2018-11-28,1,1,49
2018-11-29,1,1,49
2018-11-30,1,1,37
2018-12-01,1,1,35
2018-12-02,1,1,41
2018-12-03,1,1,51
2018-12-04,1,1,55
2018-12-05,1,1,45
2018-12-06,1,1,52
2018-12-07,1,1,44
2018-12-08,1,1,41
2018-12-09,1,1,48
2018-12-10,1,1,40
2018-12-11,1,1,52
2018-12-12,1,1,58
2018-12-13,1,1,46
2018-12-14,1,1,51
2018-12-15,1,1,43
2018-12-16,1,1,46
2018-12-17,1,1,47
2018-12-18,1,1,59
2018-12-19,1,1,62
2018-12-20,1,1,55
2018-12-21,1,1,48
2018-12-22,1,1,44
2018-12-23,1,1,41
2018-12-24,1,1,51
2018-12-25,1,1,57
2018-12-26,1,1,61
2018-12-27,1,1,60
2018-12-28,1,1,45
2018-12-29,1,1,44
2018-12-30,1,1,53
2018-12-31,1,1,50
2019-01-01,1,1,56
2019-01-02,1,1,62
2019-01-03,1,1,61
2019-01-04,1,1,51
2019-01-05,1,1,52
2019-01-06,1,1,52
2019-01-07,1,1,58
2019-01-08,1,1,64
2019-01-09,1,1,73
2019-01-10,1,1,59
2019-01-11,1,1,45
2019-01-12,1,1,55
2019-01-13,1,1,49
2019-01-14,1,1,57
2019-01-15,1,1,69
2019-01-16,1,1,59
2019-01-17,1,1,56
2019-01-18,1,1,48
2019-01-19,1,1,47
2019-01-20,1,1,54
2019-01-21,1,1,61
2019-01-22,1,1,66
2019-01-23,1,1,61
2019-01-24,1,1,54
2019-01-25,1,1,56
2019-01-26,1,1,50
2019-01-27,1,1,56
2019-01-28,1,1,63
2019-01-29,1,1,67
2019-01-30,1,1,72
2019-01-31,1,1,65
2019-02-01,1,1,60
2019-02-02,1,1,51
2019-02-03,1,1,55
2019-02-04,1,1,63
2019-02-05,1,1,72
2019-02-06,1,1,69
2019-02-07,1,1,68
2019-02-08,1,1,58
2019-02-09,1,1,55
2019-02-10,1,1,60
2019-02-11,1,1,55
2019-02-12,1,1,65
2019-02-13,1,1,66
2019-02-14,1,1,58
2019-02-15,1,1,58
2019-02-16,1,1,60
2019-02-17,1,1,57
2019-02-18,1,1,66
2019-02-19,1,1,76
2019-02-20,1,1,78
2019-02-21,1,1,68
2019-02-22,1,1,67
2019-02-23,1,1,58
2019-02-24,1,1,56
2019-02-25,1,1,64
2019-02-26,1,1,66
2019-02-27,1,1,70
2019-02-28,1,1,68
2019-03-01,1,1,66
2019-03-02,1,1,66
2019-03-03,1,1,55
2019-03-04,1,1,69
2019-03-05,1,1,69
2019-03-06,1,1,77
2019-03-07,1,1,70
2019-03-08,1,1,57
2019-03-09,1,1,63
2019-03-10,1,1,59
2019-03-11,1,1,66
2019-03-12,1,1,70
2019-03-13,1,1,73
2019-03-14,1,1,73
2019-03-15,1,1,64
2019-03-16,1,1,62
2019-03-17,1,1,63
2019-03-18,1,1,74
2019-03-19,1,1,73
2019-03-20,1,1,70
2019-03-21,1,1,76
2019-03-22,1,1,64
2019-03-23,1,1,65
2019-03-24,1,1,64
2019-03-25,1,1,68
2019-03-26,1,1,76
2019-03-27,1,1,84
2019-03-28,1,1,81
2019-03-29,1,1,66
2019-03-30,1,1,62
2019-03-31,1,1,67
2019-04-01,1,1,65
2019-04-02,1,1,76
2019-04-03,1,1,77
2019-04-04,1,1,74
2019-04-05,1,1,62
2019-04-06,1,1,55
2019-04-07,1,1,54
2019-04-08,1,1,64
2019-04-09,1,1,73
2019-04-10,1,1,75
2019-04-11,1,1,80
2019-04-12,1,1,70
2019-04-13,1,1,57
2019-04-14,1,1,64
2019-04-15,1,1,67
2019-04-16,1,1,74
2019-04-17,1,1,77
2019-04-18,1,1,74
2019-04-19,1,1,63
2019-04-20,1,1,65
2019-04-21,1,1,57
2019-04-22,1,1,68
2019-04-23,1,1,85
2019-04-24,1,1,77
2019-04-25,1,1,77
2019-04-26,1,1,65
2019-04-27,1,1,62
2019-04-28,1,1,61
2019-04-29,1,1,67
2019-04-30,1,1,70
2019-05-01,1,1,77
2019-05-02,1,1,67
2019-05-03,1,1,66
2019-05-04,1,1,63
2019-05-05,1,1,62
2019-05-06,1,1,65
2019-05-07,1,1,74
2019-05-08,1,1,73
2019-05-09,1,1,73
2019-05-10,1,1,55
2019-05-11,1,1,57
2019-05-12,1,1,51
2019-05-13,1,1,59
2019-05-14,1,1,77
2019-05-15,1,1,76
2019-05-16,1,1,65
2019-05-17,1,1,55
2019-05-18,1,1,45
2019-05-19,1,1,56
2019-05-20,1,1,74
2019-05-21,1,1,72
2019-05-22,1,1,69
2019-05-23,1,1,69
2019-05-24,1,1,54
2019-05-25,1,1,54
2019-05-26,1,1,57
2019-05-27,1,1,62
2019-05-28,1,1,72
2019-05-29,1,1,72
2019-05-30,1,1,68
2019-05-31,1,1,56
2019-06-01,1,1,58
2019-06-02,1,1,62
2019-06-03,1,1,57
2019-06-04,1,1,64
2019-06-05,1,1,74
2019-06-06,1,1,63
2019-06-07,1,1,63
2019-06-08,1,1,51
2019-06-09,1,1,60
2019-06-10,1,1,60
2019-06-11,1,1,67
2019-06-12,1,1,73
2019-06-13,1,1,61
2019-06-14,1,1,52
2019-06-15,1,1,49
2019-06-16,1,1,54
2019-06-17,1,1,52
2019-06-18,1,1,67
2019-06-19,1,1,63
2019-06-20,1,1,65
2019-06-21,1,1,44
2019-06-22,1,1,46
2019-06-23,1,1,44
2019-06-24,1,1,53
2019-06-25,1,1,63
2019-06-26,1,1,63
2019-06-27,1,1,58
2019-06-28,1,1,51
2019-06-29,1,1,48
2019-06-30,1,1,45
2019-07-01,1,1,57
2019-07-02,1,1,63
2019-07-03,1,1,63
2019-07-04,1,1,59
2019-07-05,1,1,51
2019-07-06,1,1,54
2019-07-07,1,1,46
2019-07-08,1,1,52
2019-07-09,1,1,56
2019-07-10,1,1,56
2019-07-11,1,1,51
2019-07-12,1,1,45
2019-07-13,1,1,43
2019-07-14,1,1,46
2019-07-15,1,1,51
2019-07-16,1,1,54
2019-07-17,1,1,62
2019-07-18,1,1,57
2019-07-19,1,1,46
2019-07-20,1,1,39
2019-07-21,1,1,46
2019-07-22,1,1,50
2019-07-23,1,1,50
2019-07-24,1,1,56
2019-07-25,1,1,53
2019-07-26,1,1,41
2019-07-27,1,1,41
2019-07-28,1,1,36
2019-07-29,1,1,53
2019-07-30,1,1,59
2019-07-31,1,1,54
2019-08-01,1,1,52
2019-08-02,1,1,34
2019-08-03,1,1,34
2019-08-04,1,1,39
2019-08-05,1,1,42
2019-08-06,1,1,55
2019-08-07,1,1,62
2019-08-08,1,1,44
2019-08-09,1,1,39
2019-08-10,1,1,38
2019-08-11,1,1,45
2019-08-12,1,1,40
2019-08-13,1,1,52
2019-08-14,1,1,60
2019-08-15,1,1,41
2019-08-16,1,1,36
2019-08-17,1,1,34
2019-08-18,1,1,35
2019-08-19,1,1,47
2019-08-20,1,1,51
2019-08-21,1,1,44
2019-08-22,1,1,49
2019-08-23,1,1,37
2019-08-24,1,1,40
2019-08-25,1,1,34
2019-08-26,1,1,40
2019-08-27,1,1,51
2019-08-28,1,1,53
2019-08-29,1,1,47
2019-08-30,1,1,32
2019-08-31,1,1,36
2019-09-01,1,1,31
2019-09-02,1,1,43
2019-09-03,1,1,42
2019-09-04,1,1,51
2019-09-05,1,1,42
2019-09-06,1,1,33
2019-09-07,1,1,36
2019-09-08,1,1,36
2019-09-09,1,1,38
2019-09-10,1,1,53
2019-09-11,1,1,47
2019-09-12,1,1,44
2019-09-13,1,1,38
2019-09-14,1,1,30
2019-09-15,1,1,36
2019-09-16,1,1,38
2019-09-17,1,1,45
2019-09-18,1,1,54
2019-09-19,1,1,40
2019-09-20,1,1,27
2019-09-21,1,1,39
2019-09-22,1,1,44
2019-09-23,1,1,38
2019-09-24,1,1,39
2019-09-25,1,1,47
2019-09-26,1,1,42
2019-09-27,1,1,36
2019-09-28,1,1,28
2019-09-29,1,1,36
2019-09-30,1,1,42
2019-10-01,1,1,40
2019-10-02,1,1,51
2019-10-03,1,1,52
2019-10-04,1,1,37
2019-10-05,1,1,31
2019-10-06,1,1,33
2019-10-07,1,1,43
2019-10-08,1,1,40
2019-10-09,1,1,49
2019-10-10,1,1,42
2019-10-11,1,1,44
2019-10-12,1,1,32
2019-10-13,1,1,41
2019-10-14,1,1,36
2019-10-15,1,1,49
2019-10-16,1,1,50
2019-10-17,1,1,41
2019-10-18,1,1,38
2019-10-19,1,1,38
2019-10-20,1,1,33
2019-10-21,1,1,34
2019-10-22,1,1,47
2019-10-23,1,1,45
2019-10-24,1,1,43
2019-10-25,1,1,38
2019-10-26,1,1,27
2019-10-27,1,1,29
2019-10-28,1,1,44
2019-10-29,1,1,46
2019-10-30,1,1,40
2019-10-31,1,1,49
2019-11-01,1,1,40
2019-11-02,1,1,32
2019-11-03,1,1,31
2019-11-04,1,1,46
2019-11-05,1,1,51
2019-11-06,1,1,60
2019-11-07,1,1,48
2019-11-08,1,1,41
2019-11-09,1,1,35
2019-11-10,1,1,41
2019-11-11,1,1,46
2019-11-12,1,1,55
2019-11-13,1,1,50
2019-11-14,1,1,46
2019-11-15,1,1,39
2019-11-16,1,1,40
2019-11-17,1,1,45
2019-11-18,1,1,43
2019-11-19,1,1,50
2019-11-20,1,1,55
2019-11-21,1,1,48
2019-11-22,1,1,46
2019-11-23,1,1,29
2019-11-24,1,1,37
2019-11-25,1,1,44
2019-11-26,1,1,44
2019-11-27,1,1,51
2019-11-28,1,1,47
2019-11-29,1,1,43
2019-11-30,1,1,44
2019-12-01,1,1,41
2019-12-02,1,1,44
2019-12-03,1,1,54
2019-12-04,1,1,61
2019-12-05,1,1,48
2019-12-06,1,1,42
2019-12-07,1,1,44
2019-12-08,1,1,43
2019-12-09,1,1,52
2019-12-10,1,1,56
2019-12-11,1,1,61
2019-12-12,1,1,50
2019-12-13,1,1,47
2019-12-14,1,1,43
2019-12-15,1,1,40
2019-12-16,1,1,45
2019-12-17,1,1,61
2019-12-18,1,1,59
2019-12-19,1,1,52
2019-12-20,1,1,49
2019-12-21,1,1,50
2019-12-22,1,1,38
2019-12-23,1,1,47
2019-12-24,1,1,56
2019-12-25,1,1,68
2019-12-26,1,1,59
2019-12-27,1,1,54
2019-12-28,1,1,42
2019-12-29,1,1,44
2019-12-30,1,1,57
2019-12-31,1,1,62
2020-01-01,1,1,66
2020-01-02,1,1,59
2020-01-03,1,1,54
2020-01-04,1,1,49
2020-01-05,1,1,54
2020-01-06,1,1,60
2020-01-07,1,1,57
2020-01-08,1,1,57
2020-01-09,1,1,65
2020-01-10,1,1,59
2020-01-11,1,1,47
2020-01-12,1,1,45
2020-01-13,1,1,59
2020-01-14,1,1,69
2020-01-15,1,1,75
2020-01-16,1,1,65
2020-01-17,1,1,55
2020-01-18,1,1,49
2020-01-19,1,1,54
2020-01-20,1,1,60
2020-01-21,1,1,63
2020-01-22,1,1,77
2020-01-23,1,1,72
2020-01-24,1,1,63
2020-01-25,1,1,51
2020-01-26,1,1,59
2020-01-27,1,1,65
2020-01-28,1,1,71
2020-01-29,1,1,76
2020-01-30,1,1,69
2020-01-31,1,1,63
2020-02-01,1,1,58
2020-02-02,1,1,59
2020-02-03,1,1,57
2020-02-04,1,1,71
2020-02-05,1,1,70
2020-02-06,1,1,63
2020-02-07,1,1,68
2020-02-08,1,1,64
2020-02-09,1,1,65
2020-02-10,1,1,67
2020-02-11,1,1,77
2020-02-12,1,1,74
2020-02-13,1,1,70
2020-02-14,1,1,59
2020-02-15,1,1,60
2020-02-16,1,1,61
2020-02-17,1,1,62
2020-02-18,1,1,73
2020-02-19,1,1,75
2020-02-20,1,1,78
2020-02-21,1,1,68
2020-02-22,1,1,60
2020-02-23,1,1,63
2020-02-24,1,1,68
2020-02-25,1,1,74
2020-02-26,1,1,72
2020-02-27,1,1,71
2020-02-28,1,1,62
2020-02-29,1,1,56
2020-03-01,1,1,65
2020-03-02,1,1,71
2020-03-03,1,1,68
2020-03-04,1,1,77
2020-03-05,1,1,77
2020-03-06,1,1,70
2020-03-07,1,1,66
2020-03-08,1,1,64
2020-03-09,1,1,67
2020-03-10,1,1,72
2020-03-11,1,1,79
2020-03-12,1,1,75
2020-03-13,1,1,72
2020-03-14,1,1,67
2020-03-15,1,1,64
2020-03-16,1,1,66
2020-03-17,1,1,76
2020-03-18,1,1,79
2020-03-19,1,1,73
2020-03-20,1,1,65
2020-03-21,1,1,64
2020-03-22,1,1,63
2020-03-23,1,1,68
2020-03-24,1,1,79
2020-03-25,1,1,77
2020-03-26,1,1,76
2020-03-27,1,1,69
2020-03-28,1,1,59
2020-03-29,1,1,63
2020-03-30,1,1,77
2020-03-31,1,1,73
2020-04-01,1,1,71
2020-04-02,1,1,67
2020-04-03,1,1,68
2020-04-04,1,1,63
2020-04-05,1,1,64
2020-04-06,1,1,76
2020-04-07,1,1,67
2020-04-08,1,1,80
2020-04-09,1,1,81
2020-04-10,1,1,63
2020-04-11,1,1,62
2020-04-12,1,1,62
2020-04-13,1,1,67
2020-04-14,1,1,76
2020-04-15,1,1,84
2020-04-16,1,1,82
2020-04-17,1,1,66
2020-04-18,1,1,70
2020-04-19,1,1,64
2020-04-20,1,1,77
2020-04-21,1,1,76
2020-04-22,1,1,79
2020-04-23,1,1,75
2020-04-24,1,1,79
2020-04-25,1,1,66
2020-04-26,1,1,61
2020-04-27,1,1,74
2020-04-28,1,1,74
2020-04-29,1,1,75
2020-04-30,1,1,77
2020-05-01,1,1,66
2020-05-02,1,1,62
2020-05-03,1,1,63
2020-05-04,1,1,70
2020-05-05,1,1,77
2020-05-06,1,1,69
2020-05-07,1,1,75
2020-05-08,1,1,61
2020-05-09,1,1,55
2020-05-10,1,1,62
2020-05-11,1,1,68
2020-05-12,1,1,71
2020-05-13,1,1,79
2020-05-14,1,1,65
2020-05-15,1,1,62
2020-05-16,1,1,57
2020-05-17,1,1,60
2020-05-18,1,1,68
2020-05-19,1,1,69
2020-05-20,1,1,77
2020-05-21,1,1,70
2020-05-22,1,1,55
2020-05-23,1,1,50
2020-05-24,1,1,59
2020-05-25,1,1,64
2020-05-26,1,1,71
2020-05-27,1,1,73
2020-05-28,1,1,69
2020-05-29,1,1,65
2020-05-30,1,1,52
2020-05-31,1,1,53
2020-06-01,1,1,59
2020-06-02,1,1,71
2020-06-03,1,1,76
2020-06-04,1,1,65
2020-06-05,1,1,49
2020-06-06,1,1,48
2020-06-07,1,1,53
2020-06-08,1,1,60
2020-06-09,1,1,67
2020-06-10,1,1,70
2020-06-11,1,1,64
2020-06-12,1,1,62
2020-06-13,1,1,51
2020-06-14,1,1,51
2020-06-15,1,1,63
2020-06-16,1,1,60
2020-06-17,1,1,69
2020-06-18,1,1,64
2020-06-19,1,1,56
2020-06-20,1,1,58
2020-06-21,1,1,50
2020-06-22,1,1,67
2020-06-23,1,1,64
2020-06-24,1,1,61
2020-06-25,1,1,62
2020-06-26,1,1,50
2020-06-27,1,1,47
2020-06-28,1,1,53
2020-06-29,1,1,59
2020-06-30,1,1,61
2020-07-01,1,1,68
2020-07-02,1,1,64
2020-07-03,1,1,58
2020-07-04,1,1,50
2020-07-05,1,1,55
2020-07-06,1,1,48
2020-07-07,1,1,60
2020-07-08,1,1,59
2020-07-09,1,1,59
2020-07-10,1,1,49
2020-07-11,1,1,46
2020-07-12,1,1,55
2020-07-13,1,1,53
2020-07-14,1,1,61
2020-07-15,1,1,60
2020-07-16,1,1,57
2020-07-17,1,1,49
2020-07-18,1,1,46
2020-07-19,1,1,51
2020-07-20,1,1,59
2020-07-21,1,1,59
2020-07-22,1,1,62
2020-07-23,1,1,50
2020-07-24,1,1,47
2020-07-25,1,1,47
2020-07-26,1,1,48
2020-07-27,1,1,51
2020-07-28,1,1,60
2020-07-29,1,1,60
2020-07-30,1,1,58
2020-07-31,1,1,47
2020-08-01,1,1,40
2020-08-02,1,1,44
2020-08-03,1,1,37
2020-08-04,1,1,56
2020-08-05,1,1,42
2020-08-06,1,1,45
2020-08-07,1,1,46
2020-08-08,1,1,42
2020-08-09,1,1,37
2020-08-10,1,1,45
2020-08-11,1,1,59
2020-08-12,1,1,53
2020-08-13,1,1,59
2020-08-14,1,1,43
2020-08-15,1,1,40
2020-08-16,1,1,46
2020-08-17,1,1,47
2020-08-18,1,1,48
2020-08-19,1,1,53
2020-08-20,1,1,49
2020-08-21,1,1,37
2020-08-22,1,1,36
2020-08-23,1,1,36
2020-08-24,1,1,49
2020-08-25,1,1,51
2020-08-26,1,1,51
2020-08-27,1,1,48
2020-08-28,1,1,42
2020-08-29,1,1,39
2020-08-30,1,1,34
2020-08-31,1,1,40
2020-09-01,1,1,55
2020-09-02,1,1,50
2020-09-03,1,1,42
2020-09-04,1,1,42
2020-09-05,1,1,38
2020-09-06,1,1,31
2020-09-07,1,1,44
2020-09-08,1,1,52
2020-09-09,1,1,52
2020-09-10,1,1,49
2020-09-11,1,1,34
2020-09-12,1,1,36
2020-09-13,1,1,35
2020-09-14,1,1,41
2020-09-15,1,1,52
2020-09-16,1,1,56
2020-09-17,1,1,53
2020-09-18,1,1,44
2020-09-19,1,1,34
2020-09-20,1,1,38
2020-09-21,1,1,46
2020-09-22,1,1,49
2020-09-23,1,1,51
2020-09-24,1,1,49
2020-09-25,1,1,39
2020-09-26,1,1,32
2020-09-27,1,1,34
2020-09-28,1,1,45
2020-09-29,1,1,49
2020-09-30,1,1,51
2020-10-01,1,1,48
2020-10-02,1,1,37
2020-10-03,1,1,38
2020-10-04,1,1,38
2020-10-05,1,1,37
2020-10-06,1,1,54
2020-10-07,1,1,48
2020-10-08,1,1,39
2020-10-09,1,1,35
2020-10-10,1,1,31
2020-10-11,1,1,37
2020-10-12,1,1,42
2020-10-13,1,1,48
2020-10-14,1,1,53
2020-10-15,1,1,48
2020-10-16,1,1,41
2020-10-17,1,1,37
2020-10-18,1,1,39
2020-10-19,1,1,35
2020-10-20,1,1,48
2020-10-21,1,1,43
2020-10-22,1,1,47
2020-10-23,1,1,40
2020-10-24,1,1,40
2020-10-25,1,1,42
2020-10-26,1,1,45
2020-10-27,1,1,48
2020-10-28,1,1,54
2020-10-29,1,1,46
2020-10-30,1,1,41
2020-10-31,1,1,41
2020-11-01,1,1,36
2020-11-02,1,1,48
2020-11-03,1,1,54
2020-11-04,1,1,49
2020-11-05,1,1,53
2020-11-06,1,1,45
2020-11-07,1,1,38
2020-11-08,1,1,37
2020-11-09,1,1,43
2020-11-10,1,1,50
2020-11-11,1,1,56
2020-11-12,1,1,46
2020-11-13,1,1,45
2020-11-14,1,1,34
2020-11-15,1,1,40
2020-11-16,1,1,48
2020-11-17,1,1,64
2020-11-18,1,1,50
2020-11-19,1,1,57
2020-11-20,1,1,45
2020-11-21,1,1,42
2020-11-22,1,1,43
2020-11-23,1,1,51
2020-11-24,1,1,55
2020-11-25,1,1,63
2020-11-26,1,1,51
2020-11-27,1,1,51
2020-11-28,1,1,39
2020-11-29,1,1,44
2020-11-30,1,1,46
2020-12-01,1,1,59
2020-12-02,1,1,64
2020-12-03,1,1,54
2020-12-04,1,1,47
2020-12-05,1,1,39
2020-12-06,1,1,45
2020-12-07,1,1,46
2020-12-08,1,1,55
2020-12-09,1,1,61
2020-12-10,1,1,61
2020-12-11,1,1,61
2020-12-12,1,1,43
2020-12-13,1,1,53
2020-12-14,1,1,55
2020-12-15,1,1,60
2020-12-16,1,1,64
2020-12-17,1,1,58
2020-12-18,1,1,52
2020-12-19,1,1,46
2020-12-20,1,1,43
2020-12-21,1,1,49
2020-12-22,1,1,65
2020-12-23,1,1,63
2020-12-24,1,1,57
2020-12-25,1,1,53
2020-12-26,1,1,52
2020-12-27,1,1,52
2020-12-28,1,1,55
2020-12-29,1,1,69
2020-12-30,1,1,72
2020-12-31,1,1,64
2021-01-01,1,1,59
2021-01-02,1,1,56
2021-01-03,1,1,57
2021-01-04,1,1,61
2021-01-05,1,1,68
2021-01-06,1,1,69
2021-01-07,1,1,59
2021-01-08,1,1,59
2021-01-09,1,1,47
2021-01-10,1,1,51
2021-01-11,1,1,66
2021-01-12,1,1,71
2021-01-13,1,1,75
2021-01-14,1,1,64
2021-01-15,1,1,54
2021-01-16,1,1,53
2021-01-17,1,1,56
2021-01-18,1,1,63
2021-01-19,1,1,74
2021-01-20,1,1,69
2021-01-21,1,1,68
2021-01-22,1,1,56
2021-01-23,1,1,58
2021-01-24,1,1,58
2021-01-25,1,1,61
2021-01-26,1,1,70
2021-01-27,1,1,72
2021-01-28,1,1,67
2021-01-29,1,1,69
2021-01-30,1,1,57
2021-01-31,1,1,59
2021-02-01,1,1,58
2021-02-02,1,1,69
2021-02-03,1,1,73
2021-02-04,1,1,67
2021-02-05,1,1,69
2021-02-06,1,1,59
2021-02-07,1,1,66
2021-02-08,1,1,68
2021-02-09,1,1,74
2021-02-10,1,1,75
2021-02-11,1,1,72
2021-02-12,1,1,72
2021-02-13,1,1,51
2021-02-14,1,1,54
2021-02-15,1,1,67
2021-02-16,1,1,75
2021-02-17,1,1,80
2021-02-18,1,1,75
2021-02-19,1,1,65
2021-02-20,1,1,66
2021-02-21,1,1,68
2021-02-22,1,1,71
2021-02-23,1,1,80
2021-02-24,1,1,79
2021-02-25,1,1,72
2021-02-26,1,1,70
2021-02-27,1,1,64
2021-02-28,1,1,65
2021-03-01,1,1,77
2021-03-02,1,1,68
2021-03-03,1,1,74
2021-03-04,1,1,70
2021-03-05,1,1,67
2021-03-06,1,1,63
2021-03-07,1,1,60
2021-03-08,1,1,68
2021-03-09,1,1,75
2021-03-10,1,1,90
2021-03-11,1,1,83
2021-03-12,1,1,67
2021-03-13,1,1,63
2021-03-14,1,1,62
2021-03-15,1,1,65
2021-03-16,1,1,79
2021-03-17,1,1,77
2021-03-18,1,1,76
2021-03-19,1,1,63
2021-03-20,1,1,62
2021-03-21,1,1,67
2021-03-22,1,1,75
2021-03-23,1,1,81
2021-03-24,1,1,76
2021-03-25,1,1,80
2021-03-26,1,1,67
2021-03-27,1,1,68
2021-03-28,1,1,67
2021-03-29,1,1,68
2021-03-30,1,1,78
2021-03-31,1,1,83
2021-04-01,1,1,79
2021-04-02,1,1,69
2021-04-03,1,1,72
2021-04-04,1,1,71
2021-04-05,1,1,72
2021-04-06,1,1,83
2021-04-07,1,1,89
2021-04-08,1,1,85
2021-04-09,1,1,65
2021-04-10,1,1,62
2021-04-11,1,1,73
2021-04-12,1,1,69
2021-04-13,1,1,74
2021-04-14,1,1,79
2021-04-15,1,1,78
2021-04-16,1,1,69
2021-04-17,1,1,63
2021-04-18,1,1,64
2021-04-19,1,1,70
2021-04-20,1,1,76
2021-04-21,1,1,90
2021-04-22,1,1,77
2021-04-23,1,1,73
2021-04-24,1,1,63
2021-04-25,1,1,65
2021-04-26,1,1,69
2021-04-27,1,1,68
2021-04-28,1,1,74
2021-04-29,1,1,68
2021-04-30,1,1,59
2021-05-01,1,1,59
2021-05-02,1,1,71
2021-05-03,1,1,71
2021-05-04,1,1,83
2021-05-05,1,1,81
2021-05-06,1,1,78
2021-05-07,1,1,64
2021-05-08,1,1,65
2021-05-09,1,1,67
2021-05-10,1,1,68
2021-05-11,1,1,79
2021-05-12,1,1,80
2021-05-13,1,1,71
2021-05-14,1,1,62
2021-05-15,1,1,57
2021-05-16,1,1,64
2021-05-17,1,1,71
2021-05-18,1,1,72
2021-05-19,1,1,77
2021-05-20,1,1,75
2021-05-21,1,1,68
2021-05-22,1,1,67
2021-05-23,1,1,67
2021-05-24,1,1,64
2021-05-25,1,1,81
2021-05-26,1,1,73
2021-05-27,1,1,75
2021-05-28,1,1,64
2021-05-29,1,1,58
2021-05-30,1,1,53
2021-05-31,1,1,66
2021-06-01,1,1,66
2021-06-02,1,1,78
2021-06-03,1,1,75
2021-06-04,1,1,59
2021-06-05,1,1,59
2021-06-06,1,1,56
2021-06-07,1,1,63
2021-06-08,1,1,74
2021-06-09,1,1,72
2021-06-10,1,1,75
2021-06-11,1,1,59
2021-06-12,1,1,60
2021-06-13,1,1,58
2021-06-14,1,1,67
2021-06-15,1,1,68
2021-06-16,1,1,71
2021-06-17,1,1,66
2021-06-18,1,1,56
2021-06-19,1,1,57
2021-06-20,1,1,58
2021-06-21,1,1,64
2021-06-22,1,1,74
2021-06-23,1,1,75
2021-06-24,1,1,63
2021-06-25,1,1,59
2021-06-26,1,1,50
2021-06-27,1,1,54
2021-06-28,1,1,58
2021-06-29,1,1,72
2021-06-30,1,1,69
2021-07-01,1,1,62
2021-07-02,1,1,60
2021-07-03,1,1,42
2021-07-04,1,1,44
2021-07-05,1,1,61
2021-07-06,1,1,64
2021-07-07,1,1,66
2021-07-08,1,1,56
2021-07-09,1,1,54
2021-07-10,1,1,57
2021-07-11,1,1,54
2021-07-12,1,1,57
2021-07-13,1,1,61
2021-07-14,1,1,62
2021-07-15,1,1,51
2021-07-16,1,1,53
2021-07-17,1,1,51
2021-07-18,1,1,42
2021-07-19,1,1,52
2021-07-20,1,1,56
2021-07-21,1,1,58
2021-07-22,1,1,58
2021-07-23,1,1,42
2021-07-24,1,1,48
2021-07-25,1,1,50
2021-07-26,1,1,52
2021-07-27,1,1,49
2021-07-28,1,1,56
2021-07-29,1,1,61
2021-07-30,1,1,38
2021-07-31,1,1,43
2021-08-01,1,1,41
2021-08-02,1,1,55
2021-08-03,1,1,55
2021-08-04,1,1,61
2021-08-05,1,1,57
2021-08-06,1,1,55
2021-08-07,1,1,42
2021-08-08,1,1,46
2021-08-09,1,1,44
2021-08-10,1,1,61
2021-08-11,1,1,54
2021-08-12,1,1,51
2021-08-13,1,1,46
2021-08-14,1,1,35
2021-08-15,1,1,44
2021-08-16,1,1,53
2021-08-17,1,1,56
2021-08-18,1,1,50
2021-08-19,1,1,51
2021-08-20,1,1,48
2021-08-21,1,1,33
2021-08-22,1,1,37
2021-08-23,1,1,51
2021-08-24,1,1,55
2021-08-25,1,1,57
2021-08-26,1,1,58
2021-08-27,1,1,45
2021-08-28,1,1,42
2021-08-29,1,1,51
2021-08-30,1,1,46
2021-08-31,1,1,50
2021-09-01,1,1,56
2021-09-02,1,1,51
2021-09-03,1,1,41
2021-09-04,1,1,34
2021-09-05,1,1,49
2021-09-06,1,1,47
2021-09-07,1,1,49
2021-09-08,1,1,57
2021-09-09,1,1,49
2021-09-10,1,1,41
2021-09-11,1,1,40
2021-09-12,1,1,34
2021-09-13,1,1,47
2021-09-14,1,1,59
2021-09-15,1,1,55
2021-09-16,1,1,47
2021-09-17,1,1,39
2021-09-18,1,1,35
2021-09-19,1,1,38
2021-09-20,1,1,43
2021-09-21,1,1,55
2021-09-22,1,1,46
2021-09-23,1,1,52
2021-09-24,1,1,40
2021-09-25,1,1,38
2021-09-26,1,1,34
2021-09-27,1,1,50
2021-09-28,1,1,56
2021-09-29,1,1,56
2021-09-30,1,1,42
2021-10-01,1,1,44
2021-10-02,1,1,38
2021-10-03,1,1,32
2021-10-04,1,1,45
2021-10-05,1,1,52
2021-10-06,1,1,55
2021-10-07,1,1,49
2021-10-08,1,1,43
2021-10-09,1,1,43
2021-10-10,1,1,44
2021-10-11,1,1,33
2021-10-12,1,1,50
2021-10-13,1,1,52
2021-10-14,1,1,42
2021-10-15,1,1,42
2021-10-16,1,1,42
2021-10-17,1,1,35
2021-10-18,1,1,47
2021-10-19,1,1,48
2021-10-20,1,1,51
2021-10-21,1,1,55
2021-10-22,1,1,40
2021-10-23,1,1,40
2021-10-24,1,1,32
2021-10-25,1,1,54
2021-10-26,1,1,55
2021-10-27,1,1,53
2021-10-28,1,1,52
2021-10-29,1,1,37
2021-10-30,1,1,44
2021-10-31,1,1,39
2021-11-01,1,1,46
2021-11-02,1,1,51
2021-11-03,1,1,53
2021-11-04,1,1,54
2021-11-05,1,1,45
2021-11-06,1,1,43
2021-11-07,1,1,42
2021-11-08,1,1,50
2021-11-09,1,1,53
2021-11-10,1,1,65
2021-11-11,1,1,46
2021-11-12,1,1,50
2021-11-13,1,1,47
2021-11-14,1,1,39
2021-11-15,1,1,58
2021-11-16,1,1,60
2021-11-17,1,1,61
2021-11-18,1,1,53
2021-11-19,1,1,46
2021-11-20,1,1,42
2021-11-21,1,1,46
2021-11-22,1,1,56
2021-11-23,1,1,58
2021-11-24,1,1,55
2021-11-25,1,1,58
2021-11-26,1,1,52
2021-11-27,1,1,47
2021-11-28,1,1,49
2021-11-29,1,1,51
2021-11-30,1,1,55
2021-12-01,1,1,57
2021-12-02,1,1,50
2021-12-03,1,1,51
2021-12-04,1,1,45
2021-12-05,1,1,46
2021-12-06,1,1,42
2021-12-07,1,1,55
2021-12-08,1,1,67
2021-12-09,1,1,55
2021-12-10,1,1,53
2021-12-11,1,1,42
2021-12-12,1,1,55
2021-12-13,1,1,55
2021-12-14,1,1,63
2021-12-15,1,1,73
2021-12-16,1,1,66
2021-12-17,1,1,52
2021-12-18,1,1,47
2021-12-19,1,1,50
2021-12-20,1,1,59
2021-12-21,1,1,63
2021-12-22,1,1,64
2021-12-23,1,1,67
2021-12-24,1,1,54
2021-12-25,1,1,60
2021-12-26,1,1,53
2021-12-27,1,1,66
2021-12-28,1,1,67
2021-12-29,1,1,71
2021-12-30,1,1,61
2021-12-31,1,1,53
2022-01-01,1,1,55
2022-01-02,1,1,58
2022-01-03,1,1,61
2022-01-04,1,1,62
2022-01-05,1,1,64
2022-01-06,1,1,60
2022-01-07,1,1,52
2022-01-08,1,1,55
2022-01-09,1,1,61
2022-01-10,1,1,63
2022-01-11,1,1,60
2022-01-12,1,1,70
2022-01-13,1,1,66
2022-01-14,1,1,69
2022-01-15,1,1,51
2022-01-16,1,1,57
2022-01-17,1,1,71
2022-01-18,1,1,73
2022-01-19,1,1,75
2022-01-20,1,1,69
2022-01-21,1,1,64
2022-01-22,1,1,61
2022-01-23,1,1,57
2022-01-24,1,1,70
2022-01-25,1,1,67
2022-01-26,1,1,76
2022-01-27,1,1,71
2022-01-28,1,1,61
2022-01-29,1,1,60
2022-01-30,1,1,59
2022-01-31,1,1,64
2022-02-01,1,1,73
2022-02-02,1,1,72
2022-02-03,1,1,73
2022-02-04,1,1,61
2022-02-05,1,1,64
2022-02-06,1,1,58
2022-02-07,1,1,67
2022-02-08,1,1,74
2022-02-09,1,1,83
2022-02-10,1,1,75
2022-02-11,1,1,66
2022-02-12,1,1,65
2022-02-13,1,1,56
2022-02-14,1,1,71
2022-02-15,1,1,85
2022-02-16,1,1,80
2022-02-17,1,1,75
2022-02-18,1,1,70
2022-02-19,1,1,68
2022-02-20,1,1,58
2022-02-21,1,1,66
2022-02-22,1,1,80
2022-02-23,1,1,78
2022-02-24,1,1,81
2022-02-25,1,1,68
2022-02-26,1,1,58
2022-02-27,1,1,62
2022-02-28,1,1,62
2022-03-01,1,1,79
2022-03-02,1,1,81
2022-03-03,1,1,76
2022-03-04,1,1,75
2022-03-05,1,1,71
2022-03-06,1,1,67
2022-03-07,1,1,66
2022-03-08,1,1,83
2022-03-09,1,1,84
2022-03-10,1,1,79
2022-03-11,1,1,75
2022-03-12,1,1,62
2022-03-13,1,1,77
2022-03-14,1,1,71
2022-03-15,1,1,84
2022-03-16,1,1,76
2022-03-17,1,1,75
2022-03-18,1,1,78
2022-03-19,1,1,66
2022-03-20,1,1,72
2022-03-21,1,1,76
2022-03-22,1,1,81
2022-03-23,1,1,89
2022-03-24,1,1,78
2022-03-25,1,1,65
2022-03-26,1,1,65
2022-03-27,1,1,72
2022-03-28,1,1,77
2022-03-29,1,1,76
2022-03-30,1,1,81
2022-03-31,1,1,77
2022-04-01,1,1,71
2022-04-02,1,1,63
2022-04-03,1,1,67
2022-04-04,1,1,73
2022-04-05,1,1,85
2022-04-06,1,1,87
2022-04-07,1,1,79
2022-04-08,1,1,71
2022-04-09,1,1,68
2022-04-10,1,1,66
2022-04-11,1,1,71
2022-04-12,1,1,78
2022-04-13,1,1,81
2022-04-14,1,1,74
2022-04-15,1,1,73
2022-04-16,1,1,71
2022-04-17,1,1,63
2022-04-18,1,1,75
2022-04-19,1,1,81
2022-04-20,1,1,84
2022-04-21,1,1,78
2022-04-22,1,1,66
2022-04-23,1,1,62
2022-04-24,1,1,69
2022-04-25,1,1,79
2022-04-26,1,1,72
2022-04-27,1,1,84
2022-04-28,1,1,83
2022-04-29,1,1,70
2022-04-30,1,1,69
2022-05-01,1,1,65
2022-05-02,1,1,73
2022-05-03,1,1,74
2022-05-04,1,1,72
2022-05-05,1,1,81
2022-05-06,1,1,66
2022-05-07,1,1,64
2022-05-08,1,1,61
2022-05-09,1,1,67
2022-05-10,1,1,78
2022-05-11,1,1,78
2022-05-12,1,1,78
2022-05-13,1,1,71
2022-05-14,1,1,66
2022-05-15,1,1,67
2022-05-16,1,1,78
2022-05-17,1,1,74
2022-05-18,1,1,79
2022-05-19,1,1,79
2022-05-20,1,1,73
2022-05-21,1,1,57
2022-05-22,1,1,63
2022-05-23,1,1,76
2022-05-24,1,1,79
2022-05-25,1,1,79
2022-05-26,1,1,73
2022-05-27,1,1,65
2022-05-28,1,1,63
2022-05-29,1,1,62
2022-05-30,1,1,69
2022-05-31,1,1,75
2022-06-01,1,1,74
2022-06-02,1,1,74
2022-06-03,1,1,76
2022-06-04,1,1,53
2022-06-05,1,1,63
2022-06-06,1,1,65
2022-06-07,1,1,76
2022-06-08,1,1,75
2022-06-09,1,1,73
2022-06-10,1,1,68
2022-06-11,1,1,59
2022-06-12,1,1,64
2022-06-13,1,1,57
2022-06-14,1,1,78
2022-06-15,1,1,75
2022-06-16,1,1,73
2022-06-17,1,1,57
2022-06-18,1,1,54
2022-06-19,1,1,59
2022-06-20,1,1,64
2022-06-21,1,1,71
2022-06-22,1,1,76
2022-06-23,1,1,60
2022-06-24,1,1,64
2022-06-25,1,1,55
2022-06-26,1,1,56
2022-06-27,1,1,57
2022-06-28,1,1,71
2022-06-29,1,1,60
2022-06-30,1,1,68
2022-07-01,1,1,52
2022-07-02,1,1,54
2022-07-03,1,1,54
2022-07-04,1,1,65
2022-07-05,1,1,66
2022-07-06,1,1,65
2022-07-07,1,1,61
2022-07-08,1,1,61
2022-07-09,1,1,54
2022-07-10,1,1,51
2022-07-11,1,1,58
2022-07-12,1,1,59
2022-07-13,1,1,68
2022-07-14,1,1,55
2022-07-15,1,1,58
2022-07-16,1,1,50
2022-07-17,1,1,61
2022-07-18,1,1,53
2022-07-19,1,1,63
2022-07-20,1,1,72
2022-07-21,1,1,65
2022-07-22,1,1,50
2022-07-23,1,1,49
2022-07-24,1,1,50
2022-07-25,1,1,57
2022-07-26,1,1,59
2022-07-27,1,1,63
2022-07-28,1,1,52
2022-07-29,1,1,52
2022-07-30,1,1,48
2022-07-31,1,1,47
2022-08-01,1,1,48
2022-08-02,1,1,64
2022-08-03,1,1,63
2022-08-04,1,1,54
2022-08-05,1,1,49
2022-08-06,1,1,39
2022-08-07,1,1,42
2022-08-08,1,1,50
2022-08-09,1,1,64
2022-08-10,1,1,57
2022-08-11,1,1,58
2022-08-12,1,1,46
2022-08-13,1,1,45
2022-08-14,1,1,45
2022-08-15,1,1,55
2022-08-16,1,1,55
2022-08-17,1,1,52
2022-08-18,1,1,49
2022-08-19,1,1,45
2022-08-20,1,1,38
2022-08-21,1,1,46
2022-08-22,1,1,48
2022-08-23,1,1,66
2022-08-24,1,1,51
2022-08-25,1,1,54
2022-08-26,1,1,42
2022-08-27,1,1,40
2022-08-28,1,1,44
2022-08-29,1,1,40
2022-08-30,1,1,56
2022-08-31,1,1,64
2022-09-01,1,1,50
2022-09-02,1,1,46
2022-09-03,1,1,45
2022-09-04,1,1,41
2022-09-05,1,1,46
2022-09-06,1,1,45
2022-09-07,1,1,58
2022-09-08,1,1,51
2022-09-09,1,1,40
2022-09-10,1,1,40
2022-09-11,1,1,39
2022-09-12,1,1,46
2022-09-13,1,1,56
2022-09-14,1,1,50
2022-09-15,1,1,55
2022-09-16,1,1,38
2022-09-17,1,1,37
2022-09-18,1,1,49
2022-09-19,1,1,52
2022-09-20,1,1,54
2022-09-21,1,1,51
2022-09-22,1,1,48
2022-09-23,1,1,44
2022-09-24,1,1,39
2022-09-25,1,1,40
2022-09-26,1,1,47
2022-09-27,1,1,52
2022-09-28,1,1,49
2022-09-29,1,1,48
2022-09-30,1,1,47
2022-10-01,1,1,34
2022-10-02,1,1,40
2022-10-03,1,1,44
2022-10-04,1,1,54
2022-10-05,1,1,53
2022-10-06,1,1,56
2022-10-07,1,1,46
2022-10-08,1,1,34
2022-10-09,1,1,44
2022-10-10,1,1,44
2022-10-11,1,1,51
2022-10-12,1,1,56
2022-10-13,1,1,49
2022-10-14,1,1,48
2022-10-15,1,1,37
2022-10-16,1,1,39
2022-10-17,1,1,45
2022-10-18,1,1,52
2022-10-19,1,1,60
2022-10-20,1,1,54
2022-10-21,1,1,51
2022-10-22,1,1,49
2022-10-23,1,1,38
2022-10-24,1,1,49
2022-10-25,1,1,50
2022-10-26,1,1,53
2022-10-27,1,1,50
2022-10-28,1,1,41
2022-10-29,1,1,37
2022-10-30,1,1,42
2022-10-31,1,1,44
2022-11-01,1,1,59
2022-11-02,1,1,54
2022-11-03,1,1,64
2022-11-04,1,1,44
2022-11-05,1,1,42
2022-11-06,1,1,39
2022-11-07,1,1,57
2022-11-08,1,1,61
2022-11-09,1,1,59
2022-11-10,1,1,49
2022-11-11,1,1,48
2022-11-12,1,1,39
2022-11-13,1,1,51
2022-11-14,1,1,55
2022-11-15,1,1,58
2022-11-16,1,1,50
2022-11-17,1,1,51
2022-11-18,1,1,51
2022-11-19,1,1,49
2022-11-20,1,1,51
2022-11-21,1,1,46
2022-11-22,1,1,60
2022-11-23,1,1,65
2022-11-24,1,1,50
2022-11-25,1,1,50
2022-11-26,1,1,47
2022-11-27,1,1,47
2022-11-28,1,1,47
2022-11-29,1,1,59
2022-11-30,1,1,61
2022-12-01,1,1,58
2022-12-02,1,1,49
2022-12-03,1,1,46
2022-12-04,1,1,49
2022-12-05,1,1,58
2022-12-06,1,1,61
2022-12-07,1,1,63
2022-12-08,1,1,60
2022-12-09,1,1,46
2022-12-10,1,1,51
2022-12-11,1,1,51
2022-12-12,1,1,58
2022-12-13,1,1,68
2022-12-14,1,1,58
2022-12-15,1,1,54
2022-12-16,1,1,56
2022-12-17,1,1,51
2022-12-18,1,1,54
2022-12-19,1,1,58
2022-12-20,1,1,69
2022-12-21,1,1,71
2022-12-22,1,1,66
2022-12-23,1,1,56
2022-12-24,1,1,44
2022-12-25,1,1,58
2022-12-26,1,1,66
2022-12-27,1,1,70
2022-12-28,1,1,66
2022-12-29,1,1,68
2022-12-30,1,1,62
2022-12-31,1,1,61
2018-01-01,1,2,63
2018-01-02,1,2,66
2018-01-03,1,2,64
2018-01-04,1,2,66
2018-01-05,1,2,60
2018-01-06,1,2,54
2018-01-07,1,2,56
2018-01-08,1,2,60
2018-01-09,1,2,74
2018-01-10,1,2,66
2018-01-11,1,2,63
2018-01-12,1,2,59
2018-01-13,1,2,59
2018-01-14,1,2,51
2018-01-15,1,2,58
2018-01-16,1,2,62
2018-01-17,1,2,72
2018-01-18,1,2,63
2018-01-19,1,2,59
2018-01-20,1,2,60
2018-01-21,1,2,56
2018-01-22,1,2,66
2018-01-23,1,2,70
2018-01-24,1,2,76
2018-01-25,1,2,71
2018-01-26,1,2,60
2018-01-27,1,2,58
2018-01-28,1,2,65
2018-01-29,1,2,68
2018-01-30,1,2,68
2018-01-31,1,2,78
2018-02-01,1,2,67
2018-02-02,1,2,70
2018-02-03,1,2,64
2018-02-04,1,2,63
2018-02-05,1,2,69
2018-02-06,1,2,74
2018-02-07,1,2,79
2018-02-08,1,2,71
2018-02-09,1,2,67
2018-02-10,1,2,65
2018-02-11,1,2,61
2018-02-12,1,2,67
2018-02-13,1,2,72
2018-02-14,1,2,74
2018-02-15,1,2,67
2018-02-16,1,2,70
2018-02-17,1,2,70
2018-02-18,1,2,71
2018-02-19,1,2,65
2018-02-20,1,2,81
2018-02-21,1,2,85
2018-02-22,1,2,73
2018-02-23,1,2,69
2018-02-24,1,2,56
2018-02-25,1,2,67
2018-02-26,1,2,68
2018-02-27,1,2,80
2018-02-28,1,2,74
2018-03-01,1,2,79
2018-03-02,1,2,74
2018-03-03,1,2,62
2018-03-04,1,2,62
2018-03-05,1,2,65
2018-03-06,1,2,79
2018-03-07,1,2,79
2018-03-08,1,2,71
2018-03-09,1,2,72
2018-03-10,1,2,64
2018-03-11,1,2,64
2018-03-12,1,2,72
2018-03-13,1,2,85
2018-03-14,1,2,85
2018-03-15,1,2,77
2018-03-16,1,2,74
2018-03-17,1,2,62
2018-03-18,1,2,69
2018-03-19,1,2,75
2018-03-20,1,2,79
2018-03-21,1,2,84
2018-03-22,1,2,75
2018-03-23,1,2,74
2018-03-24,1,2,69
2018-03-25,1,2,57
2018-03-26,1,2,80
2018-03-27,1,2,69
2018-03-28,1,2,81
2018-03-29,1,2,83
2018-03-30,1,2,71
2018-03-31,1,2,62
2018-04-01,1,2,65
2018-04-02,1,2,79
2018-04-03,1,2,74
2018-04-04,1,2,88
2018-04-05,1,2,79
2018-04-06,1,2,67
2018-04-07,1,2,65
2018-04-08,1,2,65
2018-04-09,1,2,79
2018-04-10,1,2,84
2018-04-11,1,2,76
2018-04-12,1,2,77
2018-04-13,1,2,68
2018-04-14,1,2,72
2018-04-15,1,2,63
2018-04-16,1,2,81
2018-04-17,1,2,81
2018-04-18,1,2,78
2018-04-19,1,2,76
2018-04-20,1,2,68
2018-04-21,1,2,62
2018-04-22,1,2,69
2018-04-23,1,2,70
2018-04-24,1,2,72
2018-04-25,1,2,81
2018-04-26,1,2,70
2018-04-27,1,2,68
2018-04-28,1,2,63
2018-04-29,1,2,64
2018-04-30,1,2,82
2018-05-01,1,2,80
2018-05-02,1,2,82
2018-05-03,1,2,70
2018-05-04,1,2,67
2018-05-05,1,2,66
2018-05-06,1,2,63
2018-05-07,1,2,77
2018-05-08,1,2,74
2018-05-09,1,2,79
2018-05-10,1,2,74
2018-05-11,1,2,70
2018-05-12,1,2,62
2018-05-13,1,2,65
2018-05-14,1,2,71
2018-05-15,1,2,75
2018-05-16,1,2,81
2018-05-17,1,2,76
2018-05-18,1,2,67
2018-05-19,1,2,61
2018-05-20,1,2,68
2018-05-21,1,2,70
2018-05-22,1,2,75
2018-05-23,1,2,78
2018-05-24,1,2,80
2018-05-25,1,2,61
2018-05-26,1,2,65
2018-05-27,1,2,56
2018-05-28,1,2,70
2018-05-29,1,2,82
2018-05-30,1,2,79
2018-05-31,1,2,73
2018-06-01,1,2,63
2018-06-02,1,2,61
2018-06-03,1,2,61
2018-06-04,1,2,65
2018-06-05,1,2,73
2018-06-06,1,2,76
2018-06-07,1,2,68
2018-06-08,1,2,60
2018-06-09,1,2,53
2018-06-10,1,2,62
2018-06-11,1,2,68
2018-06-12,1,2,73
2018-06-13,1,2,77
2018-06-14,1,2,69
2018-06-15,1,2,63
2018-06-16,1,2,58
2018-06-17,1,2,58
2018-06-18,1,2,62
2018-06-19,1,2,79
2018-06-20,1,2,70
2018-06-21,1,2,65
2018-06-22,1,2,62
2018-06-23,1,2,57
2018-06-24,1,2,51
2018-06-25,1,2,67
2018-06-26,1,2,68
2018-06-27,1,2,66
2018-06-28,1,2,70
2018-06-29,1,2,61
2018-06-30,1,2,49
2018-07-01,1,2,62
2018-07-02,1,2,64
2018-07-03,1,2,67
2018-07-04,1,2,75
2018-07-05,1,2,64
2018-07-06,1,2,57
2018-07-07,1,2,49
2018-07-08,1,2,56
2018-07-09,1,2,61
2018-07-10,1,2,65
2018-07-11,1,2,64
2018-07-12,1,2,63
2018-07-13,1,2,55
2018-07-14,1,2,45
2018-07-15,1,2,46
2018-07-16,1,2,60
2018-07-17,1,2,53
2018-07-18,1,2,66
2018-07-19,1,2,59
2018-07-20,1,2,59
2018-07-21,1,2,47
2018-07-22,1,2,53
2018-07-23,1,2,54
2018-07-24,1,2,63
2018-07-25,1,2,66
2018-07-26,1,2,57
2018-07-27,1,2,56
2018-07-28,1,2,43
2018-07-29,1,2,50
2018-07-30,1,2,58
2018-07-31,1,2,63
2018-08-01,1,2,70
2018-08-02,1,2,54
2018-08-03,1,2,45
2018-08-04,1,2,42
2018-08-05,1,2,50
2018-08-06,1,2,55
2018-08-07,1,2,59
2018-08-08,1,2,56
2018-08-09,1,2,59
2018-08-10,1,2,44
2018-08-11,1,2,49
2018-08-12,1,2,57
2018-08-13,1,2,53
2018-08-14,1,2,60
2018-08-15,1,2,57
2018-08-16,1,2,47
2018-08-17,1,2,45
2018-08-18,1,2,39
2018-08-19,1,2,39
2018-08-20,1,2,57
2018-08-21,1,2,58
2018-08-22,1,2,59
2018-08-23,1,2,52
2018-08-24,1,2,46
2018-08-25,1,2,46
2018-08-26,1,2,43
2018-08-27,1,2,52
2018-08-28,1,2,55
2018-08-29,1,2,56
2018-08-30,1,2,47
2018-08-31,1,2,38
2018-09-01,1,2,40
2018-09-02,1,2,43
2018-09-03,1,2,43
2018-09-04,1,2,55
2018-09-05,1,2,56
2018-09-06,1,2,43
2018-09-07,1,2,41
2018-09-08,1,2,42
2018-09-09,1,2,43
2018-09-10,1,2,43
2018-09-11,1,2,55
2018-09-12,1,2,60
2018-09-13,1,2,54
2018-09-14,1,2,44
2018-09-15,1,2,38
2018-09-16,1,2,39
2018-09-17,1,2,49
2018-09-18,1,2,54
2018-09-19,1,2,58
2018-09-20,1,2,51
2018-09-21,1,2,47
2018-09-22,1,2,40
2018-09-23,1,2,44
2018-09-24,1,2,51
2018-09-25,1,2,50
2018-09-26,1,2,48
2018-09-27,1,2,57
2018-09-28,1,2,45
2018-09-29,1,2,33
2018-09-30,1,2,38
2018-10-01,1,2,50
2018-10-02,1,2,52
2018-10-03,1,2,53
2018-10-04,1,2,56
2018-10-05,1,2,40
2018-10-06,1,2,36
2018-10-07,1,2,42
2018-10-08,1,2,49
2018-10-09,1,2,56
2018-10-10,1,2,59
2018-10-11,1,2,52
2018-10-12,1,2,46
2018-10-13,1,2,39
2018-10-14,1,2,42
2018-10-15,1,2,48
2018-10-16,1,2,55
2018-10-17,1,2,59
2018-10-18,1,2,54
2018-10-19,1,2,45
2018-10-20,1,2,37
2018-10-21,1,2,42
2018-10-22,1,2,48
2018-10-23,1,2,56
2018-10-24,1,2,65
2018-10-25,1,2,50
2018-10-26,1,2,47
2018-10-27,1,2,45
2018-10-28,1,2,43
2018-10-29,1,2,59
2018-10-30,1,2,54
2018-10-31,1,2,59
2018-11-01,1,2,50
2018-11-02,1,2,45
2018-11-03,1,2,43
2018-11-04,1,2,47
2018-11-05,1,2,51
2018-11-06,1,2,62
2018-11-07,1,2,58
2018-11-08,1,2,53
2018-11-09,1,2,58
2018-11-10,1,2,45
2018-11-11,1,2,42
2018-11-12,1,2,49
2018-11-13,1,2,54
2018-11-14,1,2,63
2018-11-15,1,2,54
2018-11-16,1,2,49
2018-11-17,1,2,44
2018-11-18,1,2,49
2018-11-19,1,2,49
2018-11-20,1,2,55
2018-11-21,1,2,62
2018-11-22,1,2,59
2018-11-23,1,2,51
2018-11-24,1,2,43
2018-11-25,1,2,50
2018-11-26,1,2,51
2018-11-27,1,2,59
2018-11-28,1,2,59
2018-11-29,1,2,64
2018-11-30,1,2,54
2018-12-01,1,2,50
2018-12-02,1,2,54
2018-12-03,1,2,67
2018-12-04,1,2,56
2018-12-05,1,2,61
2018-12-06,1,2,58
2018-12-07,1,2,50
2018-12-08,1,2,45
2018-12-09,1,2,50
2018-12-10,1,2,53
2018-12-11,1,2,65
2018-12-12,1,2,66
2018-12-13,1,2,64
2018-12-14,1,2,57
2018-12-15,1,2,53
2018-12-16,1,2,51
2018-12-17,1,2,68
2018-12-18,1,2,67
2018-12-19,1,2,60
2018-12-20,1,2,60
2018-12-21,1,2,50
2018-12-22,1,2,53
2018-12-23,1,2,54
2018-12-24,1,2,59
2018-12-25,1,2,76
2018-12-26,1,2,72
2018-12-27,1,2,68
2018-12-28,1,2,55
2018-12-29,1,2,51
2018-12-30,1,2,57
2018-12-31,1,2,64
2019-01-01,1,2,62
2019-01-02,1,2,71
2019-01-03,1,2,67
2019-01-04,1,2,60
2019-01-05,1,2,53
2019-01-06,1,2,56
2019-01-07,1,2,64
2019-01-08,1,2,72
2019-01-09,1,2,76
2019-01-10,1,2,74
2019-01-11,1,2,61
2019-01-12,1,2,57
2019-01-13,1,2,62
2019-01-14,1,2,69
2019-01-15,1,2,72
2019-01-16,1,2,78
2019-01-17,1,2,75
2019-01-18,1,2,70
2019-01-19,1,2,67
2019-01-20,1,2,59
2019-01-21,1,2,69
2019-01-22,1,2,75
2019-01-23,1,2,77
2019-01-24,1,2,70
2019-01-25,1,2,60
2019-01-26,1,2,62
2019-01-27,1,2,61
2019-01-28,1,2,71
2019-01-29,1,2,74
2019-01-30,1,2,74
2019-01-31,1,2,75
2019-02-01,1,2,68
2019-02-02,1,2,66
2019-02-03,1,2,74
2019-02-04,1,2,73
2019-02-05,1,2,80
2019-02-06,1,2,76
2019-02-07,1,2,71
2019-02-08,1,2,76
2019-02-09,1,2,62
2019-02-10,1,2,63
2019-02-11,1,2,73
2019-02-12,1,2,80
2019-02-13,1,2,78
2019-02-14,1,2,76
2019-02-15,1,2,76
2019-02-16,1,2,63
2019-02-17,1,2,63
2019-02-18,1,2,79
2019-02-19,1,2,83
2019-02-20,1,2,80
2019-02-21,1,2,72
2019-02-22,1,2,69
2019-02-23,1,2,68
2019-02-24,1,2,74
2019-02-25,1,2,72
2019-02-26,1,2,82
2019-02-27,1,2,87
2019-02-28,1,2,70
2019-03-01,1,2,77
2019-03-02,1,2,64
2019-03-03,1,2,72
2019-03-04,1,2,78
2019-03-05,1,2,88
2019-03-06,1,2,87
2019-03-07,1,2,71
2019-03-08,1,2,71
2019-03-09,1,2,70
2019-03-10,1,2,71
2019-03-11,1,2,80
2019-03-12,1,2,87
2019-03-13,1,2,88
2019-03-14,1,2,81
2019-03-15,1,2,67
2019-03-16,1,2,69
2019-03-17,1,2,74
2019-03-18,1,2,74
2019-03-19,1,2,87
2019-03-20,1,2,90
2019-03-21,1,2,83
2019-03-22,1,2,63
2019-03-23,1,2,66
2019-03-24,1,2,80
2019-03-25,1,2,77
2019-03-26,1,2,77
2019-03-27,1,2,92
2019-03-28,1,2,82
2019-03-29,1,2,80
2019-03-30,1,2,72
2019-03-31,1,2,75
2019-04-01,1,2,80
2019-04-02,1,2,88
2019-04-03,1,2,96
2019-04-04,1,2,86
2019-04-05,1,2,69
2019-04-06,1,2,73
2019-04-07,1,2,77
2019-04-08,1,2,84
2019-04-09,1,2,84
2019-04-10,1,2,91
2019-04-11,1,2,86
2019-04-12,1,2,86
2019-04-13,1,2,68
2019-04-14,1,2,71
2019-04-15,1,2,78
2019-04-16,1,2,83
2019-04-17,1,2,83
2019-04-18,1,2,71
2019-04-19,1,2,73
2019-04-20,1,2,72
2019-04-21,1,2,70
2019-04-22,1,2,86
2019-04-23,1,2,85
2019-04-24,1,2,91
2019-04-25,1,2,83
2019-04-26,1,2,78
2019-04-27,1,2,71
2019-04-28,1,2,77
2019-04-29,1,2,78
2019-04-30,1,2,86
2019-05-01,1,2,87
2019-05-02,1,2,80
2019-05-03,1,2,75
2019-05-04,1,2,78
2019-05-05,1,2,70
2019-05-06,1,2,78
2019-05-07,1,2,88
2019-05-08,1,2,89
2019-05-09,1,2,80
2019-05-10,1,2,63
2019-05-11,1,2,70
2019-05-12,1,2,61
2019-05-13,1,2,82
2019-05-14,1,2,83
2019-05-15,1,2,87
2019-05-16,1,2,75
2019-05-17,1,2,65
2019-05-18,1,2,68
2019-05-19,1,2,68
2019-05-20,1,2,73
2019-05-21,1,2,81
2019-05-22,1,2,93
2019-05-23,1,2,81
2019-05-24,1,2,75
2019-05-25,1,2,69
2019-05-26,1,2,73
2019-05-27,1,2,72
2019-05-28,1,2,71
2019-05-29,1,2,80
2019-05-30,1,2,79
2019-05-31,1,2,65
2019-06-01,1,2,64
2019-06-02,1,2,63
2019-06-03,1,2,78
2019-06-04,1,2,81
2019-06-05,1,2,82
2019-06-06,1,2,77
2019-06-07,1,2,67
2019-06-08,1,2,64
2019-06-09,1,2,59
2019-06-10,1,2,61
2019-06-11,1,2,77
2019-06-12,1,2,79
2019-06-13,1,2,78
2019-06-14,1,2,72
2019-06-15,1,2,67
2019-06-16,1,2,59
2019-06-17,1,2,67
2019-06-18,1,2,76
2019-06-19,1,2,86
2019-06-20,1,2,77
2019-06-21,1,2,69
2019-06-22,1,2,58
2019-06-23,1,2,57
2019-06-24,1,2,70
2019-06-25,1,2,68
2019-06-26,1,2,73
2019-06-27,1,2,69
2019-06-28,1,2,69
2019-06-29,1,2,56
2019-06-30,1,2,49
2019-07-01,1,2,67
2019-07-02,1,2,68
2019-07-03,1,2,73
2019-07-04,1,2,67
2019-07-05,1,2,60
2019-07-06,1,2,59
2019-07-07,1,2,51
2019-07-08,1,2,61
2019-07-09,1,2,72
2019-07-10,1,2,68
2019-07-11,1,2,60
2019-07-12,1,2,62
2019-07-13,1,2,59
2019-07-14,1,2,55
2019-07-15,1,2,54
2019-07-16,1,2,70
2019-07-17,1,2,62
2019-07-18,1,2,66
2019-07-19,1,2,54
2019-07-20,1,2,48
2019-07-21,1,2,52
2019-07-22,1,2,59
2019-07-23,1,2,63
2019-07-24,1,2,70
2019-07-25,1,2,61
2019-07-26,1,2,60
2019-07-27,1,2,52
2019-07-28,1,2,50
2019-07-29,1,2,55
2019-07-30,1,2,58
2019-07-31,1,2,67
2019-08-01,1,2,60
2019-08-02,1,2,45
2019-08-03,1,2,47
2019-08-04,1,2,47
2019-08-05,1,2,63
2019-08-06,1,2,56
2019-08-07,1,2,59
2019-08-08,1,2,64
2019-08-09,1,2,58
2019-08-10,1,2,45
2019-08-11,1,2,47
2019-08-12,1,2,58
2019-08-13,1,2,52
2019-08-14,1,2,56
2019-08-15,1,2,57
2019-08-16,1,2,58
2019-08-17,1,2,45
2019-08-18,1,2,49
2019-08-19,1,2,59
2019-08-20,1,2,69
2019-08-21,1,2,60
2019-08-22,1,2,57
2019-08-23,1,2,58
2019-08-24,1,2,40
2019-08-25,1,2,51
2019-08-26,1,2,49
2019-08-27,1,2,60
2019-08-28,1,2,60
2019-08-29,1,2,53
2019-08-30,1,2,45
2019-08-31,1,2,46
2019-09-01,1,2,50
2019-09-02,1,2,52
2019-09-03,1,2,59
2019-09-04,1,2,62
2019-09-05,1,2,52
2019-09-06,1,2,51
2019-09-07,1,2,47
2019-09-08,1,2,56
2019-09-09,1,2,50
2019-09-10,1,2,56
2019-09-11,1,2,62
2019-09-12,1,2,58
2019-09-13,1,2,46
2019-09-14,1,2,42
2019-09-15,1,2,47
2019-09-16,1,2,48
2019-09-17,1,2,56
2019-09-18,1,2,59
2019-09-19,1,2,59
2019-09-20,1,2,45
2019-09-21,1,2,36
2019-09-22,1,2,37
2019-09-23,1,2,46
2019-09-24,1,2,52
2019-09-25,1,2,58
2019-09-26,1,2,50
2019-09-27,1,2,45
2019-09-28,1,2,40
2019-09-29,1,2,43
2019-09-30,1,2,56
2019-10-01,1,2,60
2019-10-02,1,2,59
2019-10-03,1,2,53
2019-10-04,1,2,46
2019-10-05,1,2,44
2019-10-06,1,2,47
2019-10-07,1,2,47
2019-10-08,1,2,57
2019-10-09,1,2,51
2019-10-10,1,2,56
2019-10-11,1,2,51
2019-10-12,1,2,42
2019-10-13,1,2,52
2019-10-14,1,2,48
2019-10-15,1,2,59
2019-10-16,1,2,59
2019-10-17,1,2,55
2019-10-18,1,2,48
2019-10-19,1,2,44
2019-10-20,1,2,49
2019-10-21,1,2,58
2019-10-22,1,2,58
2019-10-23,1,2,63
2019-10-24,1,2,53
2019-10-25,1,2,52
2019-10-26,1,2,42
2019-10-27,1,2,51
2019-10-28,1,2,62
2019-10-29,1,2,59
2019-10-30,1,2,52
2019-10-31,1,2,54
2019-11-01,1,2,55
2019-11-02,1,2,48
2019-11-03,1,2,48
2019-11-04,1,2,58
2019-11-05,1,2,62
2019-11-06,1,2,67
2019-11-07,1,2,61
2019-11-08,1,2,57
2019-11-09,1,2,48
2019-11-10,1,2,52
2019-11-11,1,2,54
2019-11-12,1,2,59
2019-11-13,1,2,70
2019-11-14,1,2,60
2019-11-15,1,2,55
2019-11-16,1,2,49
2019-11-17,1,2,47
2019-11-18,1,2,56
2019-11-19,1,2,68
2019-11-20,1,2,67
2019-11-21,1,2,54
2019-11-22,1,2,53
2019-11-23,1,2,57
2019-11-24,1,2,50
2019-11-25,1,2,51
2019-11-26,1,2,72
2019-11-27,1,2,69
2019-11-28,1,2,62
2019-11-29,1,2,54
2019-11-30,1,2,55
2019-12-01,1,2,51
2019-12-02,1,2,64
2019-12-03,1,2,68
2019-12-04,1,2,69
2019-12-05,1,2,64
2019-12-06,1,2,56
2019-12-07,1,2,57
2019-12-08,1,2,51
2019-12-09,1,2,55
2019-12-10,1,2,70
2019-12-11,1,2,72
2019-12-12,1,2,67
2019-12-13,1,2,60
2019-12-14,1,2,53
2019-12-15,1,2,59
2019-12-16,1,2,63
2019-12-17,1,2,67
2019-12-18,1,2,70
2019-12-19,1,2,75
2019-12-20,1,2,53
2019-12-21,1,2,58
2019-12-22,1,2,51
2019-12-23,1,2,64
2019-12-24,1,2,69
2019-12-25,1,2,65
2019-12-26,1,2,71
2019-12-27,1,2,61
2019-12-28,1,2,50
2019-12-29,1,2,63
2019-12-30,1,2,72
2019-12-31,1,2,79
2020-01-01,1,2,76
2020-01-02,1,2,71
2020-01-03,1,2,69
2020-01-04,1,2,67
2020-01-05,1,2,66
2020-01-06,1,2,65
2020-01-07,1,2,76
2020-01-08,1,2,79
2020-01-09,1,2,65
2020-01-10,1,2,68
2020-01-11,1,2,71
2020-01-12,1,2,66
2020-01-13,1,2,76
2020-01-14,1,2,78
2020-01-15,1,2,78
2020-01-16,1,2,76
2020-01-17,1,2,65
2020-01-18,1,2,60
2020-01-19,1,2,71
2020-01-20,1,2,78
2020-01-21,1,2,75
2020-01-22,1,2,84
2020-01-23,1,2,76
2020-01-24,1,2,71
2020-01-25,1,2,67
2020-01-26,1,2,71
2020-01-27,1,2,74
2020-01-28,1,2,86
2020-01-29,1,2,83
2020-01-30,1,2,81
2020-01-31,1,2,68
2020-02-01,1,2,76
2020-02-02,1,2,71
2020-02-03,1,2,78
2020-02-04,1,2,76
2020-02-05,1,2,80
2020-02-06,1,2,85
2020-02-07,1,2,74
2020-02-08,1,2,61
2020-02-09,1,2,75
2020-02-10,1,2,75
2020-02-11,1,2,89
2020-02-12,1,2,85
2020-02-13,1,2,82
2020-02-14,1,2,79
2020-02-15,1,2,67
2020-02-16,1,2,68
2020-02-17,1,2,78
2020-02-18,1,2,88
2020-02-19,1,2,81
2020-02-20,1,2,76
2020-02-21,1,2,79
2020-02-22,1,2,69
2020-02-23,1,2,72
2020-02-24,1,2,72
2020-02-25,1,2,83
2020-02-26,1,2,88
2020-02-27,1,2,87
2020-02-28,1,2,74
2020-02-29,1,2,79
2020-03-01,1,2,71
2020-03-02,1,2,78
2020-03-03,1,2,93
2020-03-04,1,2,90
2020-03-05,1,2,82
2020-03-06,1,2,77
2020-03-07,1,2,79
2020-03-08,1,2,81
2020-03-09,1,2,78
2020-03-10,1,2,88
2020-03-11,1,2,90
2020-03-12,1,2,81
2020-03-13,1,2,78
2020-03-14,1,2,74
2020-03-15,1,2,80
2020-03-16,1,2,87
2020-03-17,1,2,87
2020-03-18,1,2,89
2020-03-19,1,2,88
2020-03-20,1,2,77
2020-03-21,1,2,77
2020-03-22,1,2,76
2020-03-23,1,2,79
2020-03-24,1,2,85
2020-03-25,1,2,96
2020-03-26,1,2,85
2020-03-27,1,2,86
2020-03-28,1,2,73
2020-03-29,1,2,78
2020-03-30,1,2,92
2020-03-31,1,2,85
2020-04-01,1,2,83
2020-04-02,1,2,91
2020-04-03,1,2,76
2020-04-04,1,2,75
2020-04-05,1,2,74
2020-04-06,1,2,84
2020-04-07,1,2,85
2020-04-08,1,2,90
2020-04-09,1,2,88
2020-04-10,1,2,75
2020-04-11,1,2,72
2020-04-12,1,2,75
2020-04-13,1,2,77
2020-04-14,1,2,87
2020-04-15,1,2,91
2020-04-16,1,2,84
2020-04-17,1,2,78
2020-04-18,1,2,74
2020-04-19,1,2,73
2020-04-20,1,2,85
2020-04-21,1,2,94
2020-04-22,1,2,88
2020-04-23,1,2,87
2020-04-24,1,2,77
2020-04-25,1,2,75
2020-04-26,1,2,82
2020-04-27,1,2,84
2020-04-28,1,2,81
2020-04-29,1,2,91
2020-04-30,1,2,90
2020-05-01,1,2,77
2020-05-02,1,2,77
2020-05-03,1,2,72
2020-05-04,1,2,75
2020-05-05,1,2,87
2020-05-06,1,2,81
2020-05-07,1,2,83
2020-05-08,1,2,82
2020-05-09,1,2,64
2020-05-10,1,2,68
2020-05-11,1,2,76
2020-05-12,1,2,85
2020-05-13,1,2,86
2020-05-14,1,2,88
2020-05-15,1,2,79
2020-05-16,1,2,73
2020-05-17,1,2,73
2020-05-18,1,2,80
2020-05-19,1,2,81
2020-05-20,1,2,89
2020-05-21,1,2,77
2020-05-22,1,2,78
2020-05-23,1,2,74
2020-05-24,1,2,72
2020-05-25,1,2,76
2020-05-26,1,2,85
2020-05-27,1,2,73
2020-05-28,1,2,81
2020-05-29,1,2,72
2020-05-30,1,2,68
2020-05-31,1,2,72
2020-06-01,1,2,75
2020-06-02,1,2,77
2020-06-03,1,2,82
2020-06-04,1,2,79
2020-06-05,1,2,72
2020-06-06,1,2,67
2020-06-07,1,2,72
2020-06-08,1,2,70
2020-06-09,1,2,81
2020-06-10,1,2,87
2020-06-11,1,2,70
2020-06-12,1,2,70
2020-06-13,1,2,63
2020-06-14,1,2,65
2020-06-15,1,2,69
2020-06-16,1,2,78
2020-06-17,1,2,87
2020-06-18,1,2,70
2020-06-19,1,2,63
2020-06-20,1,2,58
2020-06-21,1,2,72
2020-06-22,1,2,69
2020-06-23,1,2,77
2020-06-24,1,2,76
2020-06-25,1,2,70
2020-06-26,1,2,65
2020-06-27,1,2,72
2020-06-28,1,2,69
2020-06-29,1,2,66
2020-06-30,1,2,78
2020-07-01,1,2,73
2020-07-02,1,2,65
2020-07-03,1,2,69
2020-07-04,1,2,65
2020-07-05,1,2,66
2020-07-06,1,2,65
2020-07-07,1,2,73
2020-07-08,1,2,78
2020-07-09,1,2,72
2020-07-10,1,2,61
2020-07-11,1,2,52
2020-07-12,1,2,60
2020-07-13,1,2,70
2020-07-14,1,2,67
2020-07-15,1,2,75
2020-07-16,1,2,70
2020-07-17,1,2,64
2020-07-18,1,2,60
2020-07-19,1,2,55
2020-07-20,1,2,57
2020-07-21,1,2,68
2020-07-22,1,2,75
2020-07-23,1,2,65
2020-07-24,1,2,57
2020-07-25,1,2,48
2020-07-26,1,2,63
2020-07-27,1,2,66
2020-07-28,1,2,71
2020-07-29,1,2,74
2020-07-30,1,2,67
2020-07-31,1,2,57
2020-08-01,1,2,53
2020-08-02,1,2,53
2020-08-03,1,2,71
2020-08-04,1,2,69
2020-08-05,1,2,66
2020-08-06,1,2,66
2020-08-07,1,2,53
2020-08-08,1,2,58
2020-08-09,1,2,51
2020-08-10,1,2,61
2020-08-11,1,2,70
2020-08-12,1,2,68
2020-08-13,1,2,63
2020-08-14,1,2,55
2020-08-15,1,2,51
2020-08-16,1,2,50
2020-08-17,1,2,56
2020-08-18,1,2,70
2020-08-19,1,2,65
2020-08-20,1,2,58
2020-08-21,1,2,52
2020-08-22,1,2,54
2020-08-23,1,2,54
2020-08-24,1,2,59
2020-08-25,1,2,62
2020-08-26,1,2,67
2020-08-27,1,2,58
2020-08-28,1,2,52
2020-08-29,1,2,53
2020-08-30,1,2,54
2020-08-31,1,2,52
2020-09-01,1,2,59
2020-09-02,1,2,64
2020-09-03,1,2,66
2020-09-04,1,2,45
2020-09-05,1,2,49
2020-09-06,1,2,44
2020-09-07,1,2,53
2020-09-08,1,2,60
2020-09-09,1,2,61
2020-09-10,1,2,57
2020-09-11,1,2,52
2020-09-12,1,2,45
2020-09-13,1,2,43
2020-09-14,1,2,58
2020-09-15,1,2,64
2020-09-16,1,2,66
2020-09-17,1,2,52
2020-09-18,1,2,53
2020-09-19,1,2,50
2020-09-20,1,2,44
2020-09-21,1,2,55
2020-09-22,1,2,60
2020-09-23,1,2,70
2020-09-24,1,2,66
2020-09-25,1,2,44
2020-09-26,1,2,57
2020-09-27,1,2,45
2020-09-28,1,2,59
2020-09-29,1,2,65
2020-09-30,1,2,58
2020-10-01,1,2,60
2020-10-02,1,2,51
2020-10-03,1,2,49
2020-10-04,1,2,49
2020-10-05,1,2,60
2020-10-06,1,2,61
2020-10-07,1,2,62
2020-10-08,1,2,63
2020-10-09,1,2,54
2020-10-10,1,2,50
2020-10-11,1,2,46
2020-10-12,1,2,51
2020-10-13,1,2,59
2020-10-14,1,2,61
2020-10-15,1,2,62
2020-10-16,1,2,56
2020-10-17,1,2,47
2020-10-18,1,2,55
2020-10-19,1,2,61
2020-10-20,1,2,63
2020-10-21,1,2,60
2020-10-22,1,2,66
2020-10-23,1,2,52
2020-10-24,1,2,49
2020-10-25,1,2,49
2020-10-26,1,2,53
2020-10-27,1,2,57
2020-10-28,1,2,67
2020-10-29,1,2,57
2020-10-30,1,2,66
2020-10-31,1,2,45
2020-11-01,1,2,46
2020-11-02,1,2,59
2020-11-03,1,2,70
2020-11-04,1,2,66
2020-11-05,1,2,64
2020-11-06,1,2,47
2020-11-07,1,2,48
2020-11-08,1,2,48
2020-11-09,1,2,51
2020-11-10,1,2,65
2020-11-11,1,2,58
2020-11-12,1,2,57
2020-11-13,1,2,54
2020-11-14,1,2,48
2020-11-15,1,2,55
2020-11-16,1,2,61
2020-11-17,1,2,70
2020-11-18,1,2,71
2020-11-19,1,2,68
2020-11-20,1,2,57
2020-11-21,1,2,54
2020-11-22,1,2,57
2020-11-23,1,2,62
2020-11-24,1,2,66
2020-11-25,1,2,68
2020-11-26,1,2,62
2020-11-27,1,2,60
2020-11-28,1,2,54
2020-11-29,1,2,54
2020-11-30,1,2,60
2020-12-01,1,2,64
2020-12-02,1,2,75
2020-12-03,1,2,67
2020-12-04,1,2,57
2020-12-05,1,2,59
2020-12-06,1,2,56
2020-12-07,1,2,59
2020-12-08,1,2,75
2020-12-09,1,2,71
2020-12-10,1,2,67
2020-12-11,1,2,62
2020-12-12,1,2,63
2020-12-13,1,2,60
2020-12-14,1,2,62
2020-12-15,1,2,75
2020-12-16,1,2,73
2020-12-17,1,2,78
2020-12-18,1,2,64
2020-12-19,1,2,51
2020-12-20,1,2,63
2020-12-21,1,2,76
2020-12-22,1,2,81
2020-12-23,1,2,84
2020-12-24,1,2,68
2020-12-25,1,2,69
2020-12-26,1,2,59
2020-12-27,1,2,64
2020-12-28,1,2,65
2020-12-29,1,2,74
2020-12-30,1,2,76
2020-12-31,1,2,78
2021-01-01,1,2,71
2021-01-02,1,2,64
2021-01-03,1,2,60
2021-01-04,1,2,70
2021-01-05,1,2,75
2021-01-06,1,2,83
2021-01-07,1,2,81
2021-01-08,1,2,73
2021-01-09,1,2,62
2021-01-10,1,2,56
2021-01-11,1,2,66
2021-01-12,1,2,86
2021-01-13,1,2,80
2021-01-14,1,2,75
2021-01-15,1,2,78
2021-01-16,1,2,72
2021-01-17,1,2,69
2021-01-18,1,2,74
2021-01-19,1,2,81
2021-01-20,1,2,85
2021-01-21,1,2,86
2021-01-22,1,2,75
2021-01-23,1,2,72
2021-01-24,1,2,75
2021-01-25,1,2,72
2021-01-26,1,2,87
2021-01-27,1,2,84
2021-01-28,1,2,71
2021-01-29,1,2,66
2021-01-30,1,2,66
2021-01-31,1,2,74
2021-02-01,1,2,79
2021-02-02,1,2,86
2021-02-03,1,2,95
2021-02-04,1,2,78
2021-02-05,1,2,76
2021-02-06,1,2,73
2021-02-07,1,2,71
2021-02-08,1,2,80
2021-02-09,1,2,80
2021-02-10,1,2,94
2021-02-11,1,2,82
2021-02-12,1,2,86
2021-02-13,1,2,73
2021-02-14,1,2,79
2021-02-15,1,2,81
2021-02-16,1,2,88
2021-02-17,1,2,88
2021-02-18,1,2,86
2021-02-19,1,2,80
2021-02-20,1,2,72
2021-02-21,1,2,76
2021-02-22,1,2,81
2021-02-23,1,2,99
2021-02-24,1,2,91
2021-02-25,1,2,93
2021-02-26,1,2,79
2021-02-27,1,2,77
2021-02-28,1,2,72
2021-03-01,1,2,82
2021-03-02,1,2,91
2021-03-03,1,2,98
2021-03-04,1,2,89
2021-03-05,1,2,87
2021-03-06,1,2,79
2021-03-07,1,2,85
2021-03-08,1,2,85
2021-03-09,1,2,101
2021-03-10,1,2,91
2021-03-11,1,2,86
2021-03-12,1,2,77
2021-03-13,1,2,87
2021-03-14,1,2,83
2021-03-15,1,2,84
2021-03-16,1,2,97
2021-03-17,1,2,96
2021-03-18,1,2,97
2021-03-19,1,2,76
2021-03-20,1,2,77
2021-03-21,1,2,78
2021-03-22,1,2,78
2021-03-23,1,2,97
2021-03-24,1,2,93
2021-03-25,1,2,93
2021-03-26,1,2,92
2021-03-27,1,2,77
2021-03-28,1,2,78
2021-03-29,1,2,87
2021-03-30,1,2,97
2021-03-31,1,2,92
2021-04-01,1,2,87
2021-04-02,1,2,87
2021-04-03,1,2,80
2021-04-04,1,2,72
2021-04-05,1,2,82
2021-04-06,1,2,99
2021-04-07,1,2,96
2021-04-08,1,2,87
2021-04-09,1,2,82
2021-04-10,1,2,79
2021-04-11,1,2,83
2021-04-12,1,2,81
2021-04-13,1,2,89
2021-04-14,1,2,95
2021-04-15,1,2,89
2021-04-16,1,2,85
2021-04-17,1,2,73
2021-04-18,1,2,81
2021-04-19,1,2,90
2021-04-20,1,2,94
2021-04-21,1,2,94
2021-04-22,1,2,89
2021-04-23,1,2,79
2021-04-24,1,2,77
2021-04-25,1,2,84
2021-04-26,1,2,85
2021-04-27,1,2,88
2021-04-28,1,2,91
2021-04-29,1,2,89
2021-04-30,1,2,80
2021-05-01,1,2,79
2021-05-02,1,2,81
2021-05-03,1,2,88
2021-05-04,1,2,96
2021-05-05,1,2,96
2021-05-06,1,2,84
2021-05-07,1,2,77
2021-05-08,1,2,76
2021-05-09,1,2,76
2021-05-10,1,2,79
2021-05-11,1,2,88
2021-05-12,1,2,89
2021-05-13,1,2,84
2021-05-14,1,2,78
2021-05-15,1,2,80
2021-05-16,1,2,77
2021-05-17,1,2,92
2021-05-18,1,2,89
2021-05-19,1,2,89
2021-05-20,1,2,85
2021-05-21,1,2,79
2021-05-22,1,2,76
2021-05-23,1,2,83
2021-05-24,1,2,78
2021-05-25,1,2,91
2021-05-26,1,2,89
2021-05-27,1,2,78
2021-05-28,1,2,80
2021-05-29,1,2,78
2021-05-30,1,2,70
2021-05-31,1,2,80
2021-06-01,1,2,79
2021-06-02,1,2,82
2021-06-03,1,2,87
2021-06-04,1,2,74
2021-06-05,1,2,67
2021-06-06,1,2,73
2021-06-07,1,2,76
2021-06-08,1,2,82
2021-06-09,1,2,89
2021-06-10,1,2,76
2021-06-11,1,2,70
2021-06-12,1,2,70
2021-06-13,1,2,75
2021-06-14,1,2,82
2021-06-15,1,2,80
2021-06-16,1,2,88
2021-06-17,1,2,76
2021-06-18,1,2,80
2021-06-19,1,2,63
2021-06-20,1,2,74
2021-06-21,1,2,72
2021-06-22,1,2,89
2021-06-23,1,2,85
2021-06-24,1,2,74
2021-06-25,1,2,68
2021-06-26,1,2,69
2021-06-27,1,2,71
2021-06-28,1,2,73
2021-06-29,1,2,79
2021-06-30,1,2,84
2021-07-01,1,2,77
2021-07-02,1,2,64
2021-07-03,1,2,61
2021-07-04,1,2,66
2021-07-05,1,2,76
2021-07-06,1,2,84
2021-07-07,1,2,82
2021-07-08,1,2,75
2021-07-09,1,2,70
2021-07-10,1,2,60
2021-07-11,1,2,63
2021-07-12,1,2,67
2021-07-13,1,2,71
2021-07-14,1,2,78
2021-07-15,1,2,73
2021-07-16,1,2,68
2021-07-17,1,2,63
2021-07-18,1,2,63
2021-07-19,1,2,70
2021-07-20,1,2,74
2021-07-21,1,2,77
2021-07-22,1,2,68
2021-07-23,1,2,65
2021-07-24,1,2,62
2021-07-25,1,2,58
2021-07-26,1,2,67
2021-07-27,1,2,70
2021-07-28,1,2,72
2021-07-29,1,2,65
2021-07-30,1,2,67
2021-07-31,1,2,62
2021-08-01,1,2,61
2021-08-02,1,2,73
2021-08-03,1,2,70
2021-08-04,1,2,85
2021-08-05,1,2,67
2021-08-06,1,2,62
2021-08-07,1,2,55
2021-08-08,1,2,59
2021-08-09,1,2,67
2021-08-10,1,2,69
2021-08-11,1,2,78
2021-08-12,1,2,67
2021-08-13,1,2,60
2021-08-14,1,2,51
2021-08-15,1,2,58
2021-08-16,1,2,62
2021-08-17,1,2,66
2021-08-18,1,2,67
2021-08-19,1,2,76
2021-08-20,1,2,57
2021-08-21,1,2,48
2021-08-22,1,2,52
2021-08-23,1,2,61
2021-08-24,1,2,69
2021-08-25,1,2,71
2021-08-26,1,2,67
2021-08-27,1,2,55
2021-08-28,1,2,54
2021-08-29,1,2,51
2021-08-30,1,2,58
2021-08-31,1,2,63
2021-09-01,1,2,63
2021-09-02,1,2,68
2021-09-03,1,2,59
2021-09-04,1,2,56
2021-09-05,1,2,53
2021-09-06,1,2,63
2021-09-07,1,2,59
2021-09-08,1,2,71
2021-09-09,1,2,63
2021-09-10,1,2,58
2021-09-11,1,2,53
2021-09-12,1,2,49
2021-09-13,1,2,53
2021-09-14,1,2,62
2021-09-15,1,2,69
2021-09-16,1,2,65
2021-09-17,1,2,50
2021-09-18,1,2,47
2021-09-19,1,2,49
2021-09-20,1,2,57
2021-09-21,1,2,59
2021-09-22,1,2,61
2021-09-23,1,2,59
2021-09-24,1,2,55
2021-09-25,1,2,46
2021-09-26,1,2,52
2021-09-27,1,2,63
2021-09-28,1,2,59
2021-09-29,1,2,65
2021-09-30,1,2,66
2021-10-01,1,2,53
2021-10-02,1,2,48
2021-10-03,1,2,57
2021-10-04,1,2,57
2021-10-05,1,2,69
2021-10-06,1,2,68
2021-10-07,1,2,61
2021-10-08,1,2,57
2021-10-09,1,2,52
2021-10-10,1,2,56
2021-10-11,1,2,56
2021-10-12,1,2,65
2021-10-13,1,2,66
2021-10-14,1,2,65
2021-10-15,1,2,51
2021-10-16,1,2,55
2021-10-17,1,2,55
2021-10-18,1,2,54
2021-10-19,1,2,70
2021-10-20,1,2,76
2021-10-21,1,2,67
2021-10-22,1,2,62
2021-10-23,1,2,52
2021-10-24,1,2,47
2021-10-25,1,2,53
2021-10-26,1,2,67
2021-10-27,1,2,66
2021-10-28,1,2,60
2021-10-29,1,2,57
2021-10-30,1,2,55
2021-10-31,1,2,49
2021-11-01,1,2,59
2021-11-02,1,2,73
2021-11-03,1,2,65
2021-11-04,1,2,68
2021-11-05,1,2,56
2021-11-06,1,2,56
2021-11-07,1,2,60
2021-11-08,1,2,65
2021-11-09,1,2,72
2021-11-10,1,2,65
2021-11-11,1,2,70
2021-11-12,1,2,56
2021-11-13,1,2,56
2021-11-14,1,2,58
2021-11-15,1,2,65
2021-11-16,1,2,71
2021-11-17,1,2,68
2021-11-18,1,2,62
2021-11-19,1,2,64
2021-11-20,1,2,57
2021-11-21,1,2,63
2021-11-22,1,2,64
2021-11-23,1,2,65
2021-11-24,1,2,77
2021-11-25,1,2,67
2021-11-26,1,2,63
2021-11-27,1,2,55
2021-11-28,1,2,66
2021-11-29,1,2,63
2021-11-30,1,2,71
2021-12-01,1,2,75
2021-12-02,1,2,66
2021-12-03,1,2,65
2021-12-04,1,2,66
2021-12-05,1,2,59
2021-12-06,1,2,69
2021-12-07,1,2,63
2021-12-08,1,2,76
2021-12-09,1,2,71
2021-12-10,1,2,62
2021-12-11,1,2,66
2021-12-12,1,2,62
2021-12-13,1,2,69
2021-12-14,1,2,75
2021-12-15,1,2,70
2021-12-16,1,2,69
2021-12-17,1,2,71
2021-12-18,1,2,55
2021-12-19,1,2,62
2021-12-20,1,2,70
2021-12-21,1,2,85
2021-12-22,1,2,83
2021-12-23,1,2,73
2021-12-24,1,2,74
2021-12-25,1,2,62
2021-12-26,1,2,71
2021-12-27,1,2,68
2021-12-28,1,2,84
2021-12-29,1,2,80
2021-12-30,1,2,73
2021-12-31,1,2,70
2022-01-01,1,2,68
2022-01-02,1,2,67
2022-01-03,1,2,77
2022-01-04,1,2,79
2022-01-05,1,2,86
2022-01-06,1,2,81
2022-01-07,1,2,72
2022-01-08,1,2,67
2022-01-09,1,2,71
2022-01-10,1,2,79
2022-01-11,1,2,92
2022-01-12,1,2,89
2022-01-13,1,2,85
2022-01-14,1,2,87
2022-01-15,1,2,73
2022-01-16,1,2,74
2022-01-17,1,2,82
2022-01-18,1,2,81
2022-01-19,1,2,85
2022-01-20,1,2,81
2022-01-21,1,2,79
2022-01-22,1,2,72
2022-01-23,1,2,75
2022-01-24,1,2,85
2022-01-25,1,2,90
2022-01-26,1,2,88
2022-01-27,1,2,82
2022-01-28,1,2,83
2022-01-29,1,2,77
2022-01-30,1,2,69
2022-01-31,1,2,81
2022-02-01,1,2,89
2022-02-02,1,2,94
2022-02-03,1,2,90
2022-02-04,1,2,81
2022-02-05,1,2,78
2022-02-06,1,2,78
2022-02-07,1,2,81
2022-02-08,1,2,89
2022-02-09,1,2,92
2022-02-10,1,2,88
2022-02-11,1,2,74
2022-02-12,1,2,75
2022-02-13,1,2,79
2022-02-14,1,2,84
2022-02-15,1,2,91
2022-02-16,1,2,95
2022-02-17,1,2,85
2022-02-18,1,2,76
2022-02-19,1,2,77
2022-02-20,1,2,83
2022-02-21,1,2,93
2022-02-22,1,2,96
2022-02-23,1,2,89
2022-02-24,1,2,90
2022-02-25,1,2,85
2022-02-26,1,2,80
2022-02-27,1,2,83
2022-02-28,1,2,84
2022-03-01,1,2,94
2022-03-02,1,2,97
2022-03-03,1,2,95
2022-03-04,1,2,81
2022-03-05,1,2,79
2022-03-06,1,2,71
2022-03-07,1,2,86
2022-03-08,1,2,93
2022-03-09,1,2,93
2022-03-10,1,2,93
2022-03-11,1,2,85
2022-03-12,1,2,72
2022-03-13,1,2,84
2022-03-14,1,2,86
2022-03-15,1,2,98
2022-03-16,1,2,92
2022-03-17,1,2,93
2022-03-18,1,2,85
2022-03-19,1,2,83
2022-03-20,1,2,84
2022-03-21,1,2,89
2022-03-22,1,2,90
2022-03-23,1,2,92
2022-03-24,1,2,91
2022-03-25,1,2,87
2022-03-26,1,2,80
2022-03-27,1,2,86
2022-03-28,1,2,89
2022-03-29,1,2,93
2022-03-30,1,2,97
2022-03-31,1,2,95
2022-04-01,1,2,88
2022-04-02,1,2,90
2022-04-03,1,2,81
2022-04-04,1,2,90
2022-04-05,1,2,98
2022-04-06,1,2,98
2022-04-07,1,2,92
2022-04-08,1,2,81
2022-04-09,1,2,80
2022-04-10,1,2,80
2022-04-11,1,2,83
2022-04-12,1,2,93
2022-04-13,1,2,94
2022-04-14,1,2,96
2022-04-15,1,2,89
2022-04-16,1,2,78
2022-04-17,1,2,83
2022-04-18,1,2,82
2022-04-19,1,2,94
2022-04-20,1,2,99
2022-04-21,1,2,96
2022-04-22,1,2,83
2022-04-23,1,2,86
2022-04-24,1,2,77
2022-04-25,1,2,84
2022-04-26,1,2,98
2022-04-27,1,2,104
2022-04-28,1,2,94
2022-04-29,1,2,85
2022-04-30,1,2,72
2022-05-01,1,2,74
2022-05-02,1,2,89
2022-05-03,1,2,93
2022-05-04,1,2,92
2022-05-05,1,2,92
2022-05-06,1,2,85
2022-05-07,1,2,84
2022-05-08,1,2,82
2022-05-09,1,2,92
2022-05-10,1,2,94
2022-05-11,1,2,95
2022-05-12,1,2,95
2022-05-13,1,2,80
2022-05-14,1,2,90
2022-05-15,1,2,82
2022-05-16,1,2,88
2022-05-17,1,2,95
2022-05-18,1,2,101
2022-05-19,1,2,93
2022-05-20,1,2,76
2022-05-21,1,2,83
2022-05-22,1,2,78
2022-05-23,1,2,86
2022-05-24,1,2,86
2022-05-25,1,2,95
2022-05-26,1,2,85
2022-05-27,1,2,81
2022-05-28,1,2,75
2022-05-29,1,2,85
2022-05-30,1,2,92
2022-05-31,1,2,90
2022-06-01,1,2,91
2022-06-02,1,2,85
2022-06-03,1,2,84
2022-06-04,1,2,74
2022-06-05,1,2,75
2022-06-06,1,2,86
2022-06-07,1,2,86
2022-06-08,1,2,89
2022-06-09,1,2,79
2022-06-10,1,2,81
2022-06-11,1,2,81
2022-06-12,1,2,78
2022-06-13,1,2,86
2022-06-14,1,2,83
2022-06-15,1,2,89
2022-06-16,1,2,80
2022-06-17,1,2,75
2022-06-18,1,2,75
2022-06-19,1,2,73
2022-06-20,1,2,73
2022-06-21,1,2,80
2022-06-22,1,2,81
2022-06-23,1,2,84
2022-06-24,1,2,83
2022-06-25,1,2,75
2022-06-26,1,2,64
2022-06-27,1,2,83
2022-06-28,1,2,87
2022-06-29,1,2,78
2022-06-30,1,2,79
2022-07-01,1,2,77
2022-07-02,1,2,70
2022-07-03,1,2,64
2022-07-04,1,2,78
2022-07-05,1,2,73
2022-07-06,1,2,82
2022-07-07,1,2,83
2022-07-08,1,2,71
2022-07-09,1,2,64
2022-07-10,1,2,71
2022-07-11,1,2,78
2022-07-12,1,2,85
2022-07-13,1,2,85
2022-07-14,1,2,81
2022-07-15,1,2,72
2022-07-16,1,2,66
2022-07-17,1,2,66
2022-07-18,1,2,71
2022-07-19,1,2,73
2022-07-20,1,2,76
2022-07-21,1,2,74
2022-07-22,1,2,69
2022-07-23,1,2,69
2022-07-24,1,2,64
2022-07-25,1,2,74
2022-07-26,1,2,81
2022-07-27,1,2,77
2022-07-28,1,2,76
2022-07-29,1,2,65
2022-07-30,1,2,67
2022-07-31,1,2,65
2022-08-01,1,2,64
2022-08-02,1,2,76
2022-08-03,1,2,83
2022-08-04,1,2,71
2022-08-05,1,2,66
2022-08-06,1,2,62
2022-08-07,1,2,57
2022-08-08,1,2,70
2022-08-09,1,2,68
2022-08-10,1,2,72
2022-08-11,1,2,75
2022-08-12,1,2,65
2022-08-13,1,2,58
2022-08-14,1,2,62
2022-08-15,1,2,66
2022-08-16,1,2,72
2022-08-17,1,2,76
2022-08-18,1,2,66
2022-08-19,1,2,62
2022-08-20,1,2,56
2022-08-21,1,2,53
2022-08-22,1,2,61
2022-08-23,1,2,77
2022-08-24,1,2,74
2022-08-25,1,2,63
2022-08-26,1,2,55
2022-08-27,1,2,56
2022-08-28,1,2,64
2022-08-29,1,2,63
2022-08-30,1,2,75
2022-08-31,1,2,73
2022-09-01,1,2,69
2022-09-02,1,2,55
2022-09-03,1,2,59
2022-09-04,1,2,56
2022-09-05,1,2,67
2022-09-06,1,2,66
2022-09-07,1,2,72
2022-09-08,1,2,68
2022-09-09,1,2,59
2022-09-10,1,2,57
2022-09-11,1,2,55
2022-09-12,1,2,60
2022-09-13,1,2,75
2022-09-14,1,2,75
2022-09-15,1,2,63
2022-09-16,1,2,61
2022-09-17,1,2,52
2022-09-18,1,2,51
2022-09-19,1,2,66
2022-09-20,1,2,62
2022-09-21,1,2,74
2022-09-22,1,2,65
2022-09-23,1,2,58
2022-09-24,1,2,56
2022-09-25,1,2,58
2022-09-26,1,2,59
2022-09-27,1,2,71
2022-09-28,1,2,70
2022-09-29,1,2,60
2022-09-30,1,2,58
2022-10-01,1,2,60
2022-10-02,1,2,63
2022-10-03,1,2,65
2022-10-04,1,2,64
2022-10-05,1,2,72
2022-10-06,1,2,69
2022-10-07,1,2,62
2022-10-08,1,2,58
2022-10-09,1,2,57
2022-10-10,1,2,62
2022-10-11,1,2,66
2022-10-12,1,2,63
2022-10-13,1,2,67
2022-10-14,1,2,60
2022-10-15,1,2,57
2022-10-16,1,2,51
2022-10-17,1,2,65
2022-10-18,1,2,77
2022-10-19,1,2,71
2022-10-20,1,2,66
2022-10-21,1,2,61
2022-10-22,1,2,64
2022-10-23,1,2,53
2022-10-24,1,2,64
2022-10-25,1,2,67
2022-10-26,1,2,69
2022-10-27,1,2,67
2022-10-28,1,2,66
2022-10-29,1,2,63
2022-10-30,1,2,60
2022-10-31,1,2,63
2022-11-01,1,2,81
2022-11-02,1,2,71
2022-11-03,1,2,66
2022-11-04,1,2,54
2022-11-05,1,2,63
2022-11-06,1,2,63
2022-11-07,1,2,75
2022-11-08,1,2,66
2022-11-09,1,2,79
2022-11-10,1,2,70
2022-11-11,1,2,66
2022-11-12,1,2,52
2022-11-13,1,2,66
2022-11-14,1,2,70
2022-11-15,1,2,73
2022-11-16,1,2,77
2022-11-17,1,2,68
2022-11-18,1,2,62
2022-11-19,1,2,58
2022-11-20,1,2,54
2022-11-21,1,2,72
2022-11-22,1,2,79
2022-11-23,1,2,73
2022-11-24,1,2,74
2022-11-25,1,2,64
2022-11-26,1,2,63
2022-11-27,1,2,61
2022-11-28,1,2,66
2022-11-29,1,2,80
2022-11-30,1,2,78
2022-12-01,1,2,82
2022-12-02,1,2,67
2022-12-03,1,2,59
2022-12-04,1,2,70
2022-12-05,1,2,74
2022-12-06,1,2,81
2022-12-07,1,2,84
2022-12-08,1,2,73
2022-12-09,1,2,68
2022-12-10,1,2,64
2022-12-11,1,2,61
2022-12-12,1,2,72
2022-12-13,1,2,85
2022-12-14,1,2,82
2022-12-15,1,2,72
2022-12-16,1,2,64
2022-12-17,1,2,73
2022-12-18,1,2,68
2022-12-19,1,2,72
2022-12-20,1,2,80
2022-12-21,1,2,77
2022-12-22,1,2,85
2022-12-23,1,2,71
2022-12-24,1,2,74
2022-12-25,1,2,70
2022-12-26,1,2,82
2022-12-27,1,2,84
2022-12-28,1,2,88
2022-12-29,1,2,84
2022-12-30,1,2,77
2022-12-31,1,2,72
2018-01-01,1,3,37
2018-01-02,1,3,47
2018-01-03,1,3,49
2018-01-04,1,3,47
2018-01-05,1,3,37
2018-01-06,1,3,35
2018-01-07,1,3,35
2018-01-08,1,3,36
2018-01-09,1,3,49
2018-01-10,1,3,46
2018-01-11,1,3,40
2018-01-12,1,3,41
2018-01-13,1,3,38
2018-01-14,1,3,40
2018-01-15,1,3,47
2018-01-16,1,3,43
2018-01-17,1,3,47
2018-01-18,1,3,56
2018-01-19,1,3,38
2018-01-20,1,3,40
2018-01-21,1,3,37
2018-01-22,1,3,46
2018-01-23,1,3,50
2018-01-24,1,3,57
2018-01-25,1,3,51
2018-01-26,1,3,42
2018-01-27,1,3,35
2018-01-28,1,3,42
2018-01-29,1,3,43
2018-01-30,1,3,56
2018-01-31,1,3,66
2018-02-01,1,3,57
2018-02-02,1,3,48
2018-02-03,1,3,41
2018-02-04,1,3,35
2018-02-05,1,3,44
2018-02-06,1,3,61
2018-02-07,1,3,54
2018-02-08,1,3,51
2018-02-09,1,3,46
2018-02-10,1,3,38
2018-02-11,1,3,39
2018-02-12,1,3,50
2018-02-13,1,3,54
2018-02-14,1,3,56
2018-02-15,1,3,52
2018-02-16,1,3,50
2018-02-17,1,3,43
2018-02-18,1,3,45
2018-02-19,1,3,54
2018-02-20,1,3,58
2018-02-21,1,3,59
2018-02-22,1,3,58
2018-02-23,1,3,52
2018-02-24,1,3,44
2018-02-25,1,3,47
2018-02-26,1,3,50
2018-02-27,1,3,56
2018-02-28,1,3,64
2018-03-01,1,3,59
2018-03-02,1,3,52
2018-03-03,1,3,47
2018-03-04,1,3,48
2018-03-05,1,3,57
2018-03-06,1,3,64
2018-03-07,1,3,66
2018-03-08,1,3,57
2018-03-09,1,3,57
2018-03-10,1,3,48
2018-03-11,1,3,51
2018-03-12,1,3,56
2018-03-13,1,3,62
2018-03-14,1,3,60
2018-03-15,1,3,61
2018-03-16,1,3,63
2018-03-17,1,3,46
2018-03-18,1,3,49
2018-03-19,1,3,54
2018-03-20,1,3,60
2018-03-21,1,3,69
2018-03-22,1,3,56
2018-03-23,1,3,50
2018-03-24,1,3,41
2018-03-25,1,3,46
2018-03-26,1,3,49
2018-03-27,1,3,64
2018-03-28,1,3,75
2018-03-29,1,3,58
2018-03-30,1,3,46
2018-03-31,1,3,52
2018-04-01,1,3,47
2018-04-02,1,3,61
2018-04-03,1,3,61
2018-04-04,1,3,61
2018-04-05,1,3,58
2018-04-06,1,3,55
2018-04-07,1,3,47
2018-04-08,1,3,47
2018-04-09,1,3,55
2018-04-10,1,3,57
2018-04-11,1,3,65
2018-04-12,1,3,52
2018-04-13,1,3,50
2018-04-14,1,3,51
2018-04-15,1,3,50
2018-04-16,1,3,58
2018-04-17,1,3,61
2018-04-18,1,3,68
2018-04-19,1,3,62
2018-04-20,1,3,53
2018-04-21,1,3,51
2018-04-22,1,3,52
2018-04-23,1,3,53
2018-04-24,1,3,56
2018-04-25,1,3,64
2018-04-26,1,3,60
2018-04-27,1,3,55
2018-04-28,1,3,43
2018-04-29,1,3,44
2018-04-30,1,3,56
2018-05-01,1,3,60
2018-05-02,1,3,54
2018-05-03,1,3,59
2018-05-04,1,3,43
2018-05-05,1,3,42
2018-05-06,1,3,52
2018-05-07,1,3,60
2018-05-08,1,3,54
2018-05-09,1,3,59
2018-05-10,1,3,56
2018-05-11,1,3,56
2018-05-12,1,3,43
2018-05-13,1,3,44
2018-05-14,1,3,58
2018-05-15,1,3,57
2018-05-16,1,3,62
2018-05-17,1,3,49
2018-05-18,1,3,47
2018-05-19,1,3,37
2018-05-20,1,3,40
2018-05-21,1,3,54
2018-05-22,1,3,57
2018-05-23,1,3,57
2018-05-24,1,3,51
2018-05-25,1,3,46
2018-05-26,1,3,43
2018-05-27,1,3,47
2018-05-28,1,3,39
2018-05-29,1,3,52
2018-05-30,1,3,57
2018-05-31,1,3,52
2018-06-01,1,3,47
2018-06-02,1,3,42
2018-06-03,1,3,41
2018-06-04,1,3,46
2018-06-05,1,3,53
2018-06-06,1,3,60
2018-06-07,1,3,48
2018-06-08,1,3,43
2018-06-09,1,3,40
2018-06-10,1,3,46
2018-06-11,1,3,45
2018-06-12,1,3,56
2018-06-13,1,3,58
2018-06-14,1,3,49
2018-06-15,1,3,41
2018-06-16,1,3,36
2018-06-17,1,3,37
2018-06-18,1,3,48
2018-06-19,1,3,51
2018-06-20,1,3,53
2018-06-21,1,3,43
2018-06-22,1,3,36
2018-06-23,1,3,44
2018-06-24,1,3,36
2018-06-25,1,3,40
2018-06-26,1,3,54
2018-06-27,1,3,51
2018-06-28,1,3,48
2018-06-29,1,3,38
2018-06-30,1,3,32
2018-07-01,1,3,34
2018-07-02,1,3,35
2018-07-03,1,3,47
2018-07-04,1,3,49
2018-07-05,1,3,51
2018-07-06,1,3,37
2018-07-07,1,3,23
2018-07-08,1,3,33
2018-07-09,1,3,50
2018-07-10,1,3,49
2018-07-11,1,3,43
2018-07-12,1,3,44
2018-07-13,1,3,32
2018-07-14,1,3,25
2018-07-15,1,3,30
2018-07-16,1,3,38
2018-07-17,1,3,36
2018-07-18,1,3,40
2018-07-19,1,3,40
2018-07-20,1,3,31
2018-07-21,1,3,30
2018-07-22,1,3,25
2018-07-23,1,3,39
2018-07-24,1,3,37
2018-07-25,1,3,50
2018-07-26,1,3,32
2018-07-27,1,3,27
2018-07-28,1,3,28
2018-07-29,1,3,35
2018-07-30,1,3,35
2018-07-31,1,3,42
2018-08-01,1,3,42
2018-08-02,1,3,33
2018-08-03,1,3,28
2018-08-04,1,3,20
2018-08-05,1,3,21
2018-08-06,1,3,34
2018-08-07,1,3,34
2018-08-08,1,3,41
2018-08-09,1,3,30
2018-08-10,1,3,29
2018-08-11,1,3,22
2018-08-12,1,3,31
2018-08-13,1,3,32
2018-08-14,1,3,42
2018-08-15,1,3,36
2018-08-16,1,3,34
2018-08-17,1,3,23
2018-08-18,1,3,21
2018-08-19,1,3,23
2018-08-20,1,3,27
2018-08-21,1,3,31
2018-08-22,1,3,32
2018-08-23,1,3,24
2018-08-24,1,3,22
2018-08-25,1,3,24
2018-08-26,1,3,16
2018-08-27,1,3,23
2018-08-28,1,3,42
2018-08-29,1,3,34
2018-08-30,1,3,33
2018-08-31,1,3,27
2018-09-01,1,3,23
2018-09-02,1,3,16
2018-09-03,1,3,27
2018-09-04,1,3,28
2018-09-05,1,3,45
2018-09-06,1,3,25
2018-09-07,1,3,20
2018-09-08,1,3,15
2018-09-09,1,3,15
2018-09-10,1,3,33
2018-09-11,1,3,43
2018-09-12,1,3,33
2018-09-13,1,3,25
2018-09-14,1,3,15
2018-09-15,1,3,18
2018-09-16,1,3,19
2018-09-17,1,3,24
2018-09-18,1,3,34
2018-09-19,1,3,36
2018-09-20,1,3,31
2018-09-21,1,3,22
2018-09-22,1,3,14
2018-09-23,1,3,23
2018-09-24,1,3,27
2018-09-25,1,3,36
2018-09-26,1,3,37
2018-09-27,1,3,24
2018-09-28,1,3,17
2018-09-29,1,3,16
2018-09-30,1,3,16
2018-10-01,1,3,29
2018-10-02,1,3,34
2018-10-03,1,3,39
2018-10-04,1,3,31
2018-10-05,1,3,24
2018-10-06,1,3,23
2018-10-07,1,3,22
2018-10-08,1,3,27
2018-10-09,1,3,39
2018-10-10,1,3,35
2018-10-11,1,3,29
2018-10-12,1,3,20
2018-10-13,1,3,22
2018-10-14,1,3,26
2018-10-15,1,3,27
2018-10-16,1,3,38
2018-10-17,1,3,27
2018-10-18,1,3,30
2018-10-19,1,3,24
2018-10-20,1,3,17
2018-10-21,1,3,31
2018-10-22,1,3,27
2018-10-23,1,3,32
2018-10-24,1,3,36
2018-10-25,1,3,23
2018-10-26,1,3,21
2018-10-27,1,3,24
2018-10-28,1,3,19
2018-10-29,1,3,25
2018-10-30,1,3,40
2018-10-31,1,3,42
2018-11-01,1,3,34
2018-11-02,1,3,23
2018-11-03,1,3,20
2018-11-04,1,3,20
2018-11-05,1,3,25
2018-11-06,1,3,31
2018-11-07,1,3,35
2018-11-08,1,3,29
2018-11-09,1,3,20
2018-11-10,1,3,23
2018-11-11,1,3,25
2018-11-12,1,3,37
2018-11-13,1,3,34
2018-11-14,1,3,40
2018-11-15,1,3,36
2018-11-16,1,3,27
2018-11-17,1,3,26
2018-11-18,1,3,28
2018-11-19,1,3,33
2018-11-20,1,3,37
2018-11-21,1,3,38
2018-11-22,1,3,30
2018-11-23,1,3,26
2018-11-24,1,3,22
2018-11-25,1,3,22
2018-11-26,1,3,35
2018-11-27,1,3,44
2018-11-28,1,3,38
2018-11-29,1,3,38
2018-11-30,1,3,26
2018-12-01,1,3,25
2018-12-02,1,3,25
2018-12-03,1,3,37
2018-12-04,1,3,38
2018-12-05,1,3,47
2018-12-06,1,3,38
2018-12-07,1,3,30
2018-12-08,1,3,23
2018-12-09,1,3,31
2018-12-10,1,3,40
2018-12-11,1,3,44
2018-12-12,1,3,54
2018-12-13,1,3,46
2018-12-14,1,3,33
2018-12-15,1,3,28
2018-12-16,1,3,33
2018-12-17,1,3,35
2018-12-18,1,3,49
2018-12-19,1,3,48
2018-12-20,1,3,43
2018-12-21,1,3,38
2018-12-22,1,3,38
2018-12-23,1,3,34
2018-12-24,1,3,39
2018-12-25,1,3,52
2018-12-26,1,3,52
2018-12-27,1,3,43
2018-12-28,1,3,37
2018-12-29,1,3,34
2018-12-30,1,3,37
2018-12-31,1,3,36
2019-01-01,1,3,42
2019-01-02,1,3,46
2019-01-03,1,3,42
2019-01-04,1,3,37
2019-01-05,1,3,38
2019-01-06,1,3,36
2019-01-07,1,3,44
2019-01-08,1,3,45
2019-01-09,1,3,50
2019-01-10,1,3,50
2019-01-11,1,3,43
2019-01-12,1,3,34
2019-01-13,1,3,39
2019-01-14,1,3,54
2019-01-15,1,3,52
2019-01-16,1,3,51
2019-01-17,1,3,49
2019-01-18,1,3,43
2019-01-19,1,3,38
2019-01-20,1,3,40
2019-01-21,1,3,41
2019-01-22,1,3,50
2019-01-23,1,3,55
2019-01-24,1,3,51
2019-01-25,1,3,42
2019-01-26,1,3,40
2019-01-27,1,3,43
2019-01-28,1,3,52
2019-01-29,1,3,55
2019-01-30,1,3,59
2019-01-31,1,3,51
2019-02-01,1,3,48
2019-02-02,1,3,44
2019-02-03,1,3,47
2019-02-04,1,3,53
2019-02-05,1,3,59
2019-02-06,1,3,58
2019-02-07,1,3,55
2019-02-08,1,3,52
2019-02-09,1,3,41
2019-02-10,1,3,43
2019-02-11,1,3,52
2019-02-12,1,3,60
2019-02-13,1,3,57
2019-02-14,1,3,56
2019-02-15,1,3,49
2019-02-16,1,3,36
2019-02-17,1,3,46
2019-02-18,1,3,52
2019-02-19,1,3,59
2019-02-20,1,3,67
2019-02-21,1,3,52
2019-02-22,1,3,47
2019-02-23,1,3,36
2019-02-24,1,3,46
2019-02-25,1,3,53
2019-02-26,1,3,59
2019-02-27,1,3,67
2019-02-28,1,3,62
2019-03-01,1,3,52
2019-03-02,1,3,46
2019-03-03,1,3,53
2019-03-04,1,3,55
2019-03-05,1,3,58
2019-03-06,1,3,56
2019-03-07,1,3,57
2019-03-08,1,3,55
2019-03-09,1,3,57
2019-03-10,1,3,50
2019-03-11,1,3,53
2019-03-12,1,3,58
2019-03-13,1,3,66
2019-03-14,1,3,53
2019-03-15,1,3,55
2019-03-16,1,3,52
2019-03-17,1,3,52
2019-03-18,1,3,56
2019-03-19,1,3,65
2019-03-20,1,3,65
2019-03-21,1,3,57
2019-03-22,1,3,61
2019-03-23,1,3,48
2019-03-24,1,3,54
2019-03-25,1,3,47
2019-03-26,1,3,68
2019-03-27,1,3,71
2019-03-28,1,3,61
2019-03-29,1,3,56
2019-03-30,1,3,51
2019-03-31,1,3,48
2019-04-01,1,3,59
2019-04-02,1,3,60
2019-04-03,1,3,62
2019-04-04,1,3,65
2019-04-05,1,3,57
2019-04-06,1,3,46
2019-04-07,1,3,48
2019-04-08,1,3,54
2019-04-09,1,3,66
2019-04-10,1,3,61
2019-04-11,1,3,62
2019-04-12,1,3,56
2019-04-13,1,3,49
2019-04-14,1,3,54
2019-04-15,1,3,55
2019-04-16,1,3,62
2019-04-17,1,3,60
2019-04-18,1,3,64
2019-04-19,1,3,50
2019-04-20,1,3,50
2019-04-21,1,3,50
2019-04-22,1,3,52
2019-04-23,1,3,60
2019-04-24,1,3,69
2019-04-25,1,3,60
2019-04-26,1,3,48
2019-04-27,1,3,49
2019-04-28,1,3,49
2019-04-29,1,3,69
2019-04-30,1,3,63
2019-05-01,1,3,61
2019-05-02,1,3,64
2019-05-03,1,3,44
2019-05-04,1,3,47
2019-05-05,1,3,56
2019-05-06,1,3,54
2019-05-07,1,3,54
2019-05-08,1,3,60
2019-05-09,1,3,63
2019-05-10,1,3,52
2019-05-11,1,3,43
2019-05-12,1,3,45
2019-05-13,1,3,51
2019-05-14,1,3,61
2019-05-15,1,3,66
2019-05-16,1,3,61
2019-05-17,1,3,51
2019-05-18,1,3,39
2019-05-19,1,3,41
2019-05-20,1,3,54
2019-05-21,1,3,53
2019-05-22,1,3,59
2019-05-23,1,3,56
2019-05-24,1,3,43
2019-05-25,1,3,39
2019-05-26,1,3,44
2019-05-27,1,3,53
2019-05-28,1,3,61
2019-05-29,1,3,61
2019-05-30,1,3,54
2019-05-31,1,3,44
2019-06-01,1,3,38
2019-06-02,1,3,41
2019-06-03,1,3,51
2019-06-04,1,3,57
2019-06-05,1,3,48
2019-06-06,1,3,49
2019-06-07,1,3,50
2019-06-08,1,3,41
2019-06-09,1,3,36
2019-06-10,1,3,57
2019-06-11,1,3,54
2019-06-12,1,3,57
2019-06-13,1,3,52
2019-06-14,1,3,42
2019-06-15,1,3,36
2019-06-16,1,3,48
2019-06-17,1,3,50
2019-06-18,1,3,55
2019-06-19,1,3,56
2019-06-20,1,3,45
2019-06-21,1,3,47
2019-06-22,1,3,34
2019-06-23,1,3,39
2019-06-24,1,3,38
2019-06-25,1,3,42
2019-06-26,1,3,53
2019-06-27,1,3,44
2019-06-28,1,3,32
2019-06-29,1,3,37
2019-06-30,1,3,45
2019-07-01,1,3,48
2019-07-02,1,3,47
2019-07-03,1,3,50
2019-07-04,1,3,49
2019-07-05,1,3,42
2019-07-06,1,3,32
2019-07-07,1,3,35
2019-07-08,1,3,42
2019-07-09,1,3,49
2019-07-10,1,3,47
2019-07-11,1,3,43
2019-07-12,1,3,42
2019-07-13,1,3,36
2019-07-14,1,3,35
2019-07-15,1,3,46
2019-07-16,1,3,43
2019-07-17,1,3,53
2019-07-18,1,3,44
2019-07-19,1,3,48
2019-07-20,1,3,25
2019-07-21,1,3,28
2019-07-22,1,3,39
2019-07-23,1,3,45
2019-07-24,1,3,52
2019-07-25,1,3,37
2019-07-26,1,3,36
2019-07-27,1,3,33
2019-07-28,1,3,32
2019-07-29,1,3,32
2019-07-30,1,3,47
2019-07-31,1,3,48
2019-08-01,1,3,41
2019-08-02,1,3,32
2019-08-03,1,3,28
2019-08-04,1,3,28
2019-08-05,1,3,37
2019-08-06,1,3,40
2019-08-07,1,3,38
2019-08-08,1,3,33
2019-08-09,1,3,27
2019-08-10,1,3,26
2019-08-11,1,3,26
2019-08-12,1,3,34
2019-08-13,1,3,41
2019-08-14,1,3,38
2019-08-15,1,3,41
2019-08-16,1,3,27
2019-08-17,1,3,22
2019-08-18,1,3,27
2019-08-19,1,3,24
2019-08-20,1,3,34
2019-08-21,1,3,43
2019-08-22,1,3,27
2019-08-23,1,3,32
2019-08-24,1,3,29
2019-08-25,1,3,23
2019-08-26,1,3,31
2019-08-27,1,3,41
2019-08-28,1,3,36
2019-08-29,1,3,37
2019-08-30,1,3,24
2019-08-31,1,3,20
2019-09-01,1,3,20
2019-09-02,1,3,31
2019-09-03,1,3,40
2019-09-04,1,3,36
2019-09-05,1,3,27
2019-09-06,1,3,21
2019-09-07,1,3,23
2019-09-08,1,3,30
2019-09-09,1,3,30
2019-09-10,1,3,33
2019-09-11,1,3,39
2019-09-12,1,3,31
2019-09-13,1,3,23
2019-09-14,1,3,17
2019-09-15,1,3,28
2019-09-16,1,3,18
2019-09-17,1,3,37
2019-09-18,1,3,34
2019-09-19,1,3,30
2019-09-20,1,3,31
2019-09-21,1,3,17
2019-09-22,1,3,19
2019-09-23,1,3,27
2019-09-24,1,3,36
2019-09-25,1,3,34
2019-09-26,1,3,25
2019-09-27,1,3,21
2019-09-28,1,3,25
2019-09-29,1,3,22
2019-09-30,1,3,29
2019-10-01,1,3,33
2019-10-02,1,3,33
2019-10-03,1,3,38
2019-10-04,1,3,23
2019-10-05,1,3,18
2019-10-06,1,3,26
2019-10-07,1,3,25
2019-10-08,1,3,32
2019-10-09,1,3,36
2019-10-10,1,3,31
2019-10-11,1,3,25
2019-10-12,1,3,29
2019-10-13,1,3,23
2019-10-14,1,3,19
2019-10-15,1,3,36
2019-10-16,1,3,36
2019-10-17,1,3,32
2019-10-18,1,3,26
2019-10-19,1,3,21
2019-10-20,1,3,22
2019-10-21,1,3,31
2019-10-22,1,3,33
2019-10-23,1,3,33
2019-10-24,1,3,44
2019-10-25,1,3,23
2019-10-26,1,3,22
2019-10-27,1,3,17
2019-10-28,1,3,30
2019-10-29,1,3,32
2019-10-30,1,3,36
2019-10-31,1,3,37
2019-11-01,1,3,28
2019-11-02,1,3,24
2019-11-03,1,3,17
2019-11-04,1,3,38
2019-11-05,1,3,32
2019-11-06,1,3,45
2019-11-07,1,3,38
2019-11-08,1,3,30
2019-11-09,1,3,20
2019-11-10,1,3,26
2019-11-11,1,3,30
2019-11-12,1,3,38
2019-11-13,1,3,39
2019-11-14,1,3,27
2019-11-15,1,3,33
2019-11-16,1,3,24
2019-11-17,1,3,24
2019-11-18,1,3,30
2019-11-19,1,3,41
2019-11-20,1,3,37
2019-11-21,1,3,28
2019-11-22,1,3,32
2019-11-23,1,3,28
2019-11-24,1,3,27
2019-11-25,1,3,30
2019-11-26,1,3,41
2019-11-27,1,3,37
2019-11-28,1,3,34
2019-11-29,1,3,29
2019-11-30,1,3,31
2019-12-01,1,3,28
2019-12-02,1,3,34
2019-12-03,1,3,50
2019-12-04,1,3,45
2019-12-05,1,3,41
2019-12-06,1,3,32
2019-12-07,1,3,27
2019-12-08,1,3,22
2019-12-09,1,3,41
2019-12-10,1,3,46
2019-12-11,1,3,45
2019-12-12,1,3,41
2019-12-13,1,3,38
2019-12-14,1,3,25
2019-12-15,1,3,30
2019-12-16,1,3,35
2019-12-17,1,3,53
2019-12-18,1,3,51
2019-12-19,1,3,35
2019-12-20,1,3,31
2019-12-21,1,3,32
2019-12-22,1,3,32
2019-12-23,1,3,36
2019-12-24,1,3,55
2019-12-25,1,3,50
2019-12-26,1,3,47
2019-12-27,1,3,36
2019-12-28,1,3,37
2019-12-29,1,3,35
2019-12-30,1,3,42
2019-12-31,1,3,52
2020-01-01,1,3,45
2020-01-02,1,3,53
2020-01-03,1,3,41
2020-01-04,1,3,41
2020-01-05,1,3,34
2020-01-06,1,3,41
2020-01-07,1,3,46
2020-01-08,1,3,54
2020-01-09,1,3,49
2020-01-10,1,3,40
2020-01-11,1,3,34
2020-01-12,1,3,35
2020-01-13,1,3,46
2020-01-14,1,3,51
2020-01-15,1,3,52
2020-01-16,1,3,57
2020-01-17,1,3,44
2020-01-18,1,3,45
2020-01-19,1,3,39
2020-01-20,1,3,49
2020-01-21,1,3,54
2020-01-22,1,3,50
2020-01-23,1,3,58
2020-01-24,1,3,45
2020-01-25,1,3,44
2020-01-26,1,3,40
2020-01-27,1,3,49
2020-01-28,1,3,53
2020-01-29,1,3,63
2020-01-30,1,3,55
2020-01-31,1,3,49
2020-02-01,1,3,49
2020-02-02,1,3,50
2020-02-03,1,3,54
2020-02-04,1,3,52
2020-02-05,1,3,57
2020-02-06,1,3,51
2020-02-07,1,3,52
2020-02-08,1,3,45
2020-02-09,1,3,41
2020-02-10,1,3,52
2020-02-11,1,3,53
2020-02-12,1,3,61
2020-02-13,1,3,50
2020-02-14,1,3,52
2020-02-15,1,3,48
2020-02-16,1,3,55
2020-02-17,1,3,58
2020-02-18,1,3,59
2020-02-19,1,3,66
2020-02-20,1,3,53
2020-02-21,1,3,48
2020-02-22,1,3,49
2020-02-23,1,3,40
2020-02-24,1,3,55
2020-02-25,1,3,58
2020-02-26,1,3,64
2020-02-27,1,3,55
2020-02-28,1,3,54
2020-02-29,1,3,48
2020-03-01,1,3,56
2020-03-02,1,3,56
2020-03-03,1,3,60
2020-03-04,1,3,63
2020-03-05,1,3,55
2020-03-06,1,3,55
2020-03-07,1,3,51
2020-03-08,1,3,61
2020-03-09,1,3,55
2020-03-10,1,3,62
2020-03-11,1,3,63
2020-03-12,1,3,62
2020-03-13,1,3,56
2020-03-14,1,3,50
2020-03-15,1,3,56
2020-03-16,1,3,55
2020-03-17,1,3,68
2020-03-18,1,3,68
2020-03-19,1,3,61
2020-03-20,1,3,53
2020-03-21,1,3,60
2020-03-22,1,3,49
2020-03-23,1,3,59
2020-03-24,1,3,61
2020-03-25,1,3,73
2020-03-26,1,3,65
2020-03-27,1,3,52
2020-03-28,1,3,53
2020-03-29,1,3,53
2020-03-30,1,3,56
2020-03-31,1,3,68
2020-04-01,1,3,68
2020-04-02,1,3,63
2020-04-03,1,3,55
2020-04-04,1,3,52
2020-04-05,1,3,53
2020-04-06,1,3,58
2020-04-07,1,3,62
2020-04-08,1,3,73
2020-04-09,1,3,57
2020-04-10,1,3,56
2020-04-11,1,3,49
2020-04-12,1,3,59
2020-04-13,1,3,54
2020-04-14,1,3,61
2020-04-15,1,3,62
2020-04-16,1,3,63
2020-04-17,1,3,49
2020-04-18,1,3,48
2020-04-19,1,3,43
2020-04-20,1,3,58
2020-04-21,1,3,62
2020-04-22,1,3,59
2020-04-23,1,3,65
2020-04-24,1,3,48
2020-04-25,1,3,52
2020-04-26,1,3,48
2020-04-27,1,3,63
2020-04-28,1,3,66
2020-04-29,1,3,60
2020-04-30,1,3,56
2020-05-01,1,3,55
2020-05-02,1,3,47
2020-05-03,1,3,49
2020-05-04,1,3,61
2020-05-05,1,3,59
2020-05-06,1,3,64
2020-05-07,1,3,63
2020-05-08,1,3,55
2020-05-09,1,3,47
2020-05-10,1,3,48
2020-05-11,1,3,48
2020-05-12,1,3,57
2020-05-13,1,3,64
2020-05-14,1,3,57
2020-05-15,1,3,51
2020-05-16,1,3,50
2020-05-17,1,3,43
2020-05-18,1,3,53
2020-05-19,1,3,60
2020-05-20,1,3,58
2020-05-21,1,3,62
2020-05-22,1,3,53
2020-05-23,1,3,46
2020-05-24,1,3,53
2020-05-25,1,3,46
2020-05-26,1,3,58
2020-05-27,1,3,61
2020-05-28,1,3,51
2020-05-29,1,3,49
2020-05-30,1,3,39
2020-05-31,1,3,48
2020-06-01,1,3,55
2020-06-02,1,3,58
2020-06-03,1,3,51
2020-06-04,1,3,50
2020-06-05,1,3,49
2020-06-06,1,3,42
2020-06-07,1,3,32
2020-06-08,1,3,54
2020-06-09,1,3,56
2020-06-10,1,3,53
2020-06-11,1,3,56
2020-06-12,1,3,42
2020-06-13,1,3,37
2020-06-14,1,3,43
2020-06-15,1,3,55
2020-06-16,1,3,60
2020-06-17,1,3,56
2020-06-18,1,3,52
2020-06-19,1,3,46
2020-06-20,1,3,33
2020-06-21,1,3,42
2020-06-22,1,3,43
2020-06-23,1,3,53
2020-06-24,1,3,52
2020-06-25,1,3,50
2020-06-26,1,3,42
2020-06-27,1,3,24
2020-06-28,1,3,39
2020-06-29,1,3,47
2020-06-30,1,3,52
2020-07-01,1,3,51
2020-07-02,1,3,53
2020-07-03,1,3,41
2020-07-04,1,3,37
2020-07-05,1,3,40
2020-07-06,1,3,44
2020-07-07,1,3,45
2020-07-08,1,3,40
2020-07-09,1,3,43
2020-07-10,1,3,41
2020-07-11,1,3,32
2020-07-12,1,3,38
2020-07-13,1,3,41
2020-07-14,1,3,52
2020-07-15,1,3,47
2020-07-16,1,3,45
2020-07-17,1,3,38
2020-07-18,1,3,37
2020-07-19,1,3,26
2020-07-20,1,3,37
2020-07-21,1,3,48
2020-07-22,1,3,52
2020-07-23,1,3,42
2020-07-24,1,3,33
2020-07-25,1,3,33
2020-07-26,1,3,35
2020-07-27,1,3,36
2020-07-28,1,3,44
2020-07-29,1,3,49
2020-07-30,1,3,47
2020-07-31,1,3,36
2020-08-01,1,3,28
2020-08-02,1,3,29
2020-08-03,1,3,38
2020-08-04,1,3,41
2020-08-05,1,3,44
2020-08-06,1,3,34
2020-08-07,1,3,36
2020-08-08,1,3,22
2020-08-09,1,3,26
2020-08-10,1,3,35
2020-08-11,1,3,48
2020-08-12,1,3,40
2020-08-13,1,3,34
2020-08-14,1,3,28
2020-08-15,1,3,32
2020-08-16,1,3,15
2020-08-17,1,3,29
2020-08-18,1,3,50
2020-08-19,1,3,43
2020-08-20,1,3,31
2020-08-21,1,3,29
2020-08-22,1,3,24
2020-08-23,1,3,29
2020-08-24,1,3,39
2020-08-25,1,3,39
2020-08-26,1,3,37
2020-08-27,1,3,38
2020-08-28,1,3,25
2020-08-29,1,3,19
2020-08-30,1,3,18
2020-08-31,1,3,24
2020-09-01,1,3,33
2020-09-02,1,3,34
2020-09-03,1,3,35
2020-09-04,1,3,22
2020-09-05,1,3,10
2020-09-06,1,3,20
2020-09-07,1,3,28
2020-09-08,1,3,34
2020-09-09,1,3,44
2020-09-10,1,3,31
2020-09-11,1,3,30
2020-09-12,1,3,22
2020-09-13,1,3,23
2020-09-14,1,3,26
2020-09-15,1,3,35
2020-09-16,1,3,34
2020-09-17,1,3,33
2020-09-18,1,3,25
2020-09-19,1,3,18
2020-09-20,1,3,27
2020-09-21,1,3,31
2020-09-22,1,3,33
2020-09-23,1,3,37
2020-09-24,1,3,32
2020-09-25,1,3,22
2020-09-26,1,3,21
2020-09-27,1,3,20
2020-09-28,1,3,25
2020-09-29,1,3,29
2020-09-30,1,3,35
2020-10-01,1,3,35
2020-10-02,1,3,23
2020-10-03,1,3,31
2020-10-04,1,3,26
2020-10-05,1,3,34
2020-10-06,1,3,38
2020-10-07,1,3,44
2020-10-08,1,3,29
2020-10-09,1,3,15
2020-10-10,1,3,20
2020-10-11,1,3,25
2020-10-12,1,3,30
2020-10-13,1,3,37
2020-10-14,1,3,43
2020-10-15,1,3,34
2020-10-16,1,3,29
2020-10-17,1,3,18
2020-10-18,1,3,19
2020-10-19,1,3,36
2020-10-20,1,3,37
2020-10-21,1,3,35
2020-10-22,1,3,31
2020-10-23,1,3,24
2020-10-24,1,3,20
2020-10-25,1,3,19
2020-10-26,1,3,25
2020-10-27,1,3,36
2020-10-28,1,3,36
2020-10-29,1,3,39
2020-10-30,1,3,29
2020-10-31,1,3,24
2020-11-01,1,3,22
2020-11-02,1,3,31
2020-11-03,1,3,39
2020-11-04,1,3,42
2020-11-05,1,3,35
2020-11-06,1,3,33
2020-11-07,1,3,24
2020-11-08,1,3,29
2020-11-09,1,3,31
2020-11-10,1,3,32
2020-11-11,1,3,42
2020-11-12,1,3,39
2020-11-13,1,3,32
2020-11-14,1,3,27
2020-11-15,1,3,26
2020-11-16,1,3,31
2020-11-17,1,3,42
2020-11-18,1,3,44
2020-11-19,1,3,36
2020-11-20,1,3,36
2020-11-21,1,3,23
2020-11-22,1,3,26
2020-11-23,1,3,42
2020-11-24,1,3,45
2020-11-25,1,3,42
2020-11-26,1,3,40
2020-11-27,1,3,33
2020-11-28,1,3,17
2020-11-29,1,3,27
2020-11-30,1,3,37
2020-12-01,1,3,42
2020-12-02,1,3,46
2020-12-03,1,3,45
2020-12-04,1,3,33
2020-12-05,1,3,26
2020-12-06,1,3,33
2020-12-07,1,3,37
2020-12-08,1,3,44
2020-12-09,1,3,45
2020-12-10,1,3,52
2020-12-11,1,3,27
2020-12-12,1,3,30
2020-12-13,1,3,34
2020-12-14,1,3,37
2020-12-15,1,3,50
2020-12-16,1,3,52
2020-12-17,1,3,44
2020-12-18,1,3,37
2020-12-19,1,3,33
2020-12-20,1,3,35
2020-12-21,1,3,42
2020-12-22,1,3,48
2020-12-23,1,3,51
2020-12-24,1,3,49
2020-12-25,1,3,35
2020-12-26,1,3,31
2020-12-27,1,3,30
2020-12-28,1,3,47
2020-12-29,1,3,51
2020-12-30,1,3,54
2020-12-31,1,3,42
2021-01-01,1,3,48
2021-01-02,1,3,35
2021-01-03,1,3,39
2021-01-04,1,3,49
2021-01-05,1,3,48
2021-01-06,1,3,51
2021-01-07,1,3,50
2021-01-08,1,3,54
2021-01-09,1,3,40
2021-01-10,1,3,47
2021-01-11,1,3,52
2021-01-12,1,3,55
2021-01-13,1,3,51
2021-01-14,1,3,56
2021-01-15,1,3,39
2021-01-16,1,3,47
2021-01-17,1,3,43
2021-01-18,1,3,38
2021-01-19,1,3,54
2021-01-20,1,3,60
2021-01-21,1,3,52
2021-01-22,1,3,49
2021-01-23,1,3,39
2021-01-24,1,3,39
2021-01-25,1,3,50
2021-01-26,1,3,57
2021-01-27,1,3,57
2021-01-28,1,3,60
2021-01-29,1,3,45
2021-01-30,1,3,45
2021-01-31,1,3,46
2021-02-01,1,3,46
2021-02-02,1,3,53
2021-02-03,1,3,60
2021-02-04,1,3,64
2021-02-05,1,3,52
2021-02-06,1,3,39
2021-02-07,1,3,35
2021-02-08,1,3,57
2021-02-09,1,3,60
2021-02-10,1,3,66
2021-02-11,1,3,54
2021-02-12,1,3,52
2021-02-13,1,3,50
2021-02-14,1,3,47
2021-02-15,1,3,53
2021-02-16,1,3,62
2021-02-17,1,3,65
2021-02-18,1,3,59
2021-02-19,1,3,56
2021-02-20,1,3,46
2021-02-21,1,3,45
2021-02-22,1,3,64
2021-02-23,1,3,60
2021-02-24,1,3,62
2021-02-25,1,3,60
2021-02-26,1,3,54
2021-02-27,1,3,48
2021-02-28,1,3,51
2021-03-01,1,3,57
2021-03-02,1,3,64
2021-03-03,1,3,56
2021-03-04,1,3,69
2021-03-05,1,3,54
2021-03-06,1,3,52
2021-03-07,1,3,46
2021-03-08,1,3,56
2021-03-09,1,3,62
2021-03-10,1,3,72
2021-03-11,1,3,60
2021-03-12,1,3,58
2021-03-13,1,3,48
2021-03-14,1,3,51
2021-03-15,1,3,58
2021-03-16,1,3,70
2021-03-17,1,3,59
2021-03-18,1,3,57
2021-03-19,1,3,48
2021-03-20,1,3,47
2021-03-21,1,3,50
2021-03-22,1,3,53
2021-03-23,1,3,63
2021-03-24,1,3,59
2021-03-25,1,3,59
2021-03-26,1,3,61
2021-03-27,1,3,53
2021-03-28,1,3,54
2021-03-29,1,3,56
2021-03-30,1,3,60
2021-03-31,1,3,63
2021-04-01,1,3,63
2021-04-02,1,3,60
2021-04-03,1,3,55
2021-04-04,1,3,56
2021-04-05,1,3,57
2021-04-06,1,3,66
2021-04-07,1,3,66
2021-04-08,1,3,62
2021-04-09,1,3,64
2021-04-10,1,3,45
2021-04-11,1,3,52
2021-04-12,1,3,64
2021-04-13,1,3,60
2021-04-14,1,3,64
2021-04-15,1,3,61
2021-04-16,1,3,55
2021-04-17,1,3,45
2021-04-18,1,3,55
2021-04-19,1,3,62
2021-04-20,1,3,67
2021-04-21,1,3,63
2021-04-22,1,3,63
2021-04-23,1,3,52
2021-04-24,1,3,49
2021-04-25,1,3,61
2021-04-26,1,3,59
2021-04-27,1,3,60
2021-04-28,1,3,67
2021-04-29,1,3,56
2021-04-30,1,3,50
2021-05-01,1,3,46
2021-05-02,1,3,50
2021-05-03,1,3,61
2021-05-04,1,3,66
2021-05-05,1,3,67
2021-05-06,1,3,56
2021-05-07,1,3,51
2021-05-08,1,3,50
2021-05-09,1,3,48
2021-05-10,1,3,55
2021-05-11,1,3,64
2021-05-12,1,3,63
2021-05-13,1,3,60
2021-05-14,1,3,59
2021-05-15,1,3,47
2021-05-16,1,3,54
2021-05-17,1,3,58
2021-05-18,1,3,56
2021-05-19,1,3,58
2021-05-20,1,3,55
2021-05-21,1,3,48
2021-05-22,1,3,46
2021-05-23,1,3,50
2021-05-24,1,3,59
2021-05-25,1,3,61
2021-05-26,1,3,60
2021-05-27,1,3,49
2021-05-28,1,3,50
2021-05-29,1,3,45
2021-05-30,1,3,47
2021-05-31,1,3,61
2021-06-01,1,3,64
2021-06-02,1,3,63
2021-06-03,1,3,51
2021-06-04,1,3,46
2021-06-05,1,3,43
2021-06-06,1,3,42
2021-06-07,1,3,53
2021-06-08,1,3,58
2021-06-09,1,3,54
2021-06-10,1,3,58
2021-06-11,1,3,47
2021-06-12,1,3,35
2021-06-13,1,3,43
2021-06-14,1,3,50
2021-06-15,1,3,59
2021-06-16,1,3,55
2021-06-17,1,3,55
2021-06-18,1,3,46
2021-06-19,1,3,35
2021-06-20,1,3,36
2021-06-21,1,3,52
2021-06-22,1,3,58
2021-06-23,1,3,56
2021-06-24,1,3,56
2021-06-25,1,3,47
2021-06-26,1,3,41
2021-06-27,1,3,36
2021-06-28,1,3,53
2021-06-29,1,3,54
2021-06-30,1,3,52
2021-07-01,1,3,46
2021-07-02,1,3,42
2021-07-03,1,3,30
2021-07-04,1,3,41
2021-07-05,1,3,40
2021-07-06,1,3,51
2021-07-07,1,3,49
2021-07-08,1,3,46
2021-07-09,1,3,36
2021-07-10,1,3,34
2021-07-11,1,3,44
2021-07-12,1,3,48
2021-07-13,1,3,50
2021-07-14,1,3,49
2021-07-15,1,3,48
2021-07-16,1,3,42
2021-07-17,1,3,30
2021-07-18,1,3,34
2021-07-19,1,3,33
2021-07-20,1,3,51
2021-07-21,1,3,56
2021-07-22,1,3,44
2021-07-23,1,3,28
2021-07-24,1,3,34
2021-07-25,1,3,29
2021-07-26,1,3,36
2021-07-27,1,3,47
2021-07-28,1,3,47
2021-07-29,1,3,40
2021-07-30,1,3,32
2021-07-31,1,3,30
2021-08-01,1,3,30
2021-08-02,1,3,33
2021-08-03,1,3,42
2021-08-04,1,3,46
2021-08-05,1,3,39
2021-08-06,1,3,27
2021-08-07,1,3,32
2021-08-08,1,3,19
2021-08-09,1,3,34
2021-08-10,1,3,39
2021-08-11,1,3,44
2021-08-12,1,3,41
2021-08-13,1,3,36
2021-08-14,1,3,24
2021-08-15,1,3,31
2021-08-16,1,3,35
2021-08-17,1,3,34
2021-08-18,1,3,50
2021-08-19,1,3,32
2021-08-20,1,3,32
2021-08-21,1,3,27
2021-08-22,1,3,28
2021-08-23,1,3,31
2021-08-24,1,3,43
2021-08-25,1,3,35
2021-08-26,1,3,36
2021-08-27,1,3,27
2021-08-28,1,3,22
2021-08-29,1,3,28
2021-08-30,1,3,37
2021-08-31,1,3,37
2021-09-01,1,3,43
2021-09-02,1,3,36
2021-09-03,1,3,25
2021-09-04,1,3,23
2021-09-05,1,3,24
2021-09-06,1,3,29
2021-09-07,1,3,39
2021-09-08,1,3,40
2021-09-09,1,3,28
2021-09-10,1,3,21
2021-09-11,1,3,25
2021-09-12,1,3,21
2021-09-13,1,3,32
2021-09-14,1,3,40
2021-09-15,1,3,33
2021-09-16,1,3,28
2021-09-17,1,3,34
2021-09-18,1,3,24
2021-09-19,1,3,23
2021-09-20,1,3,27
2021-09-21,1,3,35
2021-09-22,1,3,33
2021-09-23,1,3,37
2021-09-24,1,3,24
2021-09-25,1,3,27
2021-09-26,1,3,22
2021-09-27,1,3,26
2021-09-28,1,3,35
2021-09-29,1,3,27
2021-09-30,1,3,33
2021-10-01,1,3,26
2021-10-02,1,3,26
2021-10-03,1,3,16
2021-10-04,1,3,35
2021-10-05,1,3,40
2021-10-06,1,3,43
2021-10-07,1,3,34
2021-10-08,1,3,31
2021-10-09,1,3,17
2021-10-10,1,3,27
2021-10-11,1,3,27
2021-10-12,1,3,30
2021-10-13,1,3,34
2021-10-14,1,3,34
2021-10-15,1,3,24
2021-10-16,1,3,24
2021-10-17,1,3,17
2021-10-18,1,3,22
2021-10-19,1,3,43
2021-10-20,1,3,42
2021-10-21,1,3,30
2021-10-22,1,3,28
2021-10-23,1,3,28
2021-10-24,1,3,27
2021-10-25,1,3,32
2021-10-26,1,3,42
2021-10-27,1,3,37
2021-10-28,1,3,36
2021-10-29,1,3,28
2021-10-30,1,3,23
2021-10-31,1,3,24
2021-11-01,1,3,33
2021-11-02,1,3,39
2021-11-03,1,3,36
2021-11-04,1,3,40
2021-11-05,1,3,26
2021-11-06,1,3,24
2021-11-07,1,3,26
2021-11-08,1,3,35
2021-11-09,1,3,31
2021-11-10,1,3,45
2021-11-11,1,3,35
2021-11-12,1,3,36
2021-11-13,1,3,25
2021-11-14,1,3,28
2021-11-15,1,3,42
2021-11-16,1,3,40
2021-11-17,1,3,48
2021-11-18,1,3,39
2021-11-19,1,3,34
2021-11-20,1,3,28
2021-11-21,1,3,33
2021-11-22,1,3,33
2021-11-23,1,3,39
2021-11-24,1,3,42
2021-11-25,1,3,41
2021-11-26,1,3,33
2021-11-27,1,3,32
2021-11-28,1,3,36
2021-11-29,1,3,34
2021-11-30,1,3,41
2021-12-01,1,3,40
2021-12-02,1,3,50
2021-12-03,1,3,36
2021-12-04,1,3,33
2021-12-05,1,3,27
2021-12-06,1,3,39
2021-12-07,1,3,48
2021-12-08,1,3,46
2021-12-09,1,3,48
2021-12-10,1,3,46
2021-12-11,1,3,29
2021-12-12,1,3,30
2021-12-13,1,3,37
2021-12-14,1,3,54
2021-12-15,1,3,53
2021-12-16,1,3,45
2021-12-17,1,3,39
2021-12-18,1,3,31
2021-12-19,1,3,40
2021-12-20,1,3,41
2021-12-21,1,3,48
2021-12-22,1,3,53
2021-12-23,1,3,46
2021-12-24,1,3,39
2021-12-25,1,3,36
2021-12-26,1,3,41
2021-12-27,1,3,51
2021-12-28,1,3,53
2021-12-29,1,3,56
2021-12-30,1,3,48
2021-12-31,1,3,39
2022-01-01,1,3,41
2022-01-02,1,3,40
2022-01-03,1,3,41
2022-01-04,1,3,52
2022-01-05,1,3,54
2022-01-06,1,3,49
2022-01-07,1,3,50
2022-01-08,1,3,42
2022-01-09,1,3,47
2022-01-10,1,3,49
2022-01-11,1,3,55
2022-01-12,1,3,53
2022-01-13,1,3,52
2022-01-14,1,3,46
2022-01-15,1,3,36
2022-01-16,1,3,41
2022-01-17,1,3,49
2022-01-18,1,3,58
2022-01-19,1,3,60
2022-01-20,1,3,52
2022-01-21,1,3,49
2022-01-22,1,3,43
2022-01-23,1,3,34
2022-01-24,1,3,50
2022-01-25,1,3,62
2022-01-26,1,3,53
2022-01-27,1,3,56
2022-01-28,1,3,55
2022-01-29,1,3,42
2022-01-30,1,3,47
2022-01-31,1,3,48
2022-02-01,1,3,66
2022-02-02,1,3,61
2022-02-03,1,3,58
2022-02-04,1,3,56
2022-02-05,1,3,49
2022-02-06,1,3,45
2022-02-07,1,3,52
2022-02-08,1,3,63
2022-02-09,1,3,60
2022-02-10,1,3,50
2022-02-11,1,3,52
2022-02-12,1,3,42
2022-02-13,1,3,56
2022-02-14,1,3,57
2022-02-15,1,3,59
2022-02-16,1,3,62
2022-02-17,1,3,53
2022-02-18,1,3,49
2022-02-19,1,3,53
2022-02-20,1,3,60
2022-02-21,1,3,60
2022-02-22,1,3,63
2022-02-23,1,3,64
2022-02-24,1,3,58
2022-02-25,1,3,63
2022-02-26,1,3,50
2022-02-27,1,3,61
2022-02-28,1,3,64
2022-03-01,1,3,58
2022-03-02,1,3,64
2022-03-03,1,3,60
2022-03-04,1,3,55
2022-03-05,1,3,51
2022-03-06,1,3,65
2022-03-07,1,3,55
2022-03-08,1,3,67
2022-03-09,1,3,70
2022-03-10,1,3,63
2022-03-11,1,3,57
2022-03-12,1,3,48
2022-03-13,1,3,54
2022-03-14,1,3,62
2022-03-15,1,3,68
2022-03-16,1,3,70
2022-03-17,1,3,69
2022-03-18,1,3,61
2022-03-19,1,3,53
2022-03-20,1,3,50
2022-03-21,1,3,58
2022-03-22,1,3,66
2022-03-23,1,3,69
2022-03-24,1,3,62
2022-03-25,1,3,53
2022-03-26,1,3,48
2022-03-27,1,3,48
2022-03-28,1,3,60
2022-03-29,1,3,61
2022-03-30,1,3,65
2022-03-31,1,3,63
2022-04-01,1,3,52
2022-04-02,1,3,55
2022-04-03,1,3,58
2022-04-04,1,3,59
2022-04-05,1,3,65
2022-04-06,1,3,71
2022-04-07,1,3,61
2022-04-08,1,3,54
2022-04-09,1,3,58
2022-04-10,1,3,58
2022-04-11,1,3,63
2022-04-12,1,3,71
2022-04-13,1,3,60
2022-04-14,1,3,69
2022-04-15,1,3,59
2022-04-16,1,3,57
2022-04-17,1,3,56
2022-04-18,1,3,60
2022-04-19,1,3,65
2022-04-20,1,3,69
2022-04-21,1,3,62
2022-04-22,1,3,60
2022-04-23,1,3,46
2022-04-24,1,3,51
2022-04-25,1,3,68
2022-04-26,1,3,63
2022-04-27,1,3,66
2022-04-28,1,3,59
2022-04-29,1,3,57
2022-04-30,1,3,48
2022-05-01,1,3,52
2022-05-02,1,3,62
2022-05-03,1,3,62
2022-05-04,1,3,70
2022-05-05,1,3,65
2022-05-06,1,3,59
2022-05-07,1,3,51
2022-05-08,1,3,65
2022-05-09,1,3,62
2022-05-10,1,3,65
2022-05-11,1,3,62
2022-05-12,1,3,61
2022-05-13,1,3,59
2022-05-14,1,3,56
2022-05-15,1,3,57
2022-05-16,1,3,60
2022-05-17,1,3,58
2022-05-18,1,3,66
2022-05-19,1,3,55
2022-05-20,1,3,47
2022-05-21,1,3,49
2022-05-22,1,3,51
2022-05-23,1,3,59
2022-05-24,1,3,63
2022-05-25,1,3,65
2022-05-26,1,3,54
2022-05-27,1,3,51
2022-05-28,1,3,41
2022-05-29,1,3,40
2022-05-30,1,3,57
2022-05-31,1,3,57
2022-06-01,1,3,65
2022-06-02,1,3,61
2022-06-03,1,3,47
2022-06-04,1,3,47
2022-06-05,1,3,44
2022-06-06,1,3,45
2022-06-07,1,3,59
2022-06-08,1,3,58
2022-06-09,1,3,53
2022-06-10,1,3,56
2022-06-11,1,3,37
2022-06-12,1,3,46
2022-06-13,1,3,47
2022-06-14,1,3,60
2022-06-15,1,3,59
2022-06-16,1,3,55
2022-06-17,1,3,43
2022-06-18,1,3,39
2022-06-19,1,3,47
2022-06-20,1,3,56
2022-06-21,1,3,57
2022-06-22,1,3,53
2022-06-23,1,3,53
2022-06-24,1,3,54
2022-06-25,1,3,40
2022-06-26,1,3,47
2022-06-27,1,3,44
2022-06-28,1,3,53
2022-06-29,1,3,57
2022-06-30,1,3,52
2022-07-01,1,3,40
2022-07-02,1,3,35
2022-07-03,1,3,43
2022-07-04,1,3,50
2022-07-05,1,3,58
2022-07-06,1,3,60
2022-07-07,1,3,49
2022-07-08,1,3,40
2022-07-09,1,3,42
2022-07-10,1,3,41
2022-07-11,1,3,40
2022-07-12,1,3,46
2022-07-13,1,3,53
2022-07-14,1,3,46
2022-07-15,1,3,39
2022-07-16,1,3,39
2022-07-17,1,3,39
2022-07-18,1,3,47
2022-07-19,1,3,40
2022-07-20,1,3,50
2022-07-21,1,3,48
2022-07-22,1,3,31
2022-07-23,1,3,30
2022-07-24,1,3,31
2022-07-25,1,3,40
2022-07-26,1,3,53
2022-07-27,1,3,56
2022-07-28,1,3,40
2022-07-29,1,3,38
2022-07-30,1,3,34
2022-07-31,1,3,34
2022-08-01,1,3,40
2022-08-02,1,3,46
2022-08-03,1,3,53
2022-08-04,1,3,46
2022-08-05,1,3,30
2022-08-06,1,3,33
2022-08-07,1,3,35
2022-08-08,1,3,39
2022-08-09,1,3,48
2022-08-10,1,3,45
2022-08-11,1,3,41
2022-08-12,1,3,33
2022-08-13,1,3,20
2022-08-14,1,3,30
2022-08-15,1,3,33
2022-08-16,1,3,37
2022-08-17,1,3,49
2022-08-18,1,3,41
2022-08-19,1,3,32
2022-08-20,1,3,25
2022-08-21,1,3,30
2022-08-22,1,3,39
2022-08-23,1,3,37
2022-08-24,1,3,42
2022-08-25,1,3,41
2022-08-26,1,3,23
2022-08-27,1,3,26
2022-08-28,1,3,26
2022-08-29,1,3,33
2022-08-30,1,3,38
2022-08-31,1,3,42
2022-09-01,1,3,44
2022-09-02,1,3,28
2022-09-03,1,3,26
2022-09-04,1,3,35
2022-09-05,1,3,31
2022-09-06,1,3,46
2022-09-07,1,3,40
2022-09-08,1,3,43
2022-09-09,1,3,32
2022-09-10,1,3,26
2022-09-11,1,3,26
2022-09-12,1,3,30
2022-09-13,1,3,39
2022-09-14,1,3,43
2022-09-15,1,3,35
2022-09-16,1,3,27
2022-09-17,1,3,23
2022-09-18,1,3,29
2022-09-19,1,3,37
2022-09-20,1,3,35
2022-09-21,1,3,37
2022-09-22,1,3,37
2022-09-23,1,3,34
2022-09-24,1,3,28
2022-09-25,1,3,20
2022-09-26,1,3,30
2022-09-27,1,3,34
2022-09-28,1,3,38
2022-09-29,1,3,41
2022-09-30,1,3,22
2022-10-01,1,3,17
2022-10-02,1,3,22
2022-10-03,1,3,33
2022-10-04,1,3,40
2022-10-05,1,3,41
2022-10-06,1,3,40
2022-10-07,1,3,21
2022-10-08,1,3,29
2022-10-09,1,3,24
2022-10-10,1,3,35
2022-10-11,1,3,33
2022-10-12,1,3,40
2022-10-13,1,3,36
2022-10-14,1,3,33
2022-10-15,1,3,18
2022-10-16,1,3,26
2022-10-17,1,3,28
2022-10-18,1,3,40
2022-10-19,1,3,43
2022-10-20,1,3,41
2022-10-21,1,3,27
2022-10-22,1,3,28
2022-10-23,1,3,32
2022-10-24,1,3,26
2022-10-25,1,3,42
2022-10-26,1,3,45
2022-10-27,1,3,35
2022-10-28,1,3,25
2022-10-29,1,3,29
2022-10-30,1,3,22
2022-10-31,1,3,33
2022-11-01,1,3,40
2022-11-02,1,3,44
2022-11-03,1,3,35
2022-11-04,1,3,28
2022-11-05,1,3,27
2022-11-06,1,3,32
2022-11-07,1,3,44
2022-11-08,1,3,35
2022-11-09,1,3,44
2022-11-10,1,3,34
2022-11-11,1,3,36
2022-11-12,1,3,24
2022-11-13,1,3,27
2022-11-14,1,3,33
2022-11-15,1,3,42
2022-11-16,1,3,45
2022-11-17,1,3,42
2022-11-18,1,3,33
2022-11-19,1,3,24
2022-11-20,1,3,34
2022-11-21,1,3,37
2022-11-22,1,3,48
2022-11-23,1,3,42
2022-11-24,1,3,35
2022-11-25,1,3,34
2022-11-26,1,3,36
2022-11-27,1,3,33
2022-11-28,1,3,38
2022-11-29,1,3,42
2022-11-30,1,3,54
2022-12-01,1,3,39
2022-12-02,1,3,33
2022-12-03,1,3,34
2022-12-04,1,3,26
2022-12-05,1,3,45
2022-12-06,1,3,49
2022-12-07,1,3,52
2022-12-08,1,3,47
2022-12-09,1,3,37
2022-12-10,1,3,29
2022-12-11,1,3,35
2022-12-12,1,3,38
2022-12-13,1,3,50
2022-12-14,1,3,53
2022-12-15,1,3,52
2022-12-16,1,3,41
2022-12-17,1,3,39
2022-12-18,1,3,36
2022-12-19,1,3,42
2022-12-20,1,3,52
2022-12-21,1,3,50
2022-12-22,1,3,49
2022-12-23,1,3,37
2022-12-24,1,3,34
2022-12-25,1,3,42
2022-12-26,1,3,49
2022-12-27,1,3,48
2022-12-28,1,3,56
2022-12-29,1,3,48
2022-12-30,1,3,43
2022-12-31,1,3,45
2018-01-01,1,4,46
2018-01-02,1,4,42
2018-01-03,1,4,42
2018-01-04,1,4,39
2018-01-05,1,4,34
2018-01-06,1,4,22
2018-01-07,1,4,32
2018-01-08,1,4,38
2018-01-09,1,4,49
2018-01-10,1,4,49
2018-01-11,1,4,42
2018-01-12,1,4,40
2018-01-13,1,4,36
2018-01-14,1,4,32
2018-01-15,1,4,40
2018-01-16,1,4,39
2018-01-17,1,4,46
2018-01-18,1,4,43
2018-01-19,1,4,39
2018-01-20,1,4,31
2018-01-21,1,4,35
2018-01-22,1,4,38
2018-01-23,1,4,51
2018-01-24,1,4,53
2018-01-25,1,4,49
2018-01-26,1,4,41
2018-01-27,1,4,31
2018-01-28,1,4,36
2018-01-29,1,4,43
2018-01-30,1,4,50
2018-01-31,1,4,54
2018-02-01,1,4,55
2018-02-02,1,4,46
2018-02-03,1,4,34
2018-02-04,1,4,43
2018-02-05,1,4,49
2018-02-06,1,4,50
2018-02-07,1,4,58
2018-02-08,1,4,50
2018-02-09,1,4,38
2018-02-10,1,4,42
2018-02-11,1,4,43
2018-02-12,1,4,47
2018-02-13,1,4,54
2018-02-14,1,4,53
2018-02-15,1,4,55
2018-02-16,1,4,45
2018-02-17,1,4,42
2018-02-18,1,4,44
2018-02-19,1,4,45
2018-02-20,1,4,52
2018-02-21,1,4,49
2018-02-22,1,4,56
2018-02-23,1,4,42
2018-02-24,1,4,43
2018-02-25,1,4,46
2018-02-26,1,4,53
2018-02-27,1,4,52
2018-02-28,1,4,58
2018-03-01,1,4,61
2018-03-02,1,4,55
2018-03-03,1,4,47
2018-03-04,1,4,47
2018-03-05,1,4,48
2018-03-06,1,4,61
2018-03-07,1,4,59
2018-03-08,1,4,58
2018-03-09,1,4,46
2018-03-10,1,4,44
2018-03-11,1,4,47
2018-03-12,1,4,53
2018-03-13,1,4,61
2018-03-14,1,4,58
2018-03-15,1,4,51
2018-03-16,1,4,56
2018-03-17,1,4,55
2018-03-18,1,4,48
2018-03-19,1,4,48
2018-03-20,1,4,56
2018-03-21,1,4,63
2018-03-22,1,4,62
2018-03-23,1,4,45
2018-03-24,1,4,45
2018-03-25,1,4,48
2018-03-26,1,4,57
2018-03-27,1,4,58
2018-03-28,1,4,55
2018-03-29,1,4,59
2018-03-30,1,4,54
2018-03-31,1,4,45
2018-04-01,1,4,49
2018-04-02,1,4,52
2018-04-03,1,4,56
2018-04-04,1,4,65
2018-04-05,1,4,59
2018-04-06,1,4,52
2018-04-07,1,4,52
2018-04-08,1,4,43
2018-04-09,1,4,51
2018-04-10,1,4,60
2018-04-11,1,4,59
2018-04-12,1,4,60
2018-04-13,1,4,49
2018-04-14,1,4,41
2018-04-15,1,4,47
2018-04-16,1,4,54
2018-04-17,1,4,63
2018-04-18,1,4,62
2018-04-19,1,4,58
2018-04-20,1,4,51
2018-04-21,1,4,44
2018-04-22,1,4,44
2018-04-23,1,4,54
2018-04-24,1,4,57
2018-04-25,1,4,67
2018-04-26,1,4,61
2018-04-27,1,4,51
2018-04-28,1,4,46
2018-04-29,1,4,45
2018-04-30,1,4,47
2018-05-01,1,4,57
2018-05-02,1,4,60
2018-05-03,1,4,56
2018-05-04,1,4,50
2018-05-05,1,4,47
2018-05-06,1,4,42
2018-05-07,1,4,48
2018-05-08,1,4,63
2018-05-09,1,4,62
2018-05-10,1,4,53
2018-05-11,1,4,47
2018-05-12,1,4,42
2018-05-13,1,4,44
2018-05-14,1,4,52
2018-05-15,1,4,66
2018-05-16,1,4,58
2018-05-17,1,4,56
2018-05-18,1,4,39
2018-05-19,1,4,39
2018-05-20,1,4,48
2018-05-21,1,4,50
2018-05-22,1,4,37
2018-05-23,1,4,59
2018-05-24,1,4,59
2018-05-25,1,4,37
2018-05-26,1,4,46
2018-05-27,1,4,30
2018-05-28,1,4,51
2018-05-29,1,4,53
2018-05-30,1,4,45
2018-05-31,1,4,52
2018-06-01,1,4,48
2018-06-02,1,4,40
2018-06-03,1,4,42
2018-06-04,1,4,44
2018-06-05,1,4,45
2018-06-06,1,4,56
2018-06-07,1,4,56
2018-06-08,1,4,46
2018-06-09,1,4,29
2018-06-10,1,4,32
2018-06-11,1,4,41
2018-06-12,1,4,44
2018-06-13,1,4,52
2018-06-14,1,4,49
2018-06-15,1,4,34
2018-06-16,1,4,38
2018-06-17,1,4,39
2018-06-18,1,4,40
2018-06-19,1,4,48
2018-06-20,1,4,42
2018-06-21,1,4,44
2018-06-22,1,4,38
2018-06-23,1,4,34
2018-06-24,1,4,36
2018-06-25,1,4,42
2018-06-26,1,4,46
2018-06-27,1,4,49
2018-06-28,1,4,48
2018-06-29,1,4,36
2018-06-30,1,4,33
2018-07-01,1,4,32
2018-07-02,1,4,37
2018-07-03,1,4,47
2018-07-04,1,4,44
2018-07-05,1,4,44
2018-07-06,1,4,35
2018-07-07,1,4,29
2018-07-08,1,4,30
2018-07-09,1,4,35
2018-07-10,1,4,37
2018-07-11,1,4,46
2018-07-12,1,4,41
2018-07-13,1,4,36
2018-07-14,1,4,26
2018-07-15,1,4,37
2018-07-16,1,4,34
2018-07-17,1,4,38
2018-07-18,1,4,39
2018-07-19,1,4,32
2018-07-20,1,4,38
2018-07-21,1,4,32
2018-07-22,1,4,31
2018-07-23,1,4,31
2018-07-24,1,4,47
2018-07-25,1,4,40
2018-07-26,1,4,36
2018-07-27,1,4,36
2018-07-28,1,4,28
2018-07-29,1,4,35
2018-07-30,1,4,34
2018-07-31,1,4,37
2018-08-01,1,4,37
2018-08-02,1,4,28
2018-08-03,1,4,27
2018-08-04,1,4,28
2018-08-05,1,4,27
2018-08-06,1,4,31
2018-08-07,1,4,33
2018-08-08,1,4,39
2018-08-09,1,4,38
2018-08-10,1,4,29
2018-08-11,1,4,23
2018-08-12,1,4,20
2018-08-13,1,4,33
2018-08-14,1,4,23
2018-08-15,1,4,39
2018-08-16,1,4,43
2018-08-17,1,4,20
2018-08-18,1,4,20
2018-08-19,1,4,22
2018-08-20,1,4,27
2018-08-21,1,4,39
2018-08-22,1,4,38
2018-08-23,1,4,32
2018-08-24,1,4,28
2018-08-25,1,4,20
2018-08-26,1,4,34
2018-08-27,1,4,28
2018-08-28,1,4,34
2018-08-29,1,4,28
2018-08-30,1,4,28
2018-08-31,1,4,28
2018-09-01,1,4,14
2018-09-02,1,4,12
2018-09-03,1,4,27
2018-09-04,1,4,38
2018-09-05,1,4,34
2018-09-06,1,4,28
2018-09-07,1,4,15
2018-09-08,1,4,20
2018-09-09,1,4,22
2018-09-10,1,4,19
2018-09-11,1,4,37
2018-09-12,1,4,37
2018-09-13,1,4,34
2018-09-14,1,4,25
2018-09-15,1,4,20
2018-09-16,1,4,21
2018-09-17,1,4,29
2018-09-18,1,4,24
2018-09-19,1,4,27
2018-09-20,1,4,26
2018-09-21,1,4,21
2018-09-22,1,4,19
2018-09-23,1,4,20
2018-09-24,1,4,30
2018-09-25,1,4,36
2018-09-26,1,4,30
2018-09-27,1,4,30
2018-09-28,1,4,18
2018-09-29,1,4,17
2018-09-30,1,4,20
2018-10-01,1,4,12
2018-10-02,1,4,41
2018-10-03,1,4,35
2018-10-04,1,4,26
2018-10-05,1,4,30
2018-10-06,1,4,16
2018-10-07,1,4,20
2018-10-08,1,4,23
2018-10-09,1,4,38
2018-10-10,1,4,33
2018-10-11,1,4,30
2018-10-12,1,4,27
2018-10-13,1,4,20
2018-10-14,1,4,19
2018-10-15,1,4,30
2018-10-16,1,4,42
2018-10-17,1,4,35
2018-10-18,1,4,30
2018-10-19,1,4,23
2018-10-20,1,4,24
2018-10-21,1,4,18
2018-10-22,1,4,25
2018-10-23,1,4,27
2018-10-24,1,4,30
2018-10-25,1,4,28
2018-10-26,1,4,23
2018-10-27,1,4,26
2018-10-28,1,4,23
2018-10-29,1,4,24
2018-10-30,1,4,31
2018-10-31,1,4,41
2018-11-01,1,4,36
2018-11-02,1,4,24
2018-11-03,1,4,18
2018-11-04,1,4,26
2018-11-05,1,4,24
2018-11-06,1,4,36
2018-11-07,1,4,45
2018-11-08,1,4,33
2018-11-09,1,4,22
2018-11-10,1,4,23
2018-11-11,1,4,21
2018-11-12,1,4,24
2018-11-13,1,4,39
2018-11-14,1,4,42
2018-11-15,1,4,32
2018-11-16,1,4,25
2018-11-17,1,4,19
2018-11-18,1,4,24
2018-11-19,1,4,29
2018-11-20,1,4,33
2018-11-21,1,4,47
2018-11-22,1,4,37
2018-11-23,1,4,30
2018-11-24,1,4,28
2018-11-25,1,4,29
2018-11-26,1,4,31
2018-11-27,1,4,40
2018-11-28,1,4,39
2018-11-29,1,4,38
2018-11-30,1,4,31
2018-12-01,1,4,24
2018-12-02,1,4,22
2018-12-03,1,4,34
2018-12-04,1,4,40
2018-12-05,1,4,35
2018-12-06,1,4,40
2018-12-07,1,4,35
2018-12-08,1,4,37
2018-12-09,1,4,28
2018-12-10,1,4,33
2018-12-11,1,4,38
2018-12-12,1,4,45
2018-12-13,1,4,41
2018-12-14,1,4,30
2018-12-15,1,4,28
2018-12-16,1,4,23
2018-12-17,1,4,41
2018-12-18,1,4,41
2018-12-19,1,4,46
2018-12-20,1,4,36
2018-12-21,1,4,33
2018-12-22,1,4,30
2018-12-23,1,4,33
2018-12-24,1,4,41
2018-12-25,1,4,52
2018-12-26,1,4,51
2018-12-27,1,4,47
2018-12-28,1,4,43
2018-12-29,1,4,35
2018-12-30,1,4,34
2018-12-31,1,4,45
2019-01-01,1,4,52
2019-01-02,1,4,52
2019-01-03,1,4,40
2019-01-04,1,4,35
2019-01-05,1,4,34
2019-01-06,1,4,40
2019-01-07,1,4,43
2019-01-08,1,4,54
2019-01-09,1,4,57
2019-01-10,1,4,52
2019-01-11,1,4,45
2019-01-12,1,4,32
2019-01-13,1,4,40
2019-01-14,1,4,42
2019-01-15,1,4,45
2019-01-16,1,4,52
2019-01-17,1,4,54
2019-01-18,1,4,44
2019-01-19,1,4,46
2019-01-20,1,4,41
2019-01-21,1,4,56
2019-01-22,1,4,54
2019-01-23,1,4,55
2019-01-24,1,4,46
2019-01-25,1,4,49
2019-01-26,1,4,38
2019-01-27,1,4,39
2019-01-28,1,4,53
2019-01-29,1,4,59
2019-01-30,1,4,61
2019-01-31,1,4,51
2019-02-01,1,4,46
2019-02-02,1,4,41
2019-02-03,1,4,47
2019-02-04,1,4,56
2019-02-05,1,4,58
2019-02-06,1,4,66
2019-02-07,1,4,58
2019-02-08,1,4,46
2019-02-09,1,4,47
2019-02-10,1,4,52
2019-02-11,1,4,59
2019-02-12,1,4,63
2019-02-13,1,4,60
2019-02-14,1,4,55
2019-02-15,1,4,51
2019-02-16,1,4,51
2019-02-17,1,4,48
2019-02-18,1,4,55
2019-02-19,1,4,59
2019-02-20,1,4,60
2019-02-21,1,4,56
2019-02-22,1,4,51
2019-02-23,1,4,53
2019-02-24,1,4,47
2019-02-25,1,4,54
2019-02-26,1,4,57
2019-02-27,1,4,65
2019-02-28,1,4,63
2019-03-01,1,4,58
2019-03-02,1,4,48
2019-03-03,1,4,51
2019-03-04,1,4,54
2019-03-05,1,4,63
2019-03-06,1,4,64
2019-03-07,1,4,59
2019-03-08,1,4,53
2019-03-09,1,4,50
2019-03-10,1,4,48
2019-03-11,1,4,55
2019-03-12,1,4,69
2019-03-13,1,4,75
2019-03-14,1,4,55
2019-03-15,1,4,48
2019-03-16,1,4,45
2019-03-17,1,4,50
2019-03-18,1,4,60
2019-03-19,1,4,65
2019-03-20,1,4,65
2019-03-21,1,4,62
2019-03-22,1,4,50
2019-03-23,1,4,48
2019-03-24,1,4,50
2019-03-25,1,4,50
2019-03-26,1,4,58
2019-03-27,1,4,60
2019-03-28,1,4,63
2019-03-29,1,4,54
2019-03-30,1,4,52
2019-03-31,1,4,43
2019-04-01,1,4,51
2019-04-02,1,4,66
2019-04-03,1,4,54
2019-04-04,1,4,65
2019-04-05,1,4,46
2019-04-06,1,4,53
2019-04-07,1,4,47
2019-04-08,1,4,61
2019-04-09,1,4,76
2019-04-10,1,4,56
2019-04-11,1,4,63
2019-04-12,1,4,46
2019-04-13,1,4,51
2019-04-14,1,4,50
2019-04-15,1,4,57
2019-04-16,1,4,59
2019-04-17,1,4,68
2019-04-18,1,4,54
2019-04-19,1,4,58
2019-04-20,1,4,47
2019-04-21,1,4,44
2019-04-22,1,4,63
2019-04-23,1,4,62
2019-04-24,1,4,72
2019-04-25,1,4,64
2019-04-26,1,4,49
2019-04-27,1,4,48
2019-04-28,1,4,50
2019-04-29,1,4,62
2019-04-30,1,4,63
2019-05-01,1,4,64
2019-05-02,1,4,58
2019-05-03,1,4,51
2019-05-04,1,4,52
2019-05-05,1,4,49
2019-05-06,1,4,53
2019-05-07,1,4,59
2019-05-08,1,4,60
2019-05-09,1,4,52
2019-05-10,1,4,48
2019-05-11,1,4,52
2019-05-12,1,4,47
2019-05-13,1,4,57
2019-05-14,1,4,50
2019-05-15,1,4,63
2019-05-16,1,4,56
2019-05-17,1,4,48
2019-05-18,1,4,46
2019-05-19,1,4,44
2019-05-20,1,4,44
2019-05-21,1,4,62
2019-05-22,1,4,61
2019-05-23,1,4,54
2019-05-24,1,4,44
2019-05-25,1,4,38
2019-05-26,1,4,46
2019-05-27,1,4,58
2019-05-28,1,4,58
2019-05-29,1,4,53
2019-05-30,1,4,55
2019-05-31,1,4,47
2019-06-01,1,4,46
2019-06-02,1,4,46
2019-06-03,1,4,38
2019-06-04,1,4,58
2019-06-05,1,4,53
2019-06-06,1,4,47
2019-06-07,1,4,45
2019-06-08,1,4,42
2019-06-09,1,4,36
2019-06-10,1,4,51
2019-06-11,1,4,57
2019-06-12,1,4,56
2019-06-13,1,4,47
2019-06-14,1,4,40
2019-06-15,1,4,43
2019-06-16,1,4,34
2019-06-17,1,4,51
2019-06-18,1,4,52
2019-06-19,1,4,53
2019-06-20,1,4,42
2019-06-21,1,4,41
2019-06-22,1,4,40
2019-06-23,1,4,33
2019-06-24,1,4,47
2019-06-25,1,4,51
2019-06-26,1,4,49
2019-06-27,1,4,51
2019-06-28,1,4,31
2019-06-29,1,4,37
2019-06-30,1,4,43
2019-07-01,1,4,49
2019-07-02,1,4,51
2019-07-03,1,4,49
2019-07-04,1,4,43
2019-07-05,1,4,37
2019-07-06,1,4,36
2019-07-07,1,4,32
2019-07-08,1,4,44
2019-07-09,1,4,56
2019-07-10,1,4,48
2019-07-11,1,4,39
2019-07-12,1,4,31
2019-07-13,1,4,35
2019-07-14,1,4,33
2019-07-15,1,4,43
2019-07-16,1,4,43
2019-07-17,1,4,50
2019-07-18,1,4,42
2019-07-19,1,4,32
2019-07-20,1,4,29
2019-07-21,1,4,27
2019-07-22,1,4,46
2019-07-23,1,4,44
2019-07-24,1,4,48
2019-07-25,1,4,39
2019-07-26,1,4,29
2019-07-27,1,4,28
2019-07-28,1,4,35
2019-07-29,1,4,34
2019-07-30,1,4,39
2019-07-31,1,4,44
2019-08-01,1,4,41
2019-08-02,1,4,39
2019-08-03,1,4,29
2019-08-04,1,4,31
2019-08-05,1,4,38
2019-08-06,1,4,36
2019-08-07,1,4,38
2019-08-08,1,4,33
2019-08-09,1,4,25
2019-08-10,1,4,29
2019-08-11,1,4,29
2019-08-12,1,4,34
2019-08-13,1,4,29
2019-08-14,1,4,49
2019-08-15,1,4,33
2019-08-16,1,4,37
2019-08-17,1,4,19
2019-08-18,1,4,23
2019-08-19,1,4,23
2019-08-20,1,4,40
2019-08-21,1,4,35
2019-08-22,1,4,31
2019-08-23,1,4,23
2019-08-24,1,4,27
2019-08-25,1,4,28
2019-08-26,1,4,38
2019-08-27,1,4,35
2019-08-28,1,4,40
2019-08-29,1,4,29
2019-08-30,1,4,26
2019-08-31,1,4,21
2019-09-01,1,4,26
2019-09-02,1,4,34
2019-09-03,1,4,40
2019-09-04,1,4,34
2019-09-05,1,4,37
2019-09-06,1,4,26
2019-09-07,1,4,21
2019-09-08,1,4,21
2019-09-09,1,4,27
2019-09-10,1,4,43
2019-09-11,1,4,38
2019-09-12,1,4,34
2019-09-13,1,4,25
2019-09-14,1,4,31
2019-09-15,1,4,28
2019-09-16,1,4,26
2019-09-17,1,4,34
2019-09-18,1,4,36
2019-09-19,1,4,33
2019-09-20,1,4,23
2019-09-21,1,4,23
2019-09-22,1,4,28
2019-09-23,1,4,24
2019-09-24,1,4,31
2019-09-25,1,4,35
2019-09-26,1,4,30
2019-09-27,1,4,33
2019-09-28,1,4,25
2019-09-29,1,4,26
2019-09-30,1,4,28
2019-10-01,1,4,34
2019-10-02,1,4,31
2019-10-03,1,4,35
2019-10-04,1,4,27
2019-10-05,1,4,26
2019-10-06,1,4,22
2019-10-07,1,4,28
2019-10-08,1,4,36
2019-10-09,1,4,40
2019-10-10,1,4,27
2019-10-11,1,4,29
2019-10-12,1,4,21
2019-10-13,1,4,19
2019-10-14,1,4,21
2019-10-15,1,4,35
2019-10-16,1,4,43
2019-10-17,1,4,40
2019-10-18,1,4,28
2019-10-19,1,4,30
2019-10-20,1,4,23
2019-10-21,1,4,34
2019-10-22,1,4,34
2019-10-23,1,4,36
2019-10-24,1,4,31
2019-10-25,1,4,19
2019-10-26,1,4,28
2019-10-27,1,4,22
2019-10-28,1,4,27
2019-10-29,1,4,32
2019-10-30,1,4,38
2019-10-31,1,4,42
2019-11-01,1,4,36
2019-11-02,1,4,17
2019-11-03,1,4,24
2019-11-04,1,4,27
2019-11-05,1,4,42
2019-11-06,1,4,41
2019-11-07,1,4,33
2019-11-08,1,4,29
2019-11-09,1,4,23
2019-11-10,1,4,33
2019-11-11,1,4,35
2019-11-12,1,4,42
2019-11-13,1,4,30
2019-11-14,1,4,37
2019-11-15,1,4,38
2019-11-16,1,4,31
2019-11-17,1,4,20
2019-11-18,1,4,33
2019-11-19,1,4,36
2019-11-20,1,4,49
2019-11-21,1,4,39
2019-11-22,1,4,28
2019-11-23,1,4,27
2019-11-24,1,4,19
2019-11-25,1,4,31
2019-11-26,1,4,42
2019-11-27,1,4,47
2019-11-28,1,4,32
2019-11-29,1,4,31
2019-11-30,1,4,33
2019-12-01,1,4,25
2019-12-02,1,4,38
2019-12-03,1,4,44
2019-12-04,1,4,52
2019-12-05,1,4,40
2019-12-06,1,4,34
2019-12-07,1,4,34
2019-12-08,1,4,27
2019-12-09,1,4,38
2019-12-10,1,4,44
2019-12-11,1,4,47
2019-12-12,1,4,46
2019-12-13,1,4,39
2019-12-14,1,4,29
2019-12-15,1,4,35
2019-12-16,1,4,47
2019-12-17,1,4,44
2019-12-18,1,4,50
2019-12-19,1,4,44
2019-12-20,1,4,38
2019-12-21,1,4,28
2019-12-22,1,4,42
2019-12-23,1,4,39
2019-12-24,1,4,53
2019-12-25,1,4,48
2019-12-26,1,4,44
2019-12-27,1,4,45
2019-12-28,1,4,40
2019-12-29,1,4,39
2019-12-30,1,4,47
2019-12-31,1,4,50
2020-01-01,1,4,53
2020-01-02,1,4,46
2020-01-03,1,4,46
2020-01-04,1,4,35
2020-01-05,1,4,46
2020-01-06,1,4,45
2020-01-07,1,4,53
2020-01-08,1,4,58
2020-01-09,1,4,51
2020-01-10,1,4,43
2020-01-11,1,4,40
2020-01-12,1,4,45
2020-01-13,1,4,45
2020-01-14,1,4,54
2020-01-15,1,4,56
2020-01-16,1,4,56
2020-01-17,1,4,45
2020-01-18,1,4,49
2020-01-19,1,4,43
2020-01-20,1,4,49
2020-01-21,1,4,56
2020-01-22,1,4,53
2020-01-23,1,4,50
2020-01-24,1,4,45
2020-01-25,1,4,48
2020-01-26,1,4,45
2020-01-27,1,4,50
2020-01-28,1,4,63
2020-01-29,1,4,66
2020-01-30,1,4,61
2020-01-31,1,4,46
2020-02-01,1,4,43
2020-02-02,1,4,54
2020-02-03,1,4,54
2020-02-04,1,4,59
2020-02-05,1,4,64
2020-02-06,1,4,61
2020-02-07,1,4,48
2020-02-08,1,4,47
2020-02-09,1,4,52
2020-02-10,1,4,50
2020-02-11,1,4,61
2020-02-12,1,4,58
2020-02-13,1,4,55
2020-02-14,1,4,50
2020-02-15,1,4,50
2020-02-16,1,4,48
2020-02-17,1,4,54
2020-02-18,1,4,63
2020-02-19,1,4,60
2020-02-20,1,4,62
2020-02-21,1,4,58
2020-02-22,1,4,49
2020-02-23,1,4,50
2020-02-24,1,4,59
2020-02-25,1,4,56
2020-02-26,1,4,68
2020-02-27,1,4,74
2020-02-28,1,4,54
2020-02-29,1,4,50
2020-03-01,1,4,55
2020-03-02,1,4,65
2020-03-03,1,4,69
2020-03-04,1,4,58
2020-03-05,1,4,64
2020-03-06,1,4,66
2020-03-07,1,4,54
2020-03-08,1,4,48
2020-03-09,1,4,60
2020-03-10,1,4,60
2020-03-11,1,4,72
2020-03-12,1,4,59
2020-03-13,1,4,56
2020-03-14,1,4,48
2020-03-15,1,4,51
2020-03-16,1,4,66
2020-03-17,1,4,67
2020-03-18,1,4,66
2020-03-19,1,4,59
2020-03-20,1,4,49
2020-03-21,1,4,47
2020-03-22,1,4,54
2020-03-23,1,4,64
2020-03-24,1,4,64
2020-03-25,1,4,74
2020-03-26,1,4,61
2020-03-27,1,4,56
2020-03-28,1,4,48
2020-03-29,1,4,58
2020-03-30,1,4,69
2020-03-31,1,4,60
2020-04-01,1,4,67
2020-04-02,1,4,69
2020-04-03,1,4,51
2020-04-04,1,4,55
2020-04-05,1,4,59
2020-04-06,1,4,61
2020-04-07,1,4,69
2020-04-08,1,4,75
2020-04-09,1,4,72
2020-04-10,1,4,57
2020-04-11,1,4,50
2020-04-12,1,4,50
2020-04-13,1,4,64
2020-04-14,1,4,61
2020-04-15,1,4,67
2020-04-16,1,4,64
2020-04-17,1,4,55
2020-04-18,1,4,53
2020-04-19,1,4,64
2020-04-20,1,4,59
2020-04-21,1,4,64
2020-04-22,1,4,72
2020-04-23,1,4,64
2020-04-24,1,4,62
2020-04-25,1,4,52
2020-04-26,1,4,52
2020-04-27,1,4,52
2020-04-28,1,4,59
2020-04-29,1,4,59
2020-04-30,1,4,64
2020-05-01,1,4,50
2020-05-02,1,4,56
2020-05-03,1,4,52
2020-05-04,1,4,57
2020-05-05,1,4,61
2020-05-06,1,4,68
2020-05-07,1,4,58
2020-05-08,1,4,50
2020-05-09,1,4,55
2020-05-10,1,4,53
2020-05-11,1,4,56
2020-05-12,1,4,66
2020-05-13,1,4,65
2020-05-14,1,4,62
2020-05-15,1,4,50
2020-05-16,1,4,57
2020-05-17,1,4,48
2020-05-18,1,4,62
2020-05-19,1,4,61
2020-05-20,1,4,67
2020-05-21,1,4,62
2020-05-22,1,4,57
2020-05-23,1,4,44
2020-05-24,1,4,53
2020-05-25,1,4,62
2020-05-26,1,4,60
2020-05-27,1,4,62
2020-05-28,1,4,56
2020-05-29,1,4,49
2020-05-30,1,4,53
2020-05-31,1,4,43
2020-06-01,1,4,50
2020-06-02,1,4,66
2020-06-03,1,4,63
2020-06-04,1,4,65
2020-06-05,1,4,47
2020-06-06,1,4,45
2020-06-07,1,4,43
2020-06-08,1,4,52
2020-06-09,1,4,51
2020-06-10,1,4,62
2020-06-11,1,4,56
2020-06-12,1,4,47
2020-06-13,1,4,41
2020-06-14,1,4,41
2020-06-15,1,4,53
2020-06-16,1,4,52
2020-06-17,1,4,60
2020-06-18,1,4,61
2020-06-19,1,4,52
2020-06-20,1,4,35
2020-06-21,1,4,40
2020-06-22,1,4,50
2020-06-23,1,4,54
2020-06-24,1,4,50
2020-06-25,1,4,53
2020-06-26,1,4,44
2020-06-27,1,4,47
2020-06-28,1,4,40
2020-06-29,1,4,51
2020-06-30,1,4,48
2020-07-01,1,4,50
2020-07-02,1,4,52
2020-07-03,1,4,47
2020-07-04,1,4,34
2020-07-05,1,4,39
2020-07-06,1,4,39
2020-07-07,1,4,50
2020-07-08,1,4,56
2020-07-09,1,4,46
2020-07-10,1,4,40
2020-07-11,1,4,31
2020-07-12,1,4,35
2020-07-13,1,4,50
2020-07-14,1,4,50
2020-07-15,1,4,47
2020-07-16,1,4,45
2020-07-17,1,4,32
2020-07-18,1,4,30
2020-07-19,1,4,41
2020-07-20,1,4,41
2020-07-21,1,4,55
2020-07-22,1,4,49
2020-07-23,1,4,44
2020-07-24,1,4,40
2020-07-25,1,4,22
2020-07-26,1,4,35
2020-07-27,1,4,40
2020-07-28,1,4,52
2020-07-29,1,4,51
2020-07-30,1,4,38
2020-07-31,1,4,41
2020-08-01,1,4,30
2020-08-02,1,4,29
2020-08-03,1,4,39
2020-08-04,1,4,44
2020-08-05,1,4,52
2020-08-06,1,4,43
2020-08-07,1,4,35
2020-08-08,1,4,33
2020-08-09,1,4,35
2020-08-10,1,4,40
2020-08-11,1,4,49
2020-08-12,1,4,47
2020-08-13,1,4,41
2020-08-14,1,4,38
2020-08-15,1,4,28
2020-08-16,1,4,30
2020-08-17,1,4,43
2020-08-18,1,4,48
2020-08-19,1,4,43
2020-08-20,1,4,37
2020-08-21,1,4,38
2020-08-22,1,4,30
2020-08-23,1,4,30
2020-08-24,1,4,34
2020-08-25,1,4,42
2020-08-26,1,4,42
2020-08-27,1,4,35
2020-08-28,1,4,31
2020-08-29,1,4,27
2020-08-30,1,4,26
2020-08-31,1,4,38
2020-09-01,1,4,45
2020-09-02,1,4,45
2020-09-03,1,4,36
2020-09-04,1,4,33
2020-09-05,1,4,26
2020-09-06,1,4,22
2020-09-07,1,4,36
2020-09-08,1,4,40
2020-09-09,1,4,51
2020-09-10,1,4,42
2020-09-11,1,4,32
2020-09-12,1,4,26
2020-09-13,1,4,27
2020-09-14,1,4,29
2020-09-15,1,4,32
2020-09-16,1,4,37
2020-09-17,1,4,36
2020-09-18,1,4,21
2020-09-19,1,4,22
2020-09-20,1,4,25
2020-09-21,1,4,31
2020-09-22,1,4,36
2020-09-23,1,4,39
2020-09-24,1,4,43
2020-09-25,1,4,31
2020-09-26,1,4,22
2020-09-27,1,4,26
2020-09-28,1,4,32
2020-09-29,1,4,35
2020-09-30,1,4,37
2020-10-01,1,4,40
2020-10-02,1,4,27
2020-10-03,1,4,20
2020-10-04,1,4,26
2020-10-05,1,4,33
2020-10-06,1,4,31
2020-10-07,1,4,40
2020-10-08,1,4,39
2020-10-09,1,4,31
2020-10-10,1,4,34
2020-10-11,1,4,31
2020-10-12,1,4,38
2020-10-13,1,4,50
2020-10-14,1,4,44
2020-10-15,1,4,37
2020-10-16,1,4,33
2020-10-17,1,4,23
2020-10-18,1,4,27
2020-10-19,1,4,31
2020-10-20,1,4,41
2020-10-21,1,4,39
2020-10-22,1,4,34
2020-10-23,1,4,32
2020-10-24,1,4,25
2020-10-25,1,4,20
2020-10-26,1,4,28
2020-10-27,1,4,36
2020-10-28,1,4,39
2020-10-29,1,4,40
2020-10-30,1,4,32
2020-10-31,1,4,31
2020-11-01,1,4,32
2020-11-02,1,4,39
2020-11-03,1,4,44
2020-11-04,1,4,44
2020-11-05,1,4,43
2020-11-06,1,4,36
2020-11-07,1,4,29
2020-11-08,1,4,35
2020-11-09,1,4,27
2020-11-10,1,4,41
2020-11-11,1,4,43
2020-11-12,1,4,45
2020-11-13,1,4,40
2020-11-14,1,4,23
2020-11-15,1,4,37
2020-11-16,1,4,33
2020-11-17,1,4,39
2020-11-18,1,4,45
2020-11-19,1,4,40
2020-11-20,1,4,29
2020-11-21,1,4,33
2020-11-22,1,4,35
2020-11-23,1,4,43
2020-11-24,1,4,44
2020-11-25,1,4,47
2020-11-26,1,4,43
2020-11-27,1,4,43
2020-11-28,1,4,21
2020-11-29,1,4,30
2020-11-30,1,4,40
2020-12-01,1,4,43
2020-12-02,1,4,48
2020-12-03,1,4,44
2020-12-04,1,4,35
2020-12-05,1,4,34
2020-12-06,1,4,38
2020-12-07,1,4,41
2020-12-08,1,4,47
2020-12-09,1,4,50
2020-12-10,1,4,46
2020-12-11,1,4,33
2020-12-12,1,4,37
2020-12-13,1,4,36
2020-12-14,1,4,49
2020-12-15,1,4,53
2020-12-16,1,4,57
2020-12-17,1,4,44
2020-12-18,1,4,40
2020-12-19,1,4,32
2020-12-20,1,4,36
2020-12-21,1,4,51
2020-12-22,1,4,58
2020-12-23,1,4,49
2020-12-24,1,4,48
2020-12-25,1,4,43
2020-12-26,1,4,42
2020-12-27,1,4,34
2020-12-28,1,4,41
2020-12-29,1,4,56
2020-12-30,1,4,48
2020-12-31,1,4,50
2021-01-01,1,4,46
2021-01-02,1,4,43
2021-01-03,1,4,42
2021-01-04,1,4,48
2021-01-05,1,4,59
2021-01-06,1,4,59
2021-01-07,1,4,51
2021-01-08,1,4,47
2021-01-09,1,4,44
2021-01-10,1,4,51
2021-01-11,1,4,54
2021-01-12,1,4,62
2021-01-13,1,4,57
2021-01-14,1,4,53
2021-01-15,1,4,48
2021-01-16,1,4,44
2021-01-17,1,4,42
2021-01-18,1,4,58
2021-01-19,1,4,63
2021-01-20,1,4,60
2021-01-21,1,4,60
2021-01-22,1,4,51
2021-01-23,1,4,49
2021-01-24,1,4,43
2021-01-25,1,4,54
2021-01-26,1,4,61
2021-01-27,1,4,65
2021-01-28,1,4,56
2021-01-29,1,4,42
2021-01-30,1,4,44
2021-01-31,1,4,50
2021-02-01,1,4,57
2021-02-02,1,4,70
2021-02-03,1,4,67
2021-02-04,1,4,61
2021-02-05,1,4,54
2021-02-06,1,4,54
2021-02-07,1,4,49
2021-02-08,1,4,57
2021-02-09,1,4,60
2021-02-10,1,4,72
2021-02-11,1,4,64
2021-02-12,1,4,52
2021-02-13,1,4,51
2021-02-14,1,4,55
2021-02-15,1,4,58
2021-02-16,1,4,64
2021-02-17,1,4,65
2021-02-18,1,4,65
2021-02-19,1,4,55
2021-02-20,1,4,51
2021-02-21,1,4,49
2021-02-22,1,4,61
2021-02-23,1,4,66
2021-02-24,1,4,67
2021-02-25,1,4,65
2021-02-26,1,4,61
2021-02-27,1,4,56
2021-02-28,1,4,57
2021-03-01,1,4,61
2021-03-02,1,4,66
2021-03-03,1,4,65
2021-03-04,1,4,63
2021-03-05,1,4,59
2021-03-06,1,4,51
2021-03-07,1,4,57
2021-03-08,1,4,59
2021-03-09,1,4,62
2021-03-10,1,4,74
2021-03-11,1,4,64
2021-03-12,1,4,56
2021-03-13,1,4,51
2021-03-14,1,4,59
2021-03-15,1,4,69
2021-03-16,1,4,68
2021-03-17,1,4,70
2021-03-18,1,4,71
2021-03-19,1,4,53
2021-03-20,1,4,64
2021-03-21,1,4,67
2021-03-22,1,4,53
2021-03-23,1,4,70
2021-03-24,1,4,69
2021-03-25,1,4,66
2021-03-26,1,4,59
2021-03-27,1,4,59
2021-03-28,1,4,57
2021-03-29,1,4,60
2021-03-30,1,4,70
2021-03-31,1,4,74
2021-04-01,1,4,63
2021-04-02,1,4,54
2021-04-03,1,4,64
2021-04-04,1,4,55
2021-04-05,1,4,63
2021-04-06,1,4,69
2021-04-07,1,4,74
2021-04-08,1,4,75
2021-04-09,1,4,63
2021-04-10,1,4,50
2021-04-11,1,4,52
2021-04-12,1,4,62
2021-04-13,1,4,69
2021-04-14,1,4,65
2021-04-15,1,4,70
2021-04-16,1,4,56
2021-04-17,1,4,62
2021-04-18,1,4,65
2021-04-19,1,4,62
2021-04-20,1,4,71
2021-04-21,1,4,66
2021-04-22,1,4,69
2021-04-23,1,4,58
2021-04-24,1,4,51
2021-04-25,1,4,56
2021-04-26,1,4,61
2021-04-27,1,4,68
2021-04-28,1,4,74
2021-04-29,1,4,63
2021-04-30,1,4,66
2021-05-01,1,4,49
2021-05-02,1,4,62
2021-05-03,1,4,58
2021-05-04,1,4,68
2021-05-05,1,4,68
2021-05-06,1,4,64
2021-05-07,1,4,61
2021-05-08,1,4,60
2021-05-09,1,4,60
2021-05-10,1,4,60
2021-05-11,1,4,68
2021-05-12,1,4,66
2021-05-13,1,4,60
2021-05-14,1,4,52
2021-05-15,1,4,51
2021-05-16,1,4,55
2021-05-17,1,4,52
2021-05-18,1,4,66
2021-05-19,1,4,74
2021-05-20,1,4,67
2021-05-21,1,4,54
2021-05-22,1,4,46
2021-05-23,1,4,55
2021-05-24,1,4,49
2021-05-25,1,4,69
2021-05-26,1,4,65
2021-05-27,1,4,69
2021-05-28,1,4,48
2021-05-29,1,4,54
2021-05-30,1,4,51
2021-05-31,1,4,56
2021-06-01,1,4,58
2021-06-02,1,4,67
2021-06-03,1,4,63
2021-06-04,1,4,60
2021-06-05,1,4,52
2021-06-06,1,4,47
2021-06-07,1,4,52
2021-06-08,1,4,56
2021-06-09,1,4,69
2021-06-10,1,4,55
2021-06-11,1,4,57
2021-06-12,1,4,49
2021-06-13,1,4,49
2021-06-14,1,4,53
2021-06-15,1,4,63
2021-06-16,1,4,61
2021-06-17,1,4,55
2021-06-18,1,4,53
2021-06-19,1,4,45
2021-06-20,1,4,43
2021-06-21,1,4,55
2021-06-22,1,4,58
2021-06-23,1,4,62
2021-06-24,1,4,53
2021-06-25,1,4,43
2021-06-26,1,4,50
2021-06-27,1,4,51
2021-06-28,1,4,54
2021-06-29,1,4,55
2021-06-30,1,4,57
2021-07-01,1,4,59
2021-07-02,1,4,45
2021-07-03,1,4,39
2021-07-04,1,4,51
2021-07-05,1,4,49
2021-07-06,1,4,62
2021-07-07,1,4,51
2021-07-08,1,4,54
2021-07-09,1,4,53
2021-07-10,1,4,40
2021-07-11,1,4,40
2021-07-12,1,4,43
2021-07-13,1,4,58
2021-07-14,1,4,52
2021-07-15,1,4,50
2021-07-16,1,4,38
2021-07-17,1,4,45
2021-07-18,1,4,44
2021-07-19,1,4,45
2021-07-20,1,4,47
2021-07-21,1,4,59
2021-07-22,1,4,47
2021-07-23,1,4,37
2021-07-24,1,4,30
2021-07-25,1,4,35
2021-07-26,1,4,38
2021-07-27,1,4,48
2021-07-28,1,4,54
2021-07-29,1,4,45
2021-07-30,1,4,41
2021-07-31,1,4,32
2021-08-01,1,4,37
2021-08-02,1,4,50
2021-08-03,1,4,47
2021-08-04,1,4,51
2021-08-05,1,4,39
2021-08-06,1,4,44
2021-08-07,1,4,32
2021-08-08,1,4,39
2021-08-09,1,4,41
2021-08-10,1,4,50
2021-08-11,1,4,51
2021-08-12,1,4,42
2021-08-13,1,4,41
2021-08-14,1,4,29
2021-08-15,1,4,37
2021-08-16,1,4,38
2021-08-17,1,4,47
2021-08-18,1,4,45
2021-08-19,1,4,43
2021-08-20,1,4,31
2021-08-21,1,4,32
2021-08-22,1,4,33
2021-08-23,1,4,36
2021-08-24,1,4,44
2021-08-25,1,4,47
2021-08-26,1,4,39
2021-08-27,1,4,34
2021-08-28,1,4,26
2021-08-29,1,4,41
2021-08-30,1,4,42
2021-08-31,1,4,45
2021-09-01,1,4,50
2021-09-02,1,4,33
2021-09-03,1,4,23
2021-09-04,1,4,28
2021-09-05,1,4,25
2021-09-06,1,4,36
2021-09-07,1,4,44
2021-09-08,1,4,48
2021-09-09,1,4,36
2021-09-10,1,4,35
2021-09-11,1,4,29
2021-09-12,1,4,31
2021-09-13,1,4,34
2021-09-14,1,4,48
2021-09-15,1,4,44
2021-09-16,1,4,47
2021-09-17,1,4,29
2021-09-18,1,4,31
2021-09-19,1,4,29
2021-09-20,1,4,35
2021-09-21,1,4,45
2021-09-22,1,4,42
2021-09-23,1,4,29
2021-09-24,1,4,20
2021-09-25,1,4,33
2021-09-26,1,4,34
2021-09-27,1,4,43
2021-09-28,1,4,42
2021-09-29,1,4,38
2021-09-30,1,4,38
2021-10-01,1,4,32
2021-10-02,1,4,24
2021-10-03,1,4,36
2021-10-04,1,4,45
2021-10-05,1,4,44
2021-10-06,1,4,44
2021-10-07,1,4,34
2021-10-08,1,4,39
2021-10-09,1,4,29
2021-10-10,1,4,29
2021-10-11,1,4,38
2021-10-12,1,4,40
2021-10-13,1,4,45
2021-10-14,1,4,34
2021-10-15,1,4,37
2021-10-16,1,4,28
2021-10-17,1,4,35
2021-10-18,1,4,36
2021-10-19,1,4,42
2021-10-20,1,4,40
2021-10-21,1,4,43
2021-10-22,1,4,30
2021-10-23,1,4,27
2021-10-24,1,4,31
2021-10-25,1,4,38
2021-10-26,1,4,37
2021-10-27,1,4,44
2021-10-28,1,4,44
2021-10-29,1,4,33
2021-10-30,1,4,29
2021-10-31,1,4,32
2021-11-01,1,4,38
2021-11-02,1,4,40
2021-11-03,1,4,46
2021-11-04,1,4,46
2021-11-05,1,4,31
2021-11-06,1,4,30
2021-11-07,1,4,27
2021-11-08,1,4,43
2021-11-09,1,4,45
2021-11-10,1,4,44
2021-11-11,1,4,44
2021-11-12,1,4,32
2021-11-13,1,4,28
2021-11-14,1,4,28
2021-11-15,1,4,36
2021-11-16,1,4,52
2021-11-17,1,4,46
2021-11-18,1,4,46
2021-11-19,1,4,35
2021-11-20,1,4,37
2021-11-21,1,4,31
2021-11-22,1,4,42
2021-11-23,1,4,49
2021-11-24,1,4,59
2021-11-25,1,4,49
2021-11-26,1,4,37
2021-11-27,1,4,38
2021-11-28,1,4,46
2021-11-29,1,4,37
2021-11-30,1,4,47
2021-12-01,1,4,51
2021-12-02,1,4,46
2021-12-03,1,4,40
2021-12-04,1,4,32
2021-12-05,1,4,44
2021-12-06,1,4,39
2021-12-07,1,4,51
2021-12-08,1,4,58
2021-12-09,1,4,49
2021-12-10,1,4,39
2021-12-11,1,4,33
2021-12-12,1,4,39
2021-12-13,1,4,44
2021-12-14,1,4,54
2021-12-15,1,4,50
2021-12-16,1,4,54
2021-12-17,1,4,45
2021-12-18,1,4,41
2021-12-19,1,4,48
2021-12-20,1,4,47
2021-12-21,1,4,52
2021-12-22,1,4,55
2021-12-23,1,4,52
2021-12-24,1,4,46
2021-12-25,1,4,39
2021-12-26,1,4,36
2021-12-27,1,4,48
2021-12-28,1,4,59
2021-12-29,1,4,59
2021-12-30,1,4,60
2021-12-31,1,4,56
2022-01-01,1,4,47
2022-01-02,1,4,51
2022-01-03,1,4,56
2022-01-04,1,4,66
2022-01-05,1,4,68
2022-01-06,1,4,61
2022-01-07,1,4,53
2022-01-08,1,4,45
2022-01-09,1,4,48
2022-01-10,1,4,53
2022-01-11,1,4,63
2022-01-12,1,4,60
2022-01-13,1,4,58
2022-01-14,1,4,42
2022-01-15,1,4,55
2022-01-16,1,4,49
2022-01-17,1,4,58
2022-01-18,1,4,68
2022-01-19,1,4,66
2022-01-20,1,4,66
2022-01-21,1,4,49
2022-01-22,1,4,59
2022-01-23,1,4,56
2022-01-24,1,4,59
2022-01-25,1,4,70
2022-01-26,1,4,62
2022-01-27,1,4,61
2022-01-28,1,4,61
2022-01-29,1,4,44
2022-01-30,1,4,55
2022-01-31,1,4,62
2022-02-01,1,4,74
2022-02-02,1,4,62
2022-02-03,1,4,70
2022-02-04,1,4,55
2022-02-05,1,4,51
2022-02-06,1,4,50
2022-02-07,1,4,57
2022-02-08,1,4,69
2022-02-09,1,4,65
2022-02-10,1,4,68
2022-02-11,1,4,56
2022-02-12,1,4,50
2022-02-13,1,4,54
2022-02-14,1,4,64
2022-02-15,1,4,68
2022-02-16,1,4,71
2022-02-17,1,4,69
2022-02-18,1,4,64
2022-02-19,1,4,54
2022-02-20,1,4,53
2022-02-21,1,4,64
2022-02-22,1,4,72
2022-02-23,1,4,66
2022-02-24,1,4,64
2022-02-25,1,4,58
2022-02-26,1,4,56
2022-02-27,1,4,56
2022-02-28,1,4,68
2022-03-01,1,4,65
2022-03-02,1,4,67
2022-03-03,1,4,68
2022-03-04,1,4,61
2022-03-05,1,4,52
2022-03-06,1,4,57
2022-03-07,1,4,64
2022-03-08,1,4,71
2022-03-09,1,4,75
2022-03-10,1,4,67
2022-03-11,1,4,69
2022-03-12,1,4,61
2022-03-13,1,4,57
2022-03-14,1,4,67
2022-03-15,1,4,73
2022-03-16,1,4,79
2022-03-17,1,4,68
2022-03-18,1,4,67
2022-03-19,1,4,59
2022-03-20,1,4,67
2022-03-21,1,4,72
2022-03-22,1,4,74
2022-03-23,1,4,74
2022-03-24,1,4,73
2022-03-25,1,4,63
2022-03-26,1,4,66
2022-03-27,1,4,61
2022-03-28,1,4,66
2022-03-29,1,4,72
2022-03-30,1,4,70
2022-03-31,1,4,73
2022-04-01,1,4,61
2022-04-02,1,4,64
2022-04-03,1,4,56
2022-04-04,1,4,68
2022-04-05,1,4,78
2022-04-06,1,4,67
2022-04-07,1,4,79
2022-04-08,1,4,62
2022-04-09,1,4,60
2022-04-10,1,4,63
2022-04-11,1,4,70
2022-04-12,1,4,75
2022-04-13,1,4,79
2022-04-14,1,4,73
2022-04-15,1,4,71
2022-04-16,1,4,61
2022-04-17,1,4,69
2022-04-18,1,4,71
2022-04-19,1,4,66
2022-04-20,1,4,85
2022-04-21,1,4,68
2022-04-22,1,4,69
2022-04-23,1,4,59
2022-04-24,1,4,65
2022-04-25,1,4,64
2022-04-26,1,4,75
2022-04-27,1,4,73
2022-04-28,1,4,76
2022-04-29,1,4,64
2022-04-30,1,4,62
2022-05-01,1,4,51
2022-05-02,1,4,65
2022-05-03,1,4,74
2022-05-04,1,4,74
2022-05-05,1,4,73
2022-05-06,1,4,60
2022-05-07,1,4,58
2022-05-08,1,4,63
2022-05-09,1,4,56
2022-05-10,1,4,73
2022-05-11,1,4,71
2022-05-12,1,4,64
2022-05-13,1,4,62
2022-05-14,1,4,61
2022-05-15,1,4,62
2022-05-16,1,4,63
2022-05-17,1,4,73
2022-05-18,1,4,75
2022-05-19,1,4,66
2022-05-20,1,4,57
2022-05-21,1,4,52
2022-05-22,1,4,60
2022-05-23,1,4,62
2022-05-24,1,4,64
2022-05-25,1,4,63
2022-05-26,1,4,69
2022-05-27,1,4,56
2022-05-28,1,4,55
2022-05-29,1,4,60
2022-05-30,1,4,56
2022-05-31,1,4,67
2022-06-01,1,4,68
2022-06-02,1,4,65
2022-06-03,1,4,62
2022-06-04,1,4,47
2022-06-05,1,4,56
2022-06-06,1,4,64
2022-06-07,1,4,65
2022-06-08,1,4,66
2022-06-09,1,4,64
2022-06-10,1,4,57
2022-06-11,1,4,53
2022-06-12,1,4,54
2022-06-13,1,4,54
2022-06-14,1,4,68
2022-06-15,1,4,70
2022-06-16,1,4,61
2022-06-17,1,4,48
2022-06-18,1,4,48
2022-06-19,1,4,51
2022-06-20,1,4,52
2022-06-21,1,4,61
2022-06-22,1,4,58
2022-06-23,1,4,61
2022-06-24,1,4,52
2022-06-25,1,4,41
2022-06-26,1,4,50
2022-06-27,1,4,54
2022-06-28,1,4,63
2022-06-29,1,4,60
2022-06-30,1,4,54
2022-07-01,1,4,47
2022-07-02,1,4,43
2022-07-03,1,4,47
2022-07-04,1,4,53
2022-07-05,1,4,58
2022-07-06,1,4,58
2022-07-07,1,4,54
2022-07-08,1,4,58
2022-07-09,1,4,41
2022-07-10,1,4,43
2022-07-11,1,4,64
2022-07-12,1,4,59
2022-07-13,1,4,53
2022-07-14,1,4,57
2022-07-15,1,4,43
2022-07-16,1,4,46
2022-07-17,1,4,42
2022-07-18,1,4,48
2022-07-19,1,4,62
2022-07-20,1,4,59
2022-07-21,1,4,56
2022-07-22,1,4,47
2022-07-23,1,4,39
2022-07-24,1,4,44
2022-07-25,1,4,53
2022-07-26,1,4,54
2022-07-27,1,4,62
2022-07-28,1,4,54
2022-07-29,1,4,44
2022-07-30,1,4,40
2022-07-31,1,4,41
2022-08-01,1,4,41
2022-08-02,1,4,52
2022-08-03,1,4,54
2022-08-04,1,4,47
2022-08-05,1,4,43
2022-08-06,1,4,37
2022-08-07,1,4,42
2022-08-08,1,4,47
2022-08-09,1,4,51
2022-08-10,1,4,47
2022-08-11,1,4,55
2022-08-12,1,4,40
2022-08-13,1,4,36
2022-08-14,1,4,36
2022-08-15,1,4,41
2022-08-16,1,4,56
2022-08-17,1,4,56
2022-08-18,1,4,48
2022-08-19,1,4,39
2022-08-20,1,4,37
2022-08-21,1,4,36
2022-08-22,1,4,42
2022-08-23,1,4,50
2022-08-24,1,4,48
2022-08-25,1,4,46
2022-08-26,1,4,39
2022-08-27,1,4,36
2022-08-28,1,4,33
2022-08-29,1,4,44
2022-08-30,1,4,44
2022-08-31,1,4,47
2022-09-01,1,4,42
2022-09-02,1,4,33
2022-09-03,1,4,37
2022-09-04,1,4,30
2022-09-05,1,4,38
2022-09-06,1,4,52
2022-09-07,1,4,46
2022-09-08,1,4,43
2022-09-09,1,4,33
2022-09-10,1,4,36
2022-09-11,1,4,37
2022-09-12,1,4,43
2022-09-13,1,4,48
2022-09-14,1,4,48
2022-09-15,1,4,41
2022-09-16,1,4,33
2022-09-17,1,4,37
2022-09-18,1,4,36
2022-09-19,1,4,37
2022-09-20,1,4,46
2022-09-21,1,4,46
2022-09-22,1,4,38
2022-09-23,1,4,37
2022-09-24,1,4,30
2022-09-25,1,4,29
2022-09-26,1,4,33
2022-09-27,1,4,39
2022-09-28,1,4,46
2022-09-29,1,4,42
2022-09-30,1,4,32
2022-10-01,1,4,34
2022-10-02,1,4,33
2022-10-03,1,4,42
2022-10-04,1,4,45
2022-10-05,1,4,44
2022-10-06,1,4,43
2022-10-07,1,4,31
2022-10-08,1,4,34
2022-10-09,1,4,30
2022-10-10,1,4,43
2022-10-11,1,4,45
2022-10-12,1,4,52
2022-10-13,1,4,39
2022-10-14,1,4,34
2022-10-15,1,4,34
2022-10-16,1,4,38
2022-10-17,1,4,47
2022-10-18,1,4,47
2022-10-19,1,4,55
2022-10-20,1,4,43
2022-10-21,1,4,41
2022-10-22,1,4,29
2022-10-23,1,4,36
2022-10-24,1,4,31
2022-10-25,1,4,43
2022-10-26,1,4,51
2022-10-27,1,4,39
2022-10-28,1,4,39
2022-10-29,1,4,37
2022-10-30,1,4,33
2022-10-31,1,4,38
2022-11-01,1,4,46
2022-11-02,1,4,46
2022-11-03,1,4,45
2022-11-04,1,4,39
2022-11-05,1,4,33
2022-11-06,1,4,43
2022-11-07,1,4,40
2022-11-08,1,4,55
2022-11-09,1,4,47
2022-11-10,1,4,47
2022-11-11,1,4,45
2022-11-12,1,4,40
2022-11-13,1,4,36
2022-11-14,1,4,46
2022-11-15,1,4,52
2022-11-16,1,4,50
2022-11-17,1,4,50
2022-11-18,1,4,49
2022-11-19,1,4,39
2022-11-20,1,4,41
2022-11-21,1,4,48
2022-11-22,1,4,46
2022-11-23,1,4,55
2022-11-24,1,4,45
2022-11-25,1,4,40
2022-11-26,1,4,47
2022-11-27,1,4,39
2022-11-28,1,4,44
2022-11-29,1,4,58
2022-11-30,1,4,51
2022-12-01,1,4,49
2022-12-02,1,4,49
2022-12-03,1,4,40
2022-12-04,1,4,36
2022-12-05,1,4,51
2022-12-06,1,4,53
2022-12-07,1,4,63
2022-12-08,1,4,50
2022-12-09,1,4,50
2022-12-10,1,4,49
2022-12-11,1,4,40
2022-12-12,1,4,49
2022-12-13,1,4,58
2022-12-14,1,4,55
2022-12-15,1,4,55
2022-12-16,1,4,47
2022-12-17,1,4,43
2022-12-18,1,4,46
2022-12-19,1,4,52
2022-12-20,1,4,59
2022-12-21,1,4,58
2022-12-22,1,4,54
2022-12-23,1,4,49
2022-12-24,1,4,45
2022-12-25,1,4,46
2022-12-26,1,4,55
2022-12-27,1,4,53
2022-12-28,1,4,59
2022-12-29,1,4,57
2022-12-30,1,4,48
2022-12-31,1,4,54
2018-01-01,1,5,38
2018-01-02,1,5,47
2018-01-03,1,5,44
2018-01-04,1,5,44
2018-01-05,1,5,34
2018-01-06,1,5,33
2018-01-07,1,5,25
2018-01-08,1,5,38
2018-01-09,1,5,55
2018-01-10,1,5,54
2018-01-11,1,5,52
2018-01-12,1,5,45
2018-01-13,1,5,38
2018-01-14,1,5,36
2018-01-15,1,5,40
2018-01-16,1,5,55
2018-01-17,1,5,53
2018-01-18,1,5,58
2018-01-19,1,5,40
2018-01-20,1,5,45
2018-01-21,1,5,39
2018-01-22,1,5,51
2018-01-23,1,5,59
2018-01-24,1,5,50
2018-01-25,1,5,48
2018-01-26,1,5,39
2018-01-27,1,5,34
2018-01-28,1,5,44
2018-01-29,1,5,47
2018-01-30,1,5,54
2018-01-31,1,5,58
2018-02-01,1,5,44
2018-02-02,1,5,50
2018-02-03,1,5,39
2018-02-04,1,5,45
2018-02-05,1,5,52
2018-02-06,1,5,61
2018-02-07,1,5,57
2018-02-08,1,5,45
2018-02-09,1,5,47
2018-02-10,1,5,43
2018-02-11,1,5,40
2018-02-12,1,5,51
2018-02-13,1,5,56
2018-02-14,1,5,53
2018-02-15,1,5,57
2018-02-16,1,5,46
2018-02-17,1,5,42
2018-02-18,1,5,44
2018-02-19,1,5,57
2018-02-20,1,5,58
2018-02-21,1,5,60
2018-02-22,1,5,54
2018-02-23,1,5,51
2018-02-24,1,5,50
2018-02-25,1,5,49
2018-02-26,1,5,56
2018-02-27,1,5,62
2018-02-28,1,5,56
2018-03-01,1,5,53
2018-03-02,1,5,49
2018-03-03,1,5,43
2018-03-04,1,5,43
2018-03-05,1,5,46
2018-03-06,1,5,55
2018-03-07,1,5,61
2018-03-08,1,5,58
2018-03-09,1,5,48
2018-03-10,1,5,47
2018-03-11,1,5,47
2018-03-12,1,5,59
2018-03-13,1,5,60
2018-03-14,1,5,66
2018-03-15,1,5,59
2018-03-16,1,5,46
2018-03-17,1,5,47
2018-03-18,1,5,44
2018-03-19,1,5,55
2018-03-20,1,5,59
2018-03-21,1,5,65
2018-03-22,1,5,54
2018-03-23,1,5,52
2018-03-24,1,5,50
2018-03-25,1,5,53
2018-03-26,1,5,53
2018-03-27,1,5,62
2018-03-28,1,5,64
2018-03-29,1,5,65
2018-03-30,1,5,46
2018-03-31,1,5,44
2018-04-01,1,5,61
2018-04-02,1,5,55
2018-04-03,1,5,55
2018-04-04,1,5,61
2018-04-05,1,5,48
2018-04-06,1,5,53
2018-04-07,1,5,51
2018-04-08,1,5,46
2018-04-09,1,5,54
2018-04-10,1,5,66
2018-04-11,1,5,56
2018-04-12,1,5,54
2018-04-13,1,5,51
2018-04-14,1,5,45
2018-04-15,1,5,48
2018-04-16,1,5,50
2018-04-17,1,5,63
2018-04-18,1,5,63
2018-04-19,1,5,61
2018-04-20,1,5,53
2018-04-21,1,5,48
2018-04-22,1,5,43
2018-04-23,1,5,57
2018-04-24,1,5,60
2018-04-25,1,5,62
2018-04-26,1,5,62
2018-04-27,1,5,48
2018-04-28,1,5,52
2018-04-29,1,5,54
2018-04-30,1,5,57
2018-05-01,1,5,56
2018-05-02,1,5,53
2018-05-03,1,5,62
2018-05-04,1,5,51
2018-05-05,1,5,43
2018-05-06,1,5,52
2018-05-07,1,5,50
2018-05-08,1,5,58
2018-05-09,1,5,63
2018-05-10,1,5,52
2018-05-11,1,5,49
2018-05-12,1,5,49
2018-05-13,1,5,47
2018-05-14,1,5,57
2018-05-15,1,5,63
2018-05-16,1,5,60
2018-05-17,1,5,46
2018-05-18,1,5,44
2018-05-19,1,5,47
2018-05-20,1,5,39
2018-05-21,1,5,50
2018-05-22,1,5,58
2018-05-23,1,5,64
2018-05-24,1,5,52
2018-05-25,1,5,44
2018-05-26,1,5,42
2018-05-27,1,5,45
2018-05-28,1,5,49
2018-05-29,1,5,60
2018-05-30,1,5,54
2018-05-31,1,5,53
2018-06-01,1,5,47
2018-06-02,1,5,39
2018-06-03,1,5,46
2018-06-04,1,5,49
2018-06-05,1,5,57
2018-06-06,1,5,56
2018-06-07,1,5,52
2018-06-08,1,5,41
2018-06-09,1,5,37
2018-06-10,1,5,45
2018-06-11,1,5,49
2018-06-12,1,5,49
2018-06-13,1,5,55
2018-06-14,1,5,40
2018-06-15,1,5,40
2018-06-16,1,5,41
2018-06-17,1,5,38
2018-06-18,1,5,45
2018-06-19,1,5,39
2018-06-20,1,5,51
2018-06-21,1,5,49
2018-06-22,1,5,42
2018-06-23,1,5,40
2018-06-24,1,5,36
2018-06-25,1,5,43
2018-06-26,1,5,44
2018-06-27,1,5,50
2018-06-28,1,5,41
2018-06-29,1,5,31
2018-06-30,1,5,30
2018-07-01,1,5,41
2018-07-02,1,5,40
2018-07-03,1,5,48
2018-07-04,1,5,47
2018-07-05,1,5,37
2018-07-06,1,5,41
2018-07-07,1,5,24
2018-07-08,1,5,31
2018-07-09,1,5,39
2018-07-10,1,5,47
2018-07-11,1,5,44
2018-07-12,1,5,35
2018-07-13,1,5,32
2018-07-14,1,5,28
2018-07-15,1,5,29
2018-07-16,1,5,42
2018-07-17,1,5,39
2018-07-18,1,5,47
2018-07-19,1,5,41
2018-07-20,1,5,37
2018-07-21,1,5,28
2018-07-22,1,5,33
2018-07-23,1,5,36
2018-07-24,1,5,44
2018-07-25,1,5,38
2018-07-26,1,5,29
2018-07-27,1,5,33
2018-07-28,1,5,29
2018-07-29,1,5,31
2018-07-30,1,5,33
2018-07-31,1,5,47
2018-08-01,1,5,40
2018-08-02,1,5,39
2018-08-03,1,5,33
2018-08-04,1,5,33
2018-08-05,1,5,26
2018-08-06,1,5,31
2018-08-07,1,5,33
2018-08-08,1,5,47
2018-08-09,1,5,38
2018-08-10,1,5,31
2018-08-11,1,5,37
2018-08-12,1,5,27
2018-08-13,1,5,27
2018-08-14,1,5,37
2018-08-15,1,5,35
2018-08-16,1,5,33
2018-08-17,1,5,26
2018-08-18,1,5,21
2018-08-19,1,5,19
2018-08-20,1,5,37
2018-08-21,1,5,38
2018-08-22,1,5,37
2018-08-23,1,5,37
2018-08-24,1,5,28
2018-08-25,1,5,23
2018-08-26,1,5,26
2018-08-27,1,5,30
2018-08-28,1,5,38
2018-08-29,1,5,40
2018-08-30,1,5,33
2018-08-31,1,5,25
2018-09-01,1,5,27
2018-09-02,1,5,21
2018-09-03,1,5,30
2018-09-04,1,5,37
2018-09-05,1,5,34
2018-09-06,1,5,29
2018-09-07,1,5,23
2018-09-08,1,5,19
2018-09-09,1,5,16
2018-09-10,1,5,25
2018-09-11,1,5,35
2018-09-12,1,5,41
2018-09-13,1,5,34
2018-09-14,1,5,14
2018-09-15,1,5,23
2018-09-16,1,5,19
2018-09-17,1,5,29
2018-09-18,1,5,34
2018-09-19,1,5,35
2018-09-20,1,5,31
2018-09-21,1,5,24
2018-09-22,1,5,25
2018-09-23,1,5,21
2018-09-24,1,5,32
2018-09-25,1,5,37
2018-09-26,1,5,38
2018-09-27,1,5,24
2018-09-28,1,5,28
2018-09-29,1,5,18
2018-09-30,1,5,24
2018-10-01,1,5,23
2018-10-02,1,5,29
2018-10-03,1,5,43
2018-10-04,1,5,27
2018-10-05,1,5,29
2018-10-06,1,5,20
2018-10-07,1,5,20
2018-10-08,1,5,27
2018-10-09,1,5,29
2018-10-10,1,5,35
2018-10-11,1,5,27
2018-10-12,1,5,23
2018-10-13,1,5,24
2018-10-14,1,5,23
2018-10-15,1,5,22
2018-10-16,1,5,38
2018-10-17,1,5,36
2018-10-18,1,5,29
2018-10-19,1,5,28
2018-10-20,1,5,20
2018-10-21,1,5,17
2018-10-22,1,5,36
2018-10-23,1,5,35
2018-10-24,1,5,36
2018-10-25,1,5,31
2018-10-26,1,5,30
2018-10-27,1,5,19
2018-10-28,1,5,17
2018-10-29,1,5,27
2018-10-30,1,5,41
2018-10-31,1,5,41
2018-11-01,1,5,32
2018-11-02,1,5,32
2018-11-03,1,5,25
2018-11-04,1,5,23
2018-11-05,1,5,30
2018-11-06,1,5,38
2018-11-07,1,5,35
2018-11-08,1,5,34
2018-11-09,1,5,29
2018-11-10,1,5,17
2018-11-11,1,5,24
2018-11-12,1,5,30
2018-11-13,1,5,42
2018-11-14,1,5,32
2018-11-15,1,5,34
2018-11-16,1,5,27
2018-11-17,1,5,28
2018-11-18,1,5,26
2018-11-19,1,5,40
2018-11-20,1,5,42
2018-11-21,1,5,39
2018-11-22,1,5,38
2018-11-23,1,5,29
2018-11-24,1,5,29
2018-11-25,1,5,22
2018-11-26,1,5,31
2018-11-27,1,5,43
2018-11-28,1,5,47
2018-11-29,1,5,30
2018-11-30,1,5,37
2018-12-01,1,5,27
2018-12-02,1,5,22
2018-12-03,1,5,24
2018-12-04,1,5,36
2018-12-05,1,5,44
2018-12-06,1,5,40
2018-12-07,1,5,36
2018-12-08,1,5,27
2018-12-09,1,5,27
2018-12-10,1,5,36
2018-12-11,1,5,44
2018-12-12,1,5,47
2018-12-13,1,5,39
2018-12-14,1,5,39
2018-12-15,1,5,29
2018-12-16,1,5,29
2018-12-17,1,5,37
2018-12-18,1,5,50
2018-12-19,1,5,47
2018-12-20,1,5,41
2018-12-21,1,5,41
2018-12-22,1,5,41
2018-12-23,1,5,36
2018-12-24,1,5,46
2018-12-25,1,5,52
2018-12-26,1,5,47
2018-12-27,1,5,46
2018-12-28,1,5,34
2018-12-29,1,5,34
2018-12-30,1,5,34
2018-12-31,1,5,41
2019-01-01,1,5,47
2019-01-02,1,5,50
2019-01-03,1,5,49
2019-01-04,1,5,40
2019-01-05,1,5,29
2019-01-06,1,5,35
2019-01-07,1,5,39
2019-01-08,1,5,52
2019-01-09,1,5,55
2019-01-10,1,5,50
2019-01-11,1,5,39
2019-01-12,1,5,39
2019-01-13,1,5,38
2019-01-14,1,5,42
2019-01-15,1,5,56
2019-01-16,1,5,58
2019-01-17,1,5,55
2019-01-18,1,5,42
2019-01-19,1,5,45
2019-01-20,1,5,40
2019-01-21,1,5,51
2019-01-22,1,5,53
2019-01-23,1,5,56
2019-01-24,1,5,43
2019-01-25,1,5,45
2019-01-26,1,5,42
2019-01-27,1,5,42
2019-01-28,1,5,57
2019-01-29,1,5,52
2019-01-30,1,5,56
2019-01-31,1,5,51
2019-02-01,1,5,45
2019-02-02,1,5,48
2019-02-03,1,5,51
2019-02-04,1,5,49
2019-02-05,1,5,55
2019-02-06,1,5,55
2019-02-07,1,5,61
2019-02-08,1,5,54
2019-02-09,1,5,45
2019-02-10,1,5,41
2019-02-11,1,5,48
2019-02-12,1,5,60
2019-02-13,1,5,64
2019-02-14,1,5,49
2019-02-15,1,5,49
2019-02-16,1,5,53
2019-02-17,1,5,47
2019-02-18,1,5,61
2019-02-19,1,5,64
2019-02-20,1,5,58
2019-02-21,1,5,57
2019-02-22,1,5,51
2019-02-23,1,5,44
2019-02-24,1,5,46
2019-02-25,1,5,62
2019-02-26,1,5,58
2019-02-27,1,5,68
2019-02-28,1,5,58
2019-03-01,1,5,53
2019-03-02,1,5,51
2019-03-03,1,5,48
2019-03-04,1,5,59
2019-03-05,1,5,55
2019-03-06,1,5,67
2019-03-07,1,5,51
2019-03-08,1,5,53
2019-03-09,1,5,53
2019-03-10,1,5,54
2019-03-11,1,5,52
2019-03-12,1,5,59
2019-03-13,1,5,63
2019-03-14,1,5,62
2019-03-15,1,5,46
2019-03-16,1,5,50
2019-03-17,1,5,53
2019-03-18,1,5,57
2019-03-19,1,5,67
2019-03-20,1,5,67
2019-03-21,1,5,60
2019-03-22,1,5,47
2019-03-23,1,5,51
2019-03-24,1,5,49
2019-03-25,1,5,56
2019-03-26,1,5,67
2019-03-27,1,5,72
2019-03-28,1,5,62
2019-03-29,1,5,58
2019-03-30,1,5,45
2019-03-31,1,5,54
2019-04-01,1,5,59
2019-04-02,1,5,70
2019-04-03,1,5,64
2019-04-04,1,5,61
2019-04-05,1,5,60
2019-04-06,1,5,51
2019-04-07,1,5,48
2019-04-08,1,5,69
2019-04-09,1,5,61
2019-04-10,1,5,66
2019-04-11,1,5,64
2019-04-12,1,5,56
2019-04-13,1,5,50
2019-04-14,1,5,52
2019-04-15,1,5,58
2019-04-16,1,5,60
2019-04-17,1,5,75
2019-04-18,1,5,61
2019-04-19,1,5,57
2019-04-20,1,5,49
2019-04-21,1,5,50
2019-04-22,1,5,56
2019-04-23,1,5,58
2019-04-24,1,5,65
2019-04-25,1,5,60
2019-04-26,1,5,59
2019-04-27,1,5,45
2019-04-28,1,5,49
2019-04-29,1,5,54
2019-04-30,1,5,69
2019-05-01,1,5,61
2019-05-02,1,5,63
2019-05-03,1,5,57
2019-05-04,1,5,48
2019-05-05,1,5,45
2019-05-06,1,5,51
2019-05-07,1,5,66
2019-05-08,1,5,59
2019-05-09,1,5,61
2019-05-10,1,5,53
2019-05-11,1,5,49
2019-05-12,1,5,51
2019-05-13,1,5,52
2019-05-14,1,5,58
2019-05-15,1,5,66
2019-05-16,1,5,56
2019-05-17,1,5,40
2019-05-18,1,5,49
2019-05-19,1,5,44
2019-05-20,1,5,56
2019-05-21,1,5,66
2019-05-22,1,5,62
2019-05-23,1,5,61
2019-05-24,1,5,51
2019-05-25,1,5,52
2019-05-26,1,5,43
2019-05-27,1,5,53
2019-05-28,1,5,62
2019-05-29,1,5,60
2019-05-30,1,5,60
2019-05-31,1,5,47
2019-06-01,1,5,52
2019-06-02,1,5,54
2019-06-03,1,5,53
2019-06-04,1,5,60
2019-06-05,1,5,64
2019-06-06,1,5,49
2019-06-07,1,5,42
2019-06-08,1,5,47
2019-06-09,1,5,45
2019-06-10,1,5,49
2019-06-11,1,5,56
2019-06-12,1,5,48
2019-06-13,1,5,52
2019-06-14,1,5,42
2019-06-15,1,5,45
2019-06-16,1,5,46
2019-06-17,1,5,50
2019-06-18,1,5,56
2019-06-19,1,5,49
2019-06-20,1,5,53
2019-06-21,1,5,46
2019-06-22,1,5,44
2019-06-23,1,5,49
2019-06-24,1,5,40
2019-06-25,1,5,51
2019-06-26,1,5,51
2019-06-27,1,5,50
2019-06-28,1,5,42
2019-06-29,1,5,36
2019-06-30,1,5,43
2019-07-01,1,5,40
2019-07-02,1,5,47
2019-07-03,1,5,48
2019-07-04,1,5,46
2019-07-05,1,5,35
2019-07-06,1,5,35
2019-07-07,1,5,36
2019-07-08,1,5,40
2019-07-09,1,5,52
2019-07-10,1,5,50
2019-07-11,1,5,50
2019-07-12,1,5,38
2019-07-13,1,5,34
2019-07-14,1,5,33
2019-07-15,1,5,41
2019-07-16,1,5,50
2019-07-17,1,5,47
2019-07-18,1,5,46
2019-07-19,1,5,34
2019-07-20,1,5,35
2019-07-21,1,5,31
2019-07-22,1,5,43
2019-07-23,1,5,46
2019-07-24,1,5,53
2019-07-25,1,5,38
2019-07-26,1,5,29
2019-07-27,1,5,28
2019-07-28,1,5,26
2019-07-29,1,5,32
2019-07-30,1,5,46
2019-07-31,1,5,45
2019-08-01,1,5,39
2019-08-02,1,5,32
2019-08-03,1,5,27
2019-08-04,1,5,37
2019-08-05,1,5,34
2019-08-06,1,5,37
2019-08-07,1,5,47
2019-08-08,1,5,38
2019-08-09,1,5,40
2019-08-10,1,5,26
2019-08-11,1,5,32
2019-08-12,1,5,39
2019-08-13,1,5,39
2019-08-14,1,5,40
2019-08-15,1,5,41
2019-08-16,1,5,33
2019-08-17,1,5,21
2019-08-18,1,5,23
2019-08-19,1,5,24
2019-08-20,1,5,42
2019-08-21,1,5,40
2019-08-22,1,5,36
2019-08-23,1,5,23
2019-08-24,1,5,21
2019-08-25,1,5,25
2019-08-26,1,5,30
2019-08-27,1,5,39
2019-08-28,1,5,43
2019-08-29,1,5,45
2019-08-30,1,5,29
2019-08-31,1,5,29
2019-09-01,1,5,22
2019-09-02,1,5,25
2019-09-03,1,5,37
2019-09-04,1,5,33
2019-09-05,1,5,35
2019-09-06,1,5,25
2019-09-07,1,5,16
2019-09-08,1,5,32
2019-09-09,1,5,29
2019-09-10,1,5,31
2019-09-11,1,5,42
2019-09-12,1,5,31
2019-09-13,1,5,32
2019-09-14,1,5,20
2019-09-15,1,5,22
2019-09-16,1,5,32
2019-09-17,1,5,39
2019-09-18,1,5,41
2019-09-19,1,5,34
2019-09-20,1,5,29
2019-09-21,1,5,26
2019-09-22,1,5,25
2019-09-23,1,5,30
2019-09-24,1,5,31
2019-09-25,1,5,41
2019-09-26,1,5,34
2019-09-27,1,5,25
2019-09-28,1,5,28
2019-09-29,1,5,18
2019-09-30,1,5,37
2019-10-01,1,5,36
2019-10-02,1,5,39
2019-10-03,1,5,32
2019-10-04,1,5,20
2019-10-05,1,5,22
2019-10-06,1,5,25
2019-10-07,1,5,33
2019-10-08,1,5,36
2019-10-09,1,5,30
2019-10-10,1,5,28
2019-10-11,1,5,35
2019-10-12,1,5,19
2019-10-13,1,5,30
2019-10-14,1,5,27
2019-10-15,1,5,36
2019-10-16,1,5,41
2019-10-17,1,5,31
2019-10-18,1,5,34
2019-10-19,1,5,24
2019-10-20,1,5,27
2019-10-21,1,5,30
2019-10-22,1,5,40
2019-10-23,1,5,46
2019-10-24,1,5,35
2019-10-25,1,5,35
2019-10-26,1,5,22
2019-10-27,1,5,29
2019-10-28,1,5,34
2019-10-29,1,5,34
2019-10-30,1,5,41
2019-10-31,1,5,36
2019-11-01,1,5,26
2019-11-02,1,5,26
2019-11-03,1,5,27
2019-11-04,1,5,33
2019-11-05,1,5,39
2019-11-06,1,5,41
2019-11-07,1,5,36
2019-11-08,1,5,31
2019-11-09,1,5,24
2019-11-10,1,5,38
2019-11-11,1,5,29
2019-11-12,1,5,38
2019-11-13,1,5,40
2019-11-14,1,5,46
2019-11-15,1,5,26
2019-11-16,1,5,29
2019-11-17,1,5,30
2019-11-18,1,5,37
2019-11-19,1,5,47
2019-11-20,1,5,49
2019-11-21,1,5,38
2019-11-22,1,5,34
2019-11-23,1,5,21
2019-11-24,1,5,31
2019-11-25,1,5,34
2019-11-26,1,5,43
2019-11-27,1,5,39
2019-11-28,1,5,43
2019-11-29,1,5,28
2019-11-30,1,5,31
2019-12-01,1,5,27
2019-12-02,1,5,35
2019-12-03,1,5,50
2019-12-04,1,5,49
2019-12-05,1,5,47
2019-12-06,1,5,42
2019-12-07,1,5,29
2019-12-08,1,5,40
2019-12-09,1,5,34
2019-12-10,1,5,50
2019-12-11,1,5,47
2019-12-12,1,5,41
2019-12-13,1,5,40
2019-12-14,1,5,38
2019-12-15,1,5,39
2019-12-16,1,5,43
2019-12-17,1,5,49
2019-12-18,1,5,53
2019-12-19,1,5,48
2019-12-20,1,5,42
2019-12-21,1,5,36
2019-12-22,1,5,41
2019-12-23,1,5,37
2019-12-24,1,5,50
2019-12-25,1,5,47
2019-12-26,1,5,49
2019-12-27,1,5,48
2019-12-28,1,5,36
2019-12-29,1,5,40
2019-12-30,1,5,49
2019-12-31,1,5,44
2020-01-01,1,5,52
2020-01-02,1,5,52
2020-01-03,1,5,32
2020-01-04,1,5,35
2020-01-05,1,5,46
2020-01-06,1,5,52
2020-01-07,1,5,56
2020-01-08,1,5,60
2020-01-09,1,5,53
2020-01-10,1,5,47
2020-01-11,1,5,40
2020-01-12,1,5,43
2020-01-13,1,5,47
2020-01-14,1,5,61
2020-01-15,1,5,64
2020-01-16,1,5,59
2020-01-17,1,5,45
2020-01-18,1,5,39
2020-01-19,1,5,50
2020-01-20,1,5,53
2020-01-21,1,5,59
2020-01-22,1,5,57
2020-01-23,1,5,57
2020-01-24,1,5,44
2020-01-25,1,5,47
2020-01-26,1,5,52
2020-01-27,1,5,60
2020-01-28,1,5,62
2020-01-29,1,5,56
2020-01-30,1,5,58
2020-01-31,1,5,59
2020-02-01,1,5,43
2020-02-02,1,5,48
2020-02-03,1,5,60
2020-02-04,1,5,64
2020-02-05,1,5,73
2020-02-06,1,5,56
2020-02-07,1,5,48
2020-02-08,1,5,53
2020-02-09,1,5,45
2020-02-10,1,5,55
2020-02-11,1,5,62
2020-02-12,1,5,68
2020-02-13,1,5,63
2020-02-14,1,5,55
2020-02-15,1,5,48
2020-02-16,1,5,56
2020-02-17,1,5,74
2020-02-18,1,5,67
2020-02-19,1,5,66
2020-02-20,1,5,56
2020-02-21,1,5,52
2020-02-22,1,5,50
2020-02-23,1,5,50
2020-02-24,1,5,59
2020-02-25,1,5,72
2020-02-26,1,5,72
2020-02-27,1,5,62
2020-02-28,1,5,51
2020-02-29,1,5,57
2020-03-01,1,5,53
2020-03-02,1,5,53
2020-03-03,1,5,69
2020-03-04,1,5,72
2020-03-05,1,5,54
2020-03-06,1,5,53
2020-03-07,1,5,52
2020-03-08,1,5,57
2020-03-09,1,5,58
2020-03-10,1,5,64
2020-03-11,1,5,71
2020-03-12,1,5,62
2020-03-13,1,5,60
2020-03-14,1,5,49
2020-03-15,1,5,49
2020-03-16,1,5,64
2020-03-17,1,5,68
2020-03-18,1,5,73
2020-03-19,1,5,63
2020-03-20,1,5,55
2020-03-21,1,5,59
2020-03-22,1,5,49
2020-03-23,1,5,67
2020-03-24,1,5,73
2020-03-25,1,5,73
2020-03-26,1,5,62
2020-03-27,1,5,55
2020-03-28,1,5,53
2020-03-29,1,5,50
2020-03-30,1,5,58
2020-03-31,1,5,71
2020-04-01,1,5,72
2020-04-02,1,5,61
2020-04-03,1,5,61
2020-04-04,1,5,56
2020-04-05,1,5,62
2020-04-06,1,5,64
2020-04-07,1,5,72
2020-04-08,1,5,71
2020-04-09,1,5,69
2020-04-10,1,5,53
2020-04-11,1,5,53
2020-04-12,1,5,55
2020-04-13,1,5,61
2020-04-14,1,5,70
2020-04-15,1,5,72
2020-04-16,1,5,66
2020-04-17,1,5,57
2020-04-18,1,5,51
2020-04-19,1,5,59
2020-04-20,1,5,63
2020-04-21,1,5,63
2020-04-22,1,5,68
2020-04-23,1,5,57
2020-04-24,1,5,57
2020-04-25,1,5,52
2020-04-26,1,5,52
2020-04-27,1,5,67
2020-04-28,1,5,62
2020-04-29,1,5,71
2020-04-30,1,5,72
2020-05-01,1,5,61
2020-05-02,1,5,52
2020-05-03,1,5,49
2020-05-04,1,5,54
2020-05-05,1,5,64
2020-05-06,1,5,64
2020-05-07,1,5,60
2020-05-08,1,5,54
2020-05-09,1,5,51
2020-05-10,1,5,54
2020-05-11,1,5,54
2020-05-12,1,5,62
2020-05-13,1,5,65
2020-05-14,1,5,61
2020-05-15,1,5,62
2020-05-16,1,5,51
2020-05-17,1,5,45
2020-05-18,1,5,59
2020-05-19,1,5,66
2020-05-20,1,5,64
2020-05-21,1,5,55
2020-05-22,1,5,60
2020-05-23,1,5,44
2020-05-24,1,5,53
2020-05-25,1,5,57
2020-05-26,1,5,65
2020-05-27,1,5,70
2020-05-28,1,5,61
2020-05-29,1,5,50
2020-05-30,1,5,52
2020-05-31,1,5,46
2020-06-01,1,5,55
2020-06-02,1,5,55
2020-06-03,1,5,58
2020-06-04,1,5,58
2020-06-05,1,5,52
2020-06-06,1,5,39
2020-06-07,1,5,49
2020-06-08,1,5,50
2020-06-09,1,5,64
2020-06-10,1,5,59
2020-06-11,1,5,51
2020-06-12,1,5,49
2020-06-13,1,5,40
2020-06-14,1,5,50
2020-06-15,1,5,51
2020-06-16,1,5,57
2020-06-17,1,5,61
2020-06-18,1,5,50
2020-06-19,1,5,42
2020-06-20,1,5,44
2020-06-21,1,5,39
2020-06-22,1,5,45
2020-06-23,1,5,59
2020-06-24,1,5,59
2020-06-25,1,5,47
2020-06-26,1,5,43
2020-06-27,1,5,37
2020-06-28,1,5,49
2020-06-29,1,5,52
2020-06-30,1,5,52
2020-07-01,1,5,58
2020-07-02,1,5,45
2020-07-03,1,5,41
2020-07-04,1,5,39
2020-07-05,1,5,42
2020-07-06,1,5,46
2020-07-07,1,5,53
2020-07-08,1,5,54
2020-07-09,1,5,48
2020-07-10,1,5,41
2020-07-11,1,5,35
2020-07-12,1,5,39
2020-07-13,1,5,46
2020-07-14,1,5,51
2020-07-15,1,5,47
2020-07-16,1,5,43
2020-07-17,1,5,42
2020-07-18,1,5,41
2020-07-19,1,5,37
2020-07-20,1,5,41
2020-07-21,1,5,50
2020-07-22,1,5,46
2020-07-23,1,5,51
2020-07-24,1,5,39
2020-07-25,1,5,31
2020-07-26,1,5,34
2020-07-27,1,5,39
2020-07-28,1,5,52
2020-07-29,1,5,48
2020-07-30,1,5,45
2020-07-31,1,5,39
2020-08-01,1,5,29
2020-08-02,1,5,34
2020-08-03,1,5,41
2020-08-04,1,5,39
2020-08-05,1,5,48
2020-08-06,1,5,42
2020-08-07,1,5,36
2020-08-08,1,5,31
2020-08-09,1,5,33
2020-08-10,1,5,44
2020-08-11,1,5,40
2020-08-12,1,5,44
2020-08-13,1,5,44
2020-08-14,1,5,36
2020-08-15,1,5,31
2020-08-16,1,5,42
2020-08-17,1,5,39
2020-08-18,1,5,48
2020-08-19,1,5,43
2020-08-20,1,5,36
2020-08-21,1,5,32
2020-08-22,1,5,31
2020-08-23,1,5,31
2020-08-24,1,5,38
2020-08-25,1,5,41
2020-08-26,1,5,42
2020-08-27,1,5,38
2020-08-28,1,5,35
2020-08-29,1,5,31
2020-08-30,1,5,25
2020-08-31,1,5,38
2020-09-01,1,5,39
2020-09-02,1,5,44
2020-09-03,1,5,37
2020-09-04,1,5,37
2020-09-05,1,5,25
2020-09-06,1,5,29
2020-09-07,1,5,37
2020-09-08,1,5,37
2020-09-09,1,5,42
2020-09-10,1,5,36
2020-09-11,1,5,28
2020-09-12,1,5,24
2020-09-13,1,5,32
2020-09-14,1,5,31
2020-09-15,1,5,42
2020-09-16,1,5,43
2020-09-17,1,5,31
2020-09-18,1,5,32
2020-09-19,1,5,20
2020-09-20,1,5,30
2020-09-21,1,5,31
2020-09-22,1,5,40
2020-09-23,1,5,36
2020-09-24,1,5,37
2020-09-25,1,5,34
2020-09-26,1,5,22
2020-09-27,1,5,25
2020-09-28,1,5,35
2020-09-29,1,5,41
2020-09-30,1,5,31
2020-10-01,1,5,45
2020-10-02,1,5,32
2020-10-03,1,5,28
2020-10-04,1,5,27
2020-10-05,1,5,26
2020-10-06,1,5,42
2020-10-07,1,5,39
2020-10-08,1,5,39
2020-10-09,1,5,29
2020-10-10,1,5,27
2020-10-11,1,5,24
2020-10-12,1,5,37
2020-10-13,1,5,35
2020-10-14,1,5,51
2020-10-15,1,5,46
2020-10-16,1,5,37
2020-10-17,1,5,31
2020-10-18,1,5,28
2020-10-19,1,5,39
2020-10-20,1,5,40
2020-10-21,1,5,36
2020-10-22,1,5,44
2020-10-23,1,5,36
2020-10-24,1,5,27
2020-10-25,1,5,24
2020-10-26,1,5,33
2020-10-27,1,5,34
2020-10-28,1,5,47
2020-10-29,1,5,32
2020-10-30,1,5,33
2020-10-31,1,5,24
2020-11-01,1,5,24
2020-11-02,1,5,37
2020-11-03,1,5,41
2020-11-04,1,5,47
2020-11-05,1,5,35
2020-11-06,1,5,30
2020-11-07,1,5,19
2020-11-08,1,5,22
2020-11-09,1,5,44
2020-11-10,1,5,52
2020-11-11,1,5,46
2020-11-12,1,5,38
2020-11-13,1,5,33
2020-11-14,1,5,34
2020-11-15,1,5,30
2020-11-16,1,5,39
2020-11-17,1,5,45
2020-11-18,1,5,44
2020-11-19,1,5,40
2020-11-20,1,5,37
2020-11-21,1,5,28
2020-11-22,1,5,35
2020-11-23,1,5,38
2020-11-24,1,5,47
2020-11-25,1,5,54
2020-11-26,1,5,43
2020-11-27,1,5,41
2020-11-28,1,5,26
2020-11-29,1,5,33
2020-11-30,1,5,41
2020-12-01,1,5,56
2020-12-02,1,5,42
2020-12-03,1,5,45
2020-12-04,1,5,45
2020-12-05,1,5,32
2020-12-06,1,5,36
2020-12-07,1,5,44
2020-12-08,1,5,50
2020-12-09,1,5,58
2020-12-10,1,5,49
2020-12-11,1,5,46
2020-12-12,1,5,35
2020-12-13,1,5,35
2020-12-14,1,5,44
2020-12-15,1,5,47
2020-12-16,1,5,55
2020-12-17,1,5,48
2020-12-18,1,5,40
2020-12-19,1,5,40
2020-12-20,1,5,36
2020-12-21,1,5,50
2020-12-22,1,5,51
2020-12-23,1,5,60
2020-12-24,1,5,49
2020-12-25,1,5,47
2020-12-26,1,5,41
2020-12-27,1,5,45
2020-12-28,1,5,49
2020-12-29,1,5,48
2020-12-30,1,5,61
2020-12-31,1,5,52
2021-01-01,1,5,49
2021-01-02,1,5,45
2021-01-03,1,5,40
2021-01-04,1,5,46
2021-01-05,1,5,59
2021-01-06,1,5,57
2021-01-07,1,5,58
2021-01-08,1,5,47
2021-01-09,1,5,48
2021-01-10,1,5,47
2021-01-11,1,5,53
2021-01-12,1,5,57
2021-01-13,1,5,61
2021-01-14,1,5,61
2021-01-15,1,5,49
2021-01-16,1,5,48
2021-01-17,1,5,47
2021-01-18,1,5,54
2021-01-19,1,5,67
2021-01-20,1,5,67
2021-01-21,1,5,58
2021-01-22,1,5,52
2021-01-23,1,5,44
2021-01-24,1,5,48
2021-01-25,1,5,57
2021-01-26,1,5,65
2021-01-27,1,5,67
2021-01-28,1,5,55
2021-01-29,1,5,57
2021-01-30,1,5,49
2021-01-31,1,5,47
2021-02-01,1,5,63
2021-02-02,1,5,69
2021-02-03,1,5,66
2021-02-04,1,5,64
2021-02-05,1,5,58
2021-02-06,1,5,56
2021-02-07,1,5,55
2021-02-08,1,5,53
2021-02-09,1,5,73
2021-02-10,1,5,71
2021-02-11,1,5,61
2021-02-12,1,5,52
2021-02-13,1,5,54
2021-02-14,1,5,53
2021-02-15,1,5,61
2021-02-16,1,5,70
2021-02-17,1,5,66
2021-02-18,1,5,60
2021-02-19,1,5,59
2021-02-20,1,5,51
2021-02-21,1,5,56
2021-02-22,1,5,56
2021-02-23,1,5,67
2021-02-24,1,5,72
2021-02-25,1,5,68
2021-02-26,1,5,55
2021-02-27,1,5,50
2021-02-28,1,5,56
2021-03-01,1,5,65
2021-03-02,1,5,70
2021-03-03,1,5,68
2021-03-04,1,5,67
2021-03-05,1,5,65
2021-03-06,1,5,56
2021-03-07,1,5,50
2021-03-08,1,5,64
2021-03-09,1,5,78
2021-03-10,1,5,66
2021-03-11,1,5,67
2021-03-12,1,5,59
2021-03-13,1,5,56
2021-03-14,1,5,58
2021-03-15,1,5,69
2021-03-16,1,5,71
2021-03-17,1,5,77
2021-03-18,1,5,67
2021-03-19,1,5,59
2021-03-20,1,5,54
2021-03-21,1,5,51
2021-03-22,1,5,66
2021-03-23,1,5,79
2021-03-24,1,5,74
2021-03-25,1,5,71
2021-03-26,1,5,60
2021-03-27,1,5,56
2021-03-28,1,5,62
2021-03-29,1,5,73
2021-03-30,1,5,77
2021-03-31,1,5,76
2021-04-01,1,5,68
2021-04-02,1,5,62
2021-04-03,1,5,54
2021-04-04,1,5,53
2021-04-05,1,5,60
2021-04-06,1,5,71
2021-04-07,1,5,71
2021-04-08,1,5,62
2021-04-09,1,5,61
2021-04-10,1,5,56
2021-04-11,1,5,54
2021-04-12,1,5,63
2021-04-13,1,5,70
2021-04-14,1,5,70
2021-04-15,1,5,72
2021-04-16,1,5,53
2021-04-17,1,5,49
2021-04-18,1,5,58
2021-04-19,1,5,65
2021-04-20,1,5,72
2021-04-21,1,5,70
2021-04-22,1,5,64
2021-04-23,1,5,60
2021-04-24,1,5,54
2021-04-25,1,5,64
2021-04-26,1,5,62
2021-04-27,1,5,70
2021-04-28,1,5,81
2021-04-29,1,5,66
2021-04-30,1,5,62
2021-05-01,1,5,58
2021-05-02,1,5,60
2021-05-03,1,5,64
2021-05-04,1,5,70
2021-05-05,1,5,71
2021-05-06,1,5,64
2021-05-07,1,5,60
2021-05-08,1,5,63
2021-05-09,1,5,61
2021-05-10,1,5,63
2021-05-11,1,5,71
2021-05-12,1,5,66
2021-05-13,1,5,64
2021-05-14,1,5,62
2021-05-15,1,5,59
2021-05-16,1,5,52
2021-05-17,1,5,59
2021-05-18,1,5,76
2021-05-19,1,5,69
2021-05-20,1,5,71
2021-05-21,1,5,57
2021-05-22,1,5,53
2021-05-23,1,5,52
2021-05-24,1,5,63
2021-05-25,1,5,71
2021-05-26,1,5,63
2021-05-27,1,5,61
2021-05-28,1,5,59
2021-05-29,1,5,50
2021-05-30,1,5,50
2021-05-31,1,5,62
2021-06-01,1,5,68
2021-06-02,1,5,64
2021-06-03,1,5,62
2021-06-04,1,5,49
2021-06-05,1,5,46
2021-06-06,1,5,51
2021-06-07,1,5,57
2021-06-08,1,5,59
2021-06-09,1,5,61
2021-06-10,1,5,55
2021-06-11,1,5,54
2021-06-12,1,5,40
2021-06-13,1,5,45
2021-06-14,1,5,47
2021-06-15,1,5,63
2021-06-16,1,5,55
2021-06-17,1,5,58
2021-06-18,1,5,57
2021-06-19,1,5,53
2021-06-20,1,5,40
2021-06-21,1,5,54
2021-06-22,1,5,55
2021-06-23,1,5,56
2021-06-24,1,5,55
2021-06-25,1,5,54
2021-06-26,1,5,47
2021-06-27,1,5,43
2021-06-28,1,5,54
2021-06-29,1,5,48
2021-06-30,1,5,56
2021-07-01,1,5,51
2021-07-02,1,5,47
2021-07-03,1,5,42
2021-07-04,1,5,43
2021-07-05,1,5,49
2021-07-06,1,5,56
2021-07-07,1,5,59
2021-07-08,1,5,53
2021-07-09,1,5,44
2021-07-10,1,5,42
2021-07-11,1,5,45
2021-07-12,1,5,46
2021-07-13,1,5,54
2021-07-14,1,5,60
2021-07-15,1,5,46
2021-07-16,1,5,51
2021-07-17,1,5,34
2021-07-18,1,5,39
2021-07-19,1,5,42
2021-07-20,1,5,61
2021-07-21,1,5,52
2021-07-22,1,5,47
2021-07-23,1,5,40
2021-07-24,1,5,38
2021-07-25,1,5,37
2021-07-26,1,5,44
2021-07-27,1,5,37
2021-07-28,1,5,52
2021-07-29,1,5,47
2021-07-30,1,5,44
2021-07-31,1,5,41
2021-08-01,1,5,36
2021-08-02,1,5,46
2021-08-03,1,5,45
2021-08-04,1,5,54
2021-08-05,1,5,44
2021-08-06,1,5,34
2021-08-07,1,5,33
2021-08-08,1,5,41
2021-08-09,1,5,42
2021-08-10,1,5,54
2021-08-11,1,5,46
2021-08-12,1,5,49
2021-08-13,1,5,35
2021-08-14,1,5,34
2021-08-15,1,5,35
2021-08-16,1,5,43
2021-08-17,1,5,47
2021-08-18,1,5,45
2021-08-19,1,5,47
2021-08-20,1,5,43
2021-08-21,1,5,29
2021-08-22,1,5,26
2021-08-23,1,5,41
2021-08-24,1,5,44
2021-08-25,1,5,46
2021-08-26,1,5,44
2021-08-27,1,5,33
2021-08-28,1,5,30
2021-08-29,1,5,32
2021-08-30,1,5,44
2021-08-31,1,5,44
2021-09-01,1,5,41
2021-09-02,1,5,37
2021-09-03,1,5,35
2021-09-04,1,5,25
2021-09-05,1,5,25
2021-09-06,1,5,40
2021-09-07,1,5,46
2021-09-08,1,5,44
2021-09-09,1,5,42
2021-09-10,1,5,34
2021-09-11,1,5,32
2021-09-12,1,5,33
2021-09-13,1,5,26
2021-09-14,1,5,42
2021-09-15,1,5,47
2021-09-16,1,5,38
2021-09-17,1,5,33
2021-09-18,1,5,32
2021-09-19,1,5,31
2021-09-20,1,5,42
2021-09-21,1,5,47
2021-09-22,1,5,44
2021-09-23,1,5,39
2021-09-24,1,5,21
2021-09-25,1,5,27
2021-09-26,1,5,25
2021-09-27,1,5,37
2021-09-28,1,5,43
2021-09-29,1,5,47
2021-09-30,1,5,45
2021-10-01,1,5,33
2021-10-02,1,5,38
2021-10-03,1,5,31
2021-10-04,1,5,31
2021-10-05,1,5,40
2021-10-06,1,5,43
2021-10-07,1,5,42
2021-10-08,1,5,29
2021-10-09,1,5,28
2021-10-10,1,5,30
2021-10-11,1,5,35
2021-10-12,1,5,46
2021-10-13,1,5,47
2021-10-14,1,5,45
2021-10-15,1,5,32
2021-10-16,1,5,34
2021-10-17,1,5,25
2021-10-18,1,5,32
2021-10-19,1,5,39
2021-10-20,1,5,45
2021-10-21,1,5,46
2021-10-22,1,5,32
2021-10-23,1,5,28
2021-10-24,1,5,31
2021-10-25,1,5,40
2021-10-26,1,5,42
2021-10-27,1,5,44
2021-10-28,1,5,36
2021-10-29,1,5,32
2021-10-30,1,5,35
2021-10-31,1,5,33
2021-11-01,1,5,36
2021-11-02,1,5,50
2021-11-03,1,5,44
2021-11-04,1,5,48
2021-11-05,1,5,41
2021-11-06,1,5,32
2021-11-07,1,5,27
2021-11-08,1,5,49
2021-11-09,1,5,48
2021-11-10,1,5,47
2021-11-11,1,5,48
2021-11-12,1,5,40
2021-11-13,1,5,38
2021-11-14,1,5,32
2021-11-15,1,5,42
2021-11-16,1,5,43
2021-11-17,1,5,52
2021-11-18,1,5,45
2021-11-19,1,5,39
2021-11-20,1,5,34
2021-11-21,1,5,35
2021-11-22,1,5,39
2021-11-23,1,5,52
2021-11-24,1,5,57
2021-11-25,1,5,44
2021-11-26,1,5,42
2021-11-27,1,5,37
2021-11-28,1,5,37
2021-11-29,1,5,38
2021-11-30,1,5,45
2021-12-01,1,5,49
2021-12-02,1,5,40
2021-12-03,1,5,47
2021-12-04,1,5,39
2021-12-05,1,5,39
2021-12-06,1,5,37
2021-12-07,1,5,45
2021-12-08,1,5,54
2021-12-09,1,5,58
2021-12-10,1,5,40
2021-12-11,1,5,42
2021-12-12,1,5,39
2021-12-13,1,5,48
2021-12-14,1,5,59
2021-12-15,1,5,54
2021-12-16,1,5,49
2021-12-17,1,5,51
2021-12-18,1,5,41
2021-12-19,1,5,47
2021-12-20,1,5,46
2021-12-21,1,5,61
2021-12-22,1,5,59
2021-12-23,1,5,55
2021-12-24,1,5,47
2021-12-25,1,5,41
2021-12-26,1,5,44
2021-12-27,1,5,49
2021-12-28,1,5,61
2021-12-29,1,5,58
2021-12-30,1,5,49
2021-12-31,1,5,42
2022-01-01,1,5,38
2022-01-02,1,5,49
2022-01-03,1,5,48
2022-01-04,1,5,61
2022-01-05,1,5,62
2022-01-06,1,5,57
2022-01-07,1,5,52
2022-01-08,1,5,47
2022-01-09,1,5,37
2022-01-10,1,5,53
2022-01-11,1,5,63
2022-01-12,1,5,70
2022-01-13,1,5,66
2022-01-14,1,5,47
2022-01-15,1,5,47
2022-01-16,1,5,44
2022-01-17,1,5,63
2022-01-18,1,5,67
2022-01-19,1,5,66
2022-01-20,1,5,61
2022-01-21,1,5,60
2022-01-22,1,5,55
2022-01-23,1,5,56
2022-01-24,1,5,60
2022-01-25,1,5,63
2022-01-26,1,5,70
2022-01-27,1,5,66
2022-01-28,1,5,55
2022-01-29,1,5,50
2022-01-30,1,5,58
2022-01-31,1,5,67
2022-02-01,1,5,63
2022-02-02,1,5,67
2022-02-03,1,5,65
2022-02-04,1,5,59
2022-02-05,1,5,51
2022-02-06,1,5,63
2022-02-07,1,5,63
2022-02-08,1,5,70
2022-02-09,1,5,77
2022-02-10,1,5,64
2022-02-11,1,5,58
2022-02-12,1,5,50
2022-02-13,1,5,56
2022-02-14,1,5,57
2022-02-15,1,5,72
2022-02-16,1,5,73
2022-02-17,1,5,66
2022-02-18,1,5,60
2022-02-19,1,5,59
2022-02-20,1,5,53
2022-02-21,1,5,65
2022-02-22,1,5,73
2022-02-23,1,5,65
2022-02-24,1,5,71
2022-02-25,1,5,55
2022-02-26,1,5,57
2022-02-27,1,5,54
2022-02-28,1,5,71
2022-03-01,1,5,67
2022-03-02,1,5,67
2022-03-03,1,5,70
2022-03-04,1,5,61
2022-03-05,1,5,52
2022-03-06,1,5,62
2022-03-07,1,5,58
2022-03-08,1,5,68
2022-03-09,1,5,72
2022-03-10,1,5,73
2022-03-11,1,5,68
2022-03-12,1,5,63
2022-03-13,1,5,60
2022-03-14,1,5,57
2022-03-15,1,5,75
2022-03-16,1,5,81
2022-03-17,1,5,76
2022-03-18,1,5,66
2022-03-19,1,5,55
2022-03-20,1,5,59
2022-03-21,1,5,75
2022-03-22,1,5,68
2022-03-23,1,5,71
2022-03-24,1,5,75
2022-03-25,1,5,62
2022-03-26,1,5,55
2022-03-27,1,5,68
2022-03-28,1,5,70
2022-03-29,1,5,72
2022-03-30,1,5,71
2022-03-31,1,5,79
2022-04-01,1,5,64
2022-04-02,1,5,66
2022-04-03,1,5,65
2022-04-04,1,5,66
2022-04-05,1,5,72
2022-04-06,1,5,81
2022-04-07,1,5,77
2022-04-08,1,5,57
2022-04-09,1,5,62
2022-04-10,1,5,61
2022-04-11,1,5,64
2022-04-12,1,5,75
2022-04-13,1,5,70
2022-04-14,1,5,69
2022-04-15,1,5,61
2022-04-16,1,5,58
2022-04-17,1,5,61
2022-04-18,1,5,63
2022-04-19,1,5,80
2022-04-20,1,5,77
2022-04-21,1,5,78
2022-04-22,1,5,63
2022-04-23,1,5,57
2022-04-24,1,5,68
2022-04-25,1,5,64
2022-04-26,1,5,72
2022-04-27,1,5,77
2022-04-28,1,5,65
2022-04-29,1,5,66
2022-04-30,1,5,61
2022-05-01,1,5,65
2022-05-02,1,5,70
2022-05-03,1,5,77
2022-05-04,1,5,73
2022-05-05,1,5,66
2022-05-06,1,5,70
2022-05-07,1,5,51
2022-05-08,1,5,53
2022-05-09,1,5,67
2022-05-10,1,5,78
2022-05-11,1,5,73
2022-05-12,1,5,72
2022-05-13,1,5,53
2022-05-14,1,5,54
2022-05-15,1,5,50
2022-05-16,1,5,67
2022-05-17,1,5,64
2022-05-18,1,5,66
2022-05-19,1,5,69
2022-05-20,1,5,64
2022-05-21,1,5,55
2022-05-22,1,5,59
2022-05-23,1,5,65
2022-05-24,1,5,68
2022-05-25,1,5,66
2022-05-26,1,5,68
2022-05-27,1,5,61
2022-05-28,1,5,57
2022-05-29,1,5,56
2022-05-30,1,5,57
2022-05-31,1,5,70
2022-06-01,1,5,69
2022-06-02,1,5,62
2022-06-03,1,5,56
2022-06-04,1,5,50
2022-06-05,1,5,57
2022-06-06,1,5,54
2022-06-07,1,5,62
2022-06-08,1,5,66
2022-06-09,1,5,69
2022-06-10,1,5,60
2022-06-11,1,5,44
2022-06-12,1,5,57
2022-06-13,1,5,63
2022-06-14,1,5,59
2022-06-15,1,5,55
2022-06-16,1,5,61
2022-06-17,1,5,58
2022-06-18,1,5,55
2022-06-19,1,5,47
2022-06-20,1,5,63
2022-06-21,1,5,53
2022-06-22,1,5,62
2022-06-23,1,5,57
2022-06-24,1,5,57
2022-06-25,1,5,53
2022-06-26,1,5,52
2022-06-27,1,5,49
2022-06-28,1,5,64
2022-06-29,1,5,64
2022-06-30,1,5,51
2022-07-01,1,5,42
2022-07-02,1,5,50
2022-07-03,1,5,46
2022-07-04,1,5,48
2022-07-05,1,5,58
2022-07-06,1,5,62
2022-07-07,1,5,55
2022-07-08,1,5,42
2022-07-09,1,5,51
2022-07-10,1,5,49
2022-07-11,1,5,50
2022-07-12,1,5,56
2022-07-13,1,5,60
2022-07-14,1,5,49
2022-07-15,1,5,48
2022-07-16,1,5,37
2022-07-17,1,5,43
2022-07-18,1,5,45
2022-07-19,1,5,51
2022-07-20,1,5,63
2022-07-21,1,5,52
2022-07-22,1,5,46
2022-07-23,1,5,32
2022-07-24,1,5,39
2022-07-25,1,5,50
2022-07-26,1,5,55
2022-07-27,1,5,47
2022-07-28,1,5,51
2022-07-29,1,5,45
2022-07-30,1,5,44
2022-07-31,1,5,38
2022-08-01,1,5,37
2022-08-02,1,5,48
2022-08-03,1,5,49
2022-08-04,1,5,52
2022-08-05,1,5,31
2022-08-06,1,5,36
2022-08-07,1,5,44
2022-08-08,1,5,45
2022-08-09,1,5,54
2022-08-10,1,5,46
2022-08-11,1,5,41
2022-08-12,1,5,46
2022-08-13,1,5,36
2022-08-14,1,5,38
2022-08-15,1,5,39
2022-08-16,1,5,50
2022-08-17,1,5,46
2022-08-18,1,5,51
2022-08-19,1,5,50
2022-08-20,1,5,37
2022-08-21,1,5,34
2022-08-22,1,5,32
2022-08-23,1,5,42
2022-08-24,1,5,56
2022-08-25,1,5,41
2022-08-26,1,5,37
2022-08-27,1,5,36
2022-08-28,1,5,41
2022-08-29,1,5,41
2022-08-30,1,5,46
2022-08-31,1,5,49
2022-09-01,1,5,42
2022-09-02,1,5,35
2022-09-03,1,5,35
2022-09-04,1,5,35
2022-09-05,1,5,49
2022-09-06,1,5,48
2022-09-07,1,5,53
2022-09-08,1,5,39
2022-09-09,1,5,39
2022-09-10,1,5,29
2022-09-11,1,5,35
2022-09-12,1,5,43
2022-09-13,1,5,46
2022-09-14,1,5,57
2022-09-15,1,5,49
2022-09-16,1,5,41
2022-09-17,1,5,35
2022-09-18,1,5,40
2022-09-19,1,5,34
2022-09-20,1,5,51
2022-09-21,1,5,43
2022-09-22,1,5,41
2022-09-23,1,5,38
2022-09-24,1,5,36
2022-09-25,1,5,28
2022-09-26,1,5,37
2022-09-27,1,5,46
2022-09-28,1,5,46
2022-09-29,1,5,46
2022-09-30,1,5,50
2022-10-01,1,5,33
2022-10-02,1,5,30
2022-10-03,1,5,34
2022-10-04,1,5,44
2022-10-05,1,5,43
2022-10-06,1,5,45
2022-10-07,1,5,38
2022-10-08,1,5,30
2022-10-09,1,5,41
2022-10-10,1,5,37
2022-10-11,1,5,45
2022-10-12,1,5,50
2022-10-13,1,5,47
2022-10-14,1,5,41
2022-10-15,1,5,34
2022-10-16,1,5,38
2022-10-17,1,5,37
2022-10-18,1,5,50
2022-10-19,1,5,52
2022-10-20,1,5,50
2022-10-21,1,5,30
2022-10-22,1,5,29
2022-10-23,1,5,38
2022-10-24,1,5,30
2022-10-25,1,5,49
2022-10-26,1,5,53
2022-10-27,1,5,42
2022-10-28,1,5,36
2022-10-29,1,5,29
2022-10-30,1,5,33
2022-10-31,1,5,40
2022-11-01,1,5,45
2022-11-02,1,5,47
2022-11-03,1,5,44
2022-11-04,1,5,37
2022-11-05,1,5,42
2022-11-06,1,5,35
2022-11-07,1,5,44
2022-11-08,1,5,47
2022-11-09,1,5,48
2022-11-10,1,5,40
2022-11-11,1,5,33
2022-11-12,1,5,31
2022-11-13,1,5,38
2022-11-14,1,5,48
2022-11-15,1,5,43
2022-11-16,1,5,50
2022-11-17,1,5,42
2022-11-18,1,5,40
2022-11-19,1,5,41
2022-11-20,1,5,37
2022-11-21,1,5,45
2022-11-22,1,5,57
2022-11-23,1,5,55
2022-11-24,1,5,46
2022-11-25,1,5,43
2022-11-26,1,5,35
2022-11-27,1,5,42
2022-11-28,1,5,49
2022-11-29,1,5,48
2022-11-30,1,5,56
2022-12-01,1,5,50
2022-12-02,1,5,46
2022-12-03,1,5,43
2022-12-04,1,5,44
2022-12-05,1,5,47
2022-12-06,1,5,59
2022-12-07,1,5,53
2022-12-08,1,5,47
2022-12-09,1,5,33
2022-12-10,1,5,41
2022-12-11,1,5,40
2022-12-12,1,5,52
2022-12-13,1,5,49
2022-12-14,1,5,56
2022-12-15,1,5,56
2022-12-16,1,5,43
2022-12-17,1,5,45
2022-12-18,1,5,43
2022-12-19,1,5,52
2022-12-20,1,5,61
2022-12-21,1,5,64
2022-12-22,1,5,56
2022-12-23,1,5,46
2022-12-24,1,5,44
2022-12-25,1,5,50
2022-12-26,1,5,50
2022-12-27,1,5,59
2022-12-28,1,5,60
2022-12-29,1,5,58
2022-12-30,1,5,47
2022-12-31,1,5,40
2018-01-01,2,1,41
2018-01-02,2,1,56
2018-01-03,2,1,60
2018-01-04,2,1,54
2018-01-05,2,1,44
2018-01-06,2,1,37
2018-01-07,2,1,43
2018-01-08,2,1,51
2018-01-09,2,1,56
2018-01-10,2,1,57
2018-01-11,2,1,49
2018-01-12,2,1,49
2018-01-13,2,1,45
2018-01-14,2,1,46
2018-01-15,2,1,52
2018-01-16,2,1,65
2018-01-17,2,1,57
2018-01-18,2,1,61
2018-01-19,2,1,46
2018-01-20,2,1,49
2018-01-21,2,1,52
2018-01-22,2,1,52
2018-01-23,2,1,66
2018-01-24,2,1,63
2018-01-25,2,1,54
2018-01-26,2,1,49
2018-01-27,2,1,51
2018-01-28,2,1,52
2018-01-29,2,1,51
2018-01-30,2,1,61
2018-01-31,2,1,64
2018-02-01,2,1,57
2018-02-02,2,1,62
2018-02-03,2,1,49
2018-02-04,2,1,50
2018-02-05,2,1,61
2018-02-06,2,1,61
2018-02-07,2,1,69
2018-02-08,2,1,54
2018-02-09,2,1,52
2018-02-10,2,1,54
2018-02-11,2,1,58
2018-02-12,2,1,55
2018-02-13,2,1,61
2018-02-14,2,1,68
2018-02-15,2,1,59
2018-02-16,2,1,54
2018-02-17,2,1,54
2018-02-18,2,1,50
2018-02-19,2,1,51
2018-02-20,2,1,60
2018-02-21,2,1,67
2018-02-22,2,1,56
2018-02-23,2,1,55
2018-02-24,2,1,47
2018-02-25,2,1,60
2018-02-26,2,1,69
2018-02-27,2,1,62
2018-02-28,2,1,69
2018-03-01,2,1,60
2018-03-02,2,1,56
2018-03-03,2,1,60
2018-03-04,2,1,53
2018-03-05,2,1,60
2018-03-06,2,1,64
2018-03-07,2,1,74
2018-03-08,2,1,52
2018-03-09,2,1,56
2018-03-10,2,1,54
2018-03-11,2,1,53
2018-03-12,2,1,65
2018-03-13,2,1,73
2018-03-14,2,1,64
2018-03-15,2,1,74
2018-03-16,2,1,53
2018-03-17,2,1,60
2018-03-18,2,1,57
2018-03-19,2,1,60
2018-03-20,2,1,67
2018-03-21,2,1,70
2018-03-22,2,1,67
2018-03-23,2,1,56
2018-03-24,2,1,54
2018-03-25,2,1,53
2018-03-26,2,1,58
2018-03-27,2,1,66
2018-03-28,2,1,66
2018-03-29,2,1,65
2018-03-30,2,1,61
2018-03-31,2,1,56
2018-04-01,2,1,65
2018-04-02,2,1,54
2018-04-03,2,1,71
2018-04-04,2,1,71
2018-04-05,2,1,70
2018-04-06,2,1,62
2018-04-07,2,1,54
2018-04-08,2,1,57
2018-04-09,2,1,60
2018-04-10,2,1,72
2018-04-11,2,1,63
2018-04-12,2,1,69
2018-04-13,2,1,59
2018-04-14,2,1,53
2018-04-15,2,1,55
2018-04-16,2,1,62
2018-04-17,2,1,74
2018-04-18,2,1,83
2018-04-19,2,1,71
2018-04-20,2,1,57
2018-04-21,2,1,57
2018-04-22,2,1,59
2018-04-23,2,1,58
2018-04-24,2,1,63
2018-04-25,2,1,69
2018-04-26,2,1,68
2018-04-27,2,1,52
2018-04-28,2,1,51
2018-04-29,2,1,57
2018-04-30,2,1,61
2018-05-01,2,1,73
2018-05-02,2,1,63
2018-05-03,2,1,74
2018-05-04,2,1,51
2018-05-05,2,1,45
2018-05-06,2,1,54
2018-05-07,2,1,56
2018-05-08,2,1,66
2018-05-09,2,1,68
2018-05-10,2,1,63
2018-05-11,2,1,53
2018-05-12,2,1,54
2018-05-13,2,1,52
2018-05-14,2,1,64
2018-05-15,2,1,65
2018-05-16,2,1,63
2018-05-17,2,1,55
2018-05-18,2,1,54
2018-05-19,2,1,46
2018-05-20,2,1,47
2018-05-21,2,1,60
2018-05-22,2,1,57
2018-05-23,2,1,71
2018-05-24,2,1,62
2018-05-25,2,1,54
2018-05-26,2,1,45
2018-05-27,2,1,54
2018-05-28,2,1,57
2018-05-29,2,1,60
2018-05-30,2,1,65
2018-05-31,2,1,53
2018-06-01,2,1,46
2018-06-02,2,1,43
2018-06-03,2,1,50
2018-06-04,2,1,55
2018-06-05,2,1,65
2018-06-06,2,1,59
2018-06-07,2,1,60
2018-06-08,2,1,50
2018-06-09,2,1,42
2018-06-10,2,1,49
2018-06-11,2,1,53
2018-06-12,2,1,57
2018-06-13,2,1,61
2018-06-14,2,1,56
2018-06-15,2,1,48
2018-06-16,2,1,43
2018-06-17,2,1,41
2018-06-18,2,1,52
2018-06-19,2,1,55
2018-06-20,2,1,55
2018-06-21,2,1,54
2018-06-22,2,1,50
2018-06-23,2,1,43
2018-06-24,2,1,42
2018-06-25,2,1,48
2018-06-26,2,1,59
2018-06-27,2,1,48
2018-06-28,2,1,56
2018-06-29,2,1,38
2018-06-30,2,1,35
2018-07-01,2,1,40
2018-07-02,2,1,57
2018-07-03,2,1,61
2018-07-04,2,1,58
2018-07-05,2,1,52
2018-07-06,2,1,36
2018-07-07,2,1,40
2018-07-08,2,1,38
2018-07-09,2,1,43
2018-07-10,2,1,53
2018-07-11,2,1,52
2018-07-12,2,1,53
2018-07-13,2,1,34
2018-07-14,2,1,38
2018-07-15,2,1,35
2018-07-16,2,1,43
2018-07-17,2,1,52
2018-07-18,2,1,48
2018-07-19,2,1,48
2018-07-20,2,1,39
2018-07-21,2,1,33
2018-07-22,2,1,35
2018-07-23,2,1,42
2018-07-24,2,1,46
2018-07-25,2,1,50
2018-07-26,2,1,45
2018-07-27,2,1,36
2018-07-28,2,1,40
2018-07-29,2,1,37
2018-07-30,2,1,40
2018-07-31,2,1,48
2018-08-01,2,1,45
2018-08-02,2,1,43
2018-08-03,2,1,36
2018-08-04,2,1,28
2018-08-05,2,1,35
2018-08-06,2,1,38
2018-08-07,2,1,45
2018-08-08,2,1,45
2018-08-09,2,1,55
2018-08-10,2,1,33
2018-08-11,2,1,23
2018-08-12,2,1,26
2018-08-13,2,1,42
2018-08-14,2,1,50
2018-08-15,2,1,43
2018-08-16,2,1,47
2018-08-17,2,1,37
2018-08-18,2,1,29
2018-08-19,2,1,30
2018-08-20,2,1,38
2018-08-21,2,1,47
2018-08-22,2,1,46
2018-08-23,2,1,38
2018-08-24,2,1,33
2018-08-25,2,1,37
2018-08-26,2,1,31
2018-08-27,2,1,40
2018-08-28,2,1,45
2018-08-29,2,1,45
2018-08-30,2,1,40
2018-08-31,2,1,36
2018-09-01,2,1,31
2018-09-02,2,1,30
2018-09-03,2,1,33
2018-09-04,2,1,43
2018-09-05,2,1,43
2018-09-06,2,1,37
2018-09-07,2,1,42
2018-09-08,2,1,21
2018-09-09,2,1,32
2018-09-10,2,1,31
2018-09-11,2,1,41
2018-09-12,2,1,53
2018-09-13,2,1,34
2018-09-14,2,1,28
2018-09-15,2,1,26
2018-09-16,2,1,25
2018-09-17,2,1,38
2018-09-18,2,1,38
2018-09-19,2,1,45
2018-09-20,2,1,32
2018-09-21,2,1,23
2018-09-22,2,1,25
2018-09-23,2,1,21
2018-09-24,2,1,40
2018-09-25,2,1,34
2018-09-26,2,1,38
2018-09-27,2,1,39
2018-09-28,2,1,28
2018-09-29,2,1,20
2018-09-30,2,1,36
2018-10-01,2,1,30
2018-10-02,2,1,39
2018-10-03,2,1,41
2018-10-04,2,1,40
2018-10-05,2,1,32
2018-10-06,2,1,23
2018-10-07,2,1,26
2018-10-08,2,1,33
2018-10-09,2,1,43
2018-10-10,2,1,37
2018-10-11,2,1,46
2018-10-12,2,1,28
2018-10-13,2,1,26
2018-10-14,2,1,23
2018-10-15,2,1,29
2018-10-16,2,1,37
2018-10-17,2,1,38
2018-10-18,2,1,36
2018-10-19,2,1,27
2018-10-20,2,1,30
2018-10-21,2,1,26
2018-10-22,2,1,31
2018-10-23,2,1,40
2018-10-24,2,1,47
2018-10-25,2,1,40
2018-10-26,2,1,32
2018-10-27,2,1,22
2018-10-28,2,1,25
2018-10-29,2,1,31
2018-10-30,2,1,47
2018-10-31,2,1,46
2018-11-01,2,1,36
2018-11-02,2,1,31
2018-11-03,2,1,25
2018-11-04,2,1,27
2018-11-05,2,1,39
2018-11-06,2,1,42
2018-11-07,2,1,53
2018-11-08,2,1,46
2018-11-09,2,1,39
2018-11-10,2,1,32
2018-11-11,2,1,30
2018-11-12,2,1,40
2018-11-13,2,1,43
2018-11-14,2,1,53
2018-11-15,2,1,44
2018-11-16,2,1,36
2018-11-17,2,1,32
2018-11-18,2,1,40
2018-11-19,2,1,33
2018-11-20,2,1,53
2018-11-21,2,1,47
2018-11-22,2,1,38
2018-11-23,2,1,34
2018-11-24,2,1,26
2018-11-25,2,1,37
2018-11-26,2,1,37
2018-11-27,2,1,48
2018-11-28,2,1,53
2018-11-29,2,1,42
2018-11-30,2,1,37
2018-12-01,2,1,29
2018-12-02,2,1,34
2018-12-03,2,1,53
2018-12-04,2,1,52
2018-12-05,2,1,49
2018-12-06,2,1,44
2018-12-07,2,1,40
2018-12-08,2,1,36
2018-12-09,2,1,36
2018-12-10,2,1,46
2018-12-11,2,1,47
2018-12-12,2,1,48
2018-12-13,2,1,50
2018-12-14,2,1,37
2018-12-15,2,1,40
2018-12-16,2,1,39
2018-12-17,2,1,38
2018-12-18,2,1,53
2018-12-19,2,1,47
2018-12-20,2,1,53
2018-12-21,2,1,42
2018-12-22,2,1,47
2018-12-23,2,1,45
2018-12-24,2,1,43
2018-12-25,2,1,46
2018-12-26,2,1,53
2018-12-27,2,1,47
2018-12-28,2,1,52
2018-12-29,2,1,41
2018-12-30,2,1,47
2018-12-31,2,1,48
2019-01-01,2,1,55
2019-01-02,2,1,58
2019-01-03,2,1,58
2019-01-04,2,1,48
2019-01-05,2,1,39
2019-01-06,2,1,51
2019-01-07,2,1,50
2019-01-08,2,1,56
2019-01-09,2,1,48
2019-01-10,2,1,58
2019-01-11,2,1,49
2019-01-12,2,1,45
2019-01-13,2,1,45
2019-01-14,2,1,51
2019-01-15,2,1,58
2019-01-16,2,1,63
2019-01-17,2,1,60
2019-01-18,2,1,50
2019-01-19,2,1,50
2019-01-20,2,1,48
2019-01-21,2,1,53
2019-01-22,2,1,62
2019-01-23,2,1,58
2019-01-24,2,1,60
2019-01-25,2,1,46
2019-01-26,2,1,44
2019-01-27,2,1,42
2019-01-28,2,1,56
2019-01-29,2,1,69
2019-01-30,2,1,64
2019-01-31,2,1,63
2019-02-01,2,1,63
2019-02-02,2,1,51
2019-02-03,2,1,49
2019-02-04,2,1,56
2019-02-05,2,1,65
2019-02-06,2,1,64
2019-02-07,2,1,60
2019-02-08,2,1,59
2019-02-09,2,1,55
2019-02-10,2,1,46
2019-02-11,2,1,56
2019-02-12,2,1,64
2019-02-13,2,1,70
2019-02-14,2,1,68
2019-02-15,2,1,68
2019-02-16,2,1,51
2019-02-17,2,1,53
2019-02-18,2,1,63
2019-02-19,2,1,65
2019-02-20,2,1,68
2019-02-21,2,1,63
2019-02-22,2,1,48
2019-02-23,2,1,54
2019-02-24,2,1,55
2019-02-25,2,1,67
2019-02-26,2,1,68
2019-02-27,2,1,65
2019-02-28,2,1,65
2019-03-01,2,1,51
2019-03-02,2,1,50
2019-03-03,2,1,59
2019-03-04,2,1,62
2019-03-05,2,1,73
2019-03-06,2,1,63
2019-03-07,2,1,66
2019-03-08,2,1,58
2019-03-09,2,1,60
2019-03-10,2,1,60
2019-03-11,2,1,66
2019-03-12,2,1,76
2019-03-13,2,1,70
2019-03-14,2,1,73
2019-03-15,2,1,56
2019-03-16,2,1,52
2019-03-17,2,1,61
2019-03-18,2,1,58
2019-03-19,2,1,73
2019-03-20,2,1,73
2019-03-21,2,1,72
2019-03-22,2,1,61
2019-03-23,2,1,57
2019-03-24,2,1,60
2019-03-25,2,1,62
2019-03-26,2,1,68
2019-03-27,2,1,74
2019-03-28,2,1,68
2019-03-29,2,1,60
2019-03-30,2,1,57
2019-03-31,2,1,65
2019-04-01,2,1,63
2019-04-02,2,1,69
2019-04-03,2,1,66
2019-04-04,2,1,68
2019-04-05,2,1,64
2019-04-06,2,1,60
2019-04-07,2,1,59
2019-04-08,2,1,69
2019-04-09,2,1,74
2019-04-10,2,1,77
2019-04-11,2,1,72
2019-04-12,2,1,67
2019-04-13,2,1,56
2019-04-14,2,1,53
2019-04-15,2,1,67
2019-04-16,2,1,74
2019-04-17,2,1,78
2019-04-18,2,1,73
2019-04-19,2,1,69
2019-04-20,2,1,59
2019-04-21,2,1,59
2019-04-22,2,1,58
2019-04-23,2,1,71
2019-04-24,2,1,69
2019-04-25,2,1,68
2019-04-26,2,1,60
2019-04-27,2,1,58
2019-04-28,2,1,57
2019-04-29,2,1,67
2019-04-30,2,1,59
2019-05-01,2,1,72
2019-05-02,2,1,71
2019-05-03,2,1,67
2019-05-04,2,1,58
2019-05-05,2,1,63
2019-05-06,2,1,63
2019-05-07,2,1,69
2019-05-08,2,1,72
2019-05-09,2,1,65
2019-05-10,2,1,55
2019-05-11,2,1,52
2019-05-12,2,1,51
2019-05-13,2,1,63
2019-05-14,2,1,67
2019-05-15,2,1,67
2019-05-16,2,1,62
2019-05-17,2,1,59
2019-05-18,2,1,56
2019-05-19,2,1,50
2019-05-20,2,1,55
2019-05-21,2,1,70
2019-05-22,2,1,62
2019-05-23,2,1,65
2019-05-24,2,1,62
2019-05-25,2,1,58
2019-05-26,2,1,56
2019-05-27,2,1,62
2019-05-28,2,1,74
2019-05-29,2,1,57
2019-05-30,2,1,60
2019-05-31,2,1,58
2019-06-01,2,1,49
2019-06-02,2,1,56
2019-06-03,2,1,57
2019-06-04,2,1,64
2019-06-05,2,1,64
2019-06-06,2,1,58
2019-06-07,2,1,51
2019-06-08,2,1,49
2019-06-09,2,1,47
2019-06-10,2,1,59
2019-06-11,2,1,64
2019-06-12,2,1,67
2019-06-13,2,1,54
2019-06-14,2,1,44
2019-06-15,2,1,47
2019-06-16,2,1,60
2019-06-17,2,1,59
2019-06-18,2,1,58
2019-06-19,2,1,63
2019-06-20,2,1,60
2019-06-21,2,1,44
2019-06-22,2,1,50
2019-06-23,2,1,46
2019-06-24,2,1,52
2019-06-25,2,1,58
2019-06-26,2,1,64
2019-06-27,2,1,52
2019-06-28,2,1,41
2019-06-29,2,1,44
2019-06-30,2,1,36
2019-07-01,2,1,49
2019-07-02,2,1,61
2019-07-03,2,1,60
2019-07-04,2,1,57
2019-07-05,2,1,48
2019-07-06,2,1,51
2019-07-07,2,1,40
2019-07-08,2,1,50
2019-07-09,2,1,53
2019-07-10,2,1,60
2019-07-11,2,1,51
2019-07-12,2,1,51
2019-07-13,2,1,38
2019-07-14,2,1,47
2019-07-15,2,1,49
2019-07-16,2,1,53
2019-07-17,2,1,56
2019-07-18,2,1,51
2019-07-19,2,1,44
2019-07-20,2,1,37
2019-07-21,2,1,36
2019-07-22,2,1,44
2019-07-23,2,1,45
2019-07-24,2,1,56
2019-07-25,2,1,43
2019-07-26,2,1,40
2019-07-27,2,1,39
2019-07-28,2,1,41
2019-07-29,2,1,37
2019-07-30,2,1,49
2019-07-31,2,1,53
2019-08-01,2,1,47
2019-08-02,2,1,45
2019-08-03,2,1,31
2019-08-04,2,1,28
2019-08-05,2,1,45
2019-08-06,2,1,46
2019-08-07,2,1,42
2019-08-08,2,1,44
2019-08-09,2,1,43
2019-08-10,2,1,28
2019-08-11,2,1,44
2019-08-12,2,1,37
2019-08-13,2,1,47
2019-08-14,2,1,43
2019-08-15,2,1,44
2019-08-16,2,1,36
2019-08-17,2,1,26
2019-08-18,2,1,45
2019-08-19,2,1,37
2019-08-20,2,1,44
2019-08-21,2,1,51
2019-08-22,2,1,50
2019-08-23,2,1,40
2019-08-24,2,1,26
2019-08-25,2,1,33
2019-08-26,2,1,31
2019-08-27,2,1,48
2019-08-28,2,1,39
2019-08-29,2,1,38
2019-08-30,2,1,34
2019-08-31,2,1,32
2019-09-01,2,1,30
2019-09-02,2,1,44
2019-09-03,2,1,46
2019-09-04,2,1,48
2019-09-05,2,1,36
2019-09-06,2,1,40
2019-09-07,2,1,26
2019-09-08,2,1,38
2019-09-09,2,1,45
2019-09-10,2,1,45
2019-09-11,2,1,48
2019-09-12,2,1,28
2019-09-13,2,1,32
2019-09-14,2,1,33
2019-09-15,2,1,34
2019-09-16,2,1,31
2019-09-17,2,1,41
2019-09-18,2,1,34
2019-09-19,2,1,41
2019-09-20,2,1,25
2019-09-21,2,1,33
2019-09-22,2,1,34
2019-09-23,2,1,34
2019-09-24,2,1,44
2019-09-25,2,1,43
2019-09-26,2,1,40
2019-09-27,2,1,28
2019-09-28,2,1,31
2019-09-29,2,1,23
2019-09-30,2,1,28
2019-10-01,2,1,42
2019-10-02,2,1,43
2019-10-03,2,1,40
2019-10-04,2,1,30
2019-10-05,2,1,36
2019-10-06,2,1,30
2019-10-07,2,1,37
2019-10-08,2,1,43
2019-10-09,2,1,48
2019-10-10,2,1,42
2019-10-11,2,1,34
2019-10-12,2,1,31
2019-10-13,2,1,23
2019-10-14,2,1,29
2019-10-15,2,1,42
2019-10-16,2,1,43
2019-10-17,2,1,42
2019-10-18,2,1,33
2019-10-19,2,1,31
2019-10-20,2,1,25
2019-10-21,2,1,37
2019-10-22,2,1,38
2019-10-23,2,1,46
2019-10-24,2,1,33
2019-10-25,2,1,35
2019-10-26,2,1,24
2019-10-27,2,1,30
2019-10-28,2,1,41
2019-10-29,2,1,45
2019-10-30,2,1,39
2019-10-31,2,1,39
2019-11-01,2,1,29
2019-11-02,2,1,24
2019-11-03,2,1,33
2019-11-04,2,1,41
2019-11-05,2,1,47
2019-11-06,2,1,49
2019-11-07,2,1,42
2019-11-08,2,1,35
2019-11-09,2,1,27
2019-11-10,2,1,31
2019-11-11,2,1,34
2019-11-12,2,1,43
2019-11-13,2,1,48
2019-11-14,2,1,43
2019-11-15,2,1,49
2019-11-16,2,1,27
2019-11-17,2,1,34
2019-11-18,2,1,35
2019-11-19,2,1,46
2019-11-20,2,1,48
2019-11-21,2,1,48
2019-11-22,2,1,36
2019-11-23,2,1,33
2019-11-24,2,1,34
2019-11-25,2,1,37
2019-11-26,2,1,46
2019-11-27,2,1,49
2019-11-28,2,1,47
2019-11-29,2,1,42
2019-11-30,2,1,35
2019-12-01,2,1,36
2019-12-02,2,1,37
2019-12-03,2,1,53
2019-12-04,2,1,49
2019-12-05,2,1,51
2019-12-06,2,1,47
2019-12-07,2,1,37
2019-12-08,2,1,35
2019-12-09,2,1,46
2019-12-10,2,1,54
2019-12-11,2,1,53
2019-12-12,2,1,48
2019-12-13,2,1,45
2019-12-14,2,1,41
2019-12-15,2,1,39
2019-12-16,2,1,41
2019-12-17,2,1,56
2019-12-18,2,1,53
2019-12-19,2,1,52
2019-12-20,2,1,46
2019-12-21,2,1,33
2019-12-22,2,1,43
2019-12-23,2,1,51
2019-12-24,2,1,58
2019-12-25,2,1,58
2019-12-26,2,1,46
2019-12-27,2,1,52
2019-12-28,2,1,44
2019-12-29,2,1,40
2019-12-30,2,1,48
2019-12-31,2,1,58
2020-01-01,2,1,62
2020-01-02,2,1,53
2020-01-03,2,1,52
2020-01-04,2,1,37
2020-01-05,2,1,42
2020-01-06,2,1,45
2020-01-07,2,1,56
2020-01-08,2,1,67
2020-01-09,2,1,65
2020-01-10,2,1,51
2020-01-11,2,1,44
2020-01-12,2,1,47
2020-01-13,2,1,57
2020-01-14,2,1,55
2020-01-15,2,1,61
2020-01-16,2,1,65
2020-01-17,2,1,48
2020-01-18,2,1,45
2020-01-19,2,1,50
2020-01-20,2,1,58
2020-01-21,2,1,60
2020-01-22,2,1,65
2020-01-23,2,1,63
2020-01-24,2,1,62
2020-01-25,2,1,49
2020-01-26,2,1,52
2020-01-27,2,1,64
2020-01-28,2,1,62
2020-01-29,2,1,61
2020-01-30,2,1,63
2020-01-31,2,1,60
2020-02-01,2,1,53
2020-02-02,2,1,53
2020-02-03,2,1,54
2020-02-04,2,1,66
2020-02-05,2,1,73
2020-02-06,2,1,59
2020-02-07,2,1,56
2020-02-08,2,1,51
2020-02-09,2,1,52
2020-02-10,2,1,62
2020-02-11,2,1,69
2020-02-12,2,1,71
2020-02-13,2,1,61
2020-02-14,2,1,52
2020-02-15,2,1,55
2020-02-16,2,1,54
2020-02-17,2,1,70
2020-02-18,2,1,77
2020-02-19,2,1,79
2020-02-20,2,1,63
2020-02-21,2,1,62
2020-02-22,2,1,59
2020-02-23,2,1,60
2020-02-24,2,1,62
2020-02-25,2,1,75
2020-02-26,2,1,72
2020-02-27,2,1,68
2020-02-28,2,1,55
2020-02-29,2,1,59
2020-03-01,2,1,57
2020-03-02,2,1,67
2020-03-03,2,1,72
2020-03-04,2,1,74
2020-03-05,2,1,68
2020-03-06,2,1,65
2020-03-07,2,1,57
2020-03-08,2,1,53
2020-03-09,2,1,68
2020-03-10,2,1,69
2020-03-11,2,1,68
2020-03-12,2,1,65
2020-03-13,2,1,64
2020-03-14,2,1,58
2020-03-15,2,1,51
2020-03-16,2,1,65
2020-03-17,2,1,77
2020-03-18,2,1,72
2020-03-19,2,1,69
2020-03-20,2,1,67
2020-03-21,2,1,62
2020-03-22,2,1,64
2020-03-23,2,1,55
2020-03-24,2,1,80
2020-03-25,2,1,77
2020-03-26,2,1,80
2020-03-27,2,1,60
2020-03-28,2,1,52
2020-03-29,2,1,61
2020-03-30,2,1,66
2020-03-31,2,1,76
2020-04-01,2,1,79
2020-04-02,2,1,70
2020-04-03,2,1,62
2020-04-04,2,1,61
2020-04-05,2,1,59
2020-04-06,2,1,65
2020-04-07,2,1,77
2020-04-08,2,1,80
2020-04-09,2,1,74
2020-04-10,2,1,62
2020-04-11,2,1,50
2020-04-12,2,1,60
2020-04-13,2,1,63
2020-04-14,2,1,72
2020-04-15,2,1,71
2020-04-16,2,1,70
2020-04-17,2,1,59
2020-04-18,2,1,53
2020-04-19,2,1,65
2020-04-20,2,1,62
2020-04-21,2,1,72
2020-04-22,2,1,77
2020-04-23,2,1,73
2020-04-24,2,1,65
2020-04-25,2,1,59
2020-04-26,2,1,62
2020-04-27,2,1,71
2020-04-28,2,1,73
2020-04-29,2,1,66
2020-04-30,2,1,66
2020-05-01,2,1,64
2020-05-02,2,1,54
2020-05-03,2,1,65
2020-05-04,2,1,64
2020-05-05,2,1,71
2020-05-06,2,1,77
2020-05-07,2,1,67
2020-05-08,2,1,61
2020-05-09,2,1,60
2020-05-10,2,1,51
2020-05-11,2,1,62
2020-05-12,2,1,73
2020-05-13,2,1,71
2020-05-14,2,1,72
2020-05-15,2,1,53
2020-05-16,2,1,48
2020-05-17,2,1,59
2020-05-18,2,1,66
2020-05-19,2,1,68
2020-05-20,2,1,71
2020-05-21,2,1,68
2020-05-22,2,1,55
2020-05-23,2,1,51
2020-05-24,2,1,56
2020-05-25,2,1,65
2020-05-26,2,1,62
2020-05-27,2,1,67
2020-05-28,2,1,63
2020-05-29,2,1,58
2020-05-30,2,1,52
2020-05-31,2,1,51
2020-06-01,2,1,64
2020-06-02,2,1,63
2020-06-03,2,1,66
2020-06-04,2,1,56
2020-06-05,2,1,52
2020-06-06,2,1,53
2020-06-07,2,1,53
2020-06-08,2,1,60
2020-06-09,2,1,66
2020-06-10,2,1,73
2020-06-11,2,1,58
2020-06-12,2,1,47
2020-06-13,2,1,45
2020-06-14,2,1,47
2020-06-15,2,1,52
2020-06-16,2,1,63
2020-06-17,2,1,68
2020-06-18,2,1,65
2020-06-19,2,1,54
2020-06-20,2,1,56
2020-06-21,2,1,47
2020-06-22,2,1,48
2020-06-23,2,1,65
2020-06-24,2,1,54
2020-06-25,2,1,54
2020-06-26,2,1,52
2020-06-27,2,1,45
2020-06-28,2,1,46
2020-06-29,2,1,48
2020-06-30,2,1,59
2020-07-01,2,1,64
2020-07-02,2,1,55
2020-07-03,2,1,45
2020-07-04,2,1,39
2020-07-05,2,1,42
2020-07-06,2,1,52
2020-07-07,2,1,58
2020-07-08,2,1,55
2020-07-09,2,1,45
2020-07-10,2,1,48
2020-07-11,2,1,38
2020-07-12,2,1,46
2020-07-13,2,1,46
2020-07-14,2,1,51
2020-07-15,2,1,57
2020-07-16,2,1,61
2020-07-17,2,1,48
2020-07-18,2,1,41
2020-07-19,2,1,43
2020-07-20,2,1,40
2020-07-21,2,1,49
2020-07-22,2,1,45
2020-07-23,2,1,57
2020-07-24,2,1,49
2020-07-25,2,1,40
2020-07-26,2,1,40
2020-07-27,2,1,40
2020-07-28,2,1,51
2020-07-29,2,1,60
2020-07-30,2,1,49
2020-07-31,2,1,39
2020-08-01,2,1,30
2020-08-02,2,1,44
2020-08-03,2,1,44
2020-08-04,2,1,43
2020-08-05,2,1,48
2020-08-06,2,1,42
2020-08-07,2,1,39
2020-08-08,2,1,36
2020-08-09,2,1,35
2020-08-10,2,1,46
2020-08-11,2,1,49
2020-08-12,2,1,55
2020-08-13,2,1,44
2020-08-14,2,1,51
2020-08-15,2,1,32
2020-08-16,2,1,32
2020-08-17,2,1,37
2020-08-18,2,1,47
2020-08-19,2,1,42
2020-08-20,2,1,46
2020-08-21,2,1,30
2020-08-22,2,1,34
2020-08-23,2,1,29
2020-08-24,2,1,39
2020-08-25,2,1,49
2020-08-26,2,1,57
2020-08-27,2,1,39
2020-08-28,2,1,36
2020-08-29,2,1,29
2020-08-30,2,1,30
2020-08-31,2,1,37
2020-09-01,2,1,49
2020-09-02,2,1,45
2020-09-03,2,1,52
2020-09-04,2,1,37
2020-09-05,2,1,27
2020-09-06,2,1,31
2020-09-07,2,1,36
2020-09-08,2,1,48
2020-09-09,2,1,40
2020-09-10,2,1,37
2020-09-11,2,1,33
2020-09-12,2,1,33
2020-09-13,2,1,37
2020-09-14,2,1,44
2020-09-15,2,1,47
2020-09-16,2,1,46
2020-09-17,2,1,45
2020-09-18,2,1,30
2020-09-19,2,1,23
2020-09-20,2,1,33
2020-09-21,2,1,34
2020-09-22,2,1,44
2020-09-23,2,1,46
2020-09-24,2,1,42
2020-09-25,2,1,38
2020-09-26,2,1,33
2020-09-27,2,1,32
2020-09-28,2,1,36
2020-09-29,2,1,44
2020-09-30,2,1,43
2020-10-01,2,1,40
2020-10-02,2,1,45
2020-10-03,2,1,31
2020-10-04,2,1,33
2020-10-05,2,1,35
2020-10-06,2,1,48
2020-10-07,2,1,49
2020-10-08,2,1,44
2020-10-09,2,1,35
2020-10-10,2,1,34
2020-10-11,2,1,37
2020-10-12,2,1,39
2020-10-13,2,1,44
2020-10-14,2,1,50
2020-10-15,2,1,38
2020-10-16,2,1,32
2020-10-17,2,1,30
2020-10-18,2,1,25
2020-10-19,2,1,42
2020-10-20,2,1,41
2020-10-21,2,1,45
2020-10-22,2,1,42
2020-10-23,2,1,36
2020-10-24,2,1,30
2020-10-25,2,1,33
2020-10-26,2,1,39
2020-10-27,2,1,44
2020-10-28,2,1,44
2020-10-29,2,1,48
2020-10-30,2,1,28
2020-10-31,2,1,31
2020-11-01,2,1,32
2020-11-02,2,1,42
2020-11-03,2,1,41
2020-11-04,2,1,46
2020-11-05,2,1,44
2020-11-06,2,1,42
2020-11-07,2,1,35
2020-11-08,2,1,30
2020-11-09,2,1,39
2020-11-10,2,1,51
2020-11-11,2,1,45
2020-11-12,2,1,45
2020-11-13,2,1,39
2020-11-14,2,1,33
2020-11-15,2,1,47
2020-11-16,2,1,41
2020-11-17,2,1,51
2020-11-18,2,1,48
2020-11-19,2,1,49
2020-11-20,2,1,44
2020-11-21,2,1,34
2020-11-22,2,1,37
2020-11-23,2,1,41
2020-11-24,2,1,46
2020-11-25,2,1,56
2020-11-26,2,1,46
2020-11-27,2,1,32
2020-11-28,2,1,44
2020-11-29,2,1,36
2020-11-30,2,1,45
2020-12-01,2,1,59
2020-12-02,2,1,53
2020-12-03,2,1,49
2020-12-04,2,1,38
2020-12-05,2,1,33
2020-12-06,2,1,40
2020-12-07,2,1,49
2020-12-08,2,1,55
2020-12-09,2,1,54
2020-12-10,2,1,52
2020-12-11,2,1,37
2020-12-12,2,1,43
2020-12-13,2,1,43
2020-12-14,2,1,57
2020-12-15,2,1,56
2020-12-16,2,1,54
2020-12-17,2,1,53
2020-12-18,2,1,45
2020-12-19,2,1,44
2020-12-20,2,1,44
2020-12-21,2,1,46
2020-12-22,2,1,51
2020-12-23,2,1,60
2020-12-24,2,1,61
2020-12-25,2,1,49
2020-12-26,2,1,48
2020-12-27,2,1,50
2020-12-28,2,1,54
2020-12-29,2,1,56
2020-12-30,2,1,62
2020-12-31,2,1,62
2021-01-01,2,1,52
2021-01-02,2,1,49
2021-01-03,2,1,46
2021-01-04,2,1,53
2021-01-05,2,1,60
2021-01-06,2,1,62
2021-01-07,2,1,63
2021-01-08,2,1,42
2021-01-09,2,1,48
2021-01-10,2,1,49
2021-01-11,2,1,51
2021-01-12,2,1,65
2021-01-13,2,1,62
2021-01-14,2,1,59
2021-01-15,2,1,61
2021-01-16,2,1,54
2021-01-17,2,1,54
2021-01-18,2,1,59
2021-01-19,2,1,64
2021-01-20,2,1,74
2021-01-21,2,1,65
2021-01-22,2,1,52
2021-01-23,2,1,46
2021-01-24,2,1,55
2021-01-25,2,1,59
2021-01-26,2,1,60
2021-01-27,2,1,70
2021-01-28,2,1,63
2021-01-29,2,1,59
2021-01-30,2,1,55
2021-01-31,2,1,52
2021-02-01,2,1,64
2021-02-02,2,1,66
2021-02-03,2,1,68
2021-02-04,2,1,63
2021-02-05,2,1,63
2021-02-06,2,1,53
2021-02-07,2,1,62
2021-02-08,2,1,70
2021-02-09,2,1,66
2021-02-10,2,1,59
2021-02-11,2,1,71
2021-02-12,2,1,59
2021-02-13,2,1,53
2021-02-14,2,1,55
2021-02-15,2,1,62
2021-02-16,2,1,76
2021-02-17,2,1,73
2021-02-18,2,1,73
2021-02-19,2,1,63
2021-02-20,2,1,56
2021-02-21,2,1,57
2021-02-22,2,1,68
2021-02-23,2,1,75
2021-02-24,2,1,77
2021-02-25,2,1,68
2021-02-26,2,1,63
2021-02-27,2,1,61
2021-02-28,2,1,59
2021-03-01,2,1,62
2021-03-02,2,1,70
2021-03-03,2,1,74
2021-03-04,2,1,73
2021-03-05,2,1,69
2021-03-06,2,1,54
2021-03-07,2,1,59
2021-03-08,2,1,66
2021-03-09,2,1,77
2021-03-10,2,1,73
2021-03-11,2,1,69
2021-03-12,2,1,59
2021-03-13,2,1,62
2021-03-14,2,1,61
2021-03-15,2,1,65
2021-03-16,2,1,73
2021-03-17,2,1,80
2021-03-18,2,1,68
2021-03-19,2,1,61
2021-03-20,2,1,66
2021-03-21,2,1,62
2021-03-22,2,1,71
2021-03-23,2,1,76
2021-03-24,2,1,76
2021-03-25,2,1,71
2021-03-26,2,1,68
2021-03-27,2,1,65
2021-03-28,2,1,67
2021-03-29,2,1,64
2021-03-30,2,1,80
2021-03-31,2,1,75
2021-04-01,2,1,69
2021-04-02,2,1,65
2021-04-03,2,1,64
2021-04-04,2,1,65
2021-04-05,2,1,68
2021-04-06,2,1,78
2021-04-07,2,1,77
2021-04-08,2,1,70
2021-04-09,2,1,62
2021-04-10,2,1,62
2021-04-11,2,1,62
2021-04-12,2,1,63
2021-04-13,2,1,78
2021-04-14,2,1,74
2021-04-15,2,1,78
2021-04-16,2,1,59
2021-04-17,2,1,60
2021-04-18,2,1,59
2021-04-19,2,1,64
2021-04-20,2,1,72
2021-04-21,2,1,83
2021-04-22,2,1,72
2021-04-23,2,1,61
2021-04-24,2,1,53
2021-04-25,2,1,54
2021-04-26,2,1,65
2021-04-27,2,1,71
2021-04-28,2,1,74
2021-04-29,2,1,62
2021-04-30,2,1,63
2021-05-01,2,1,63
2021-05-02,2,1,67
2021-05-03,2,1,59
2021-05-04,2,1,70
2021-05-05,2,1,71
2021-05-06,2,1,70
2021-05-07,2,1,58
2021-05-08,2,1,65
2021-05-09,2,1,60
2021-05-10,2,1,65
2021-05-11,2,1,78
2021-05-12,2,1,73
2021-05-13,2,1,70
2021-05-14,2,1,59
2021-05-15,2,1,52
2021-05-16,2,1,56
2021-05-17,2,1,73
2021-05-18,2,1,73
2021-05-19,2,1,73
2021-05-20,2,1,64
2021-05-21,2,1,64
2021-05-22,2,1,50
2021-05-23,2,1,51
2021-05-24,2,1,61
2021-05-25,2,1,77
2021-05-26,2,1,78
2021-05-27,2,1,64
2021-05-28,2,1,56
2021-05-29,2,1,48
2021-05-30,2,1,56
2021-05-31,2,1,62
2021-06-01,2,1,71
2021-06-02,2,1,73
2021-06-03,2,1,64
2021-06-04,2,1,60
2021-06-05,2,1,50
2021-06-06,2,1,56
2021-06-07,2,1,58
2021-06-08,2,1,68
2021-06-09,2,1,69
2021-06-10,2,1,63
2021-06-11,2,1,59
2021-06-12,2,1,45
2021-06-13,2,1,48
2021-06-14,2,1,57
2021-06-15,2,1,59
2021-06-16,2,1,64
2021-06-17,2,1,60
2021-06-18,2,1,59
2021-06-19,2,1,50
2021-06-20,2,1,55
2021-06-21,2,1,58
2021-06-22,2,1,61
2021-06-23,2,1,65
2021-06-24,2,1,62
2021-06-25,2,1,57
2021-06-26,2,1,47
2021-06-27,2,1,42
2021-06-28,2,1,48
2021-06-29,2,1,60
2021-06-30,2,1,53
2021-07-01,2,1,65
2021-07-02,2,1,53
2021-07-03,2,1,43
2021-07-04,2,1,43
2021-07-05,2,1,57
2021-07-06,2,1,55
2021-07-07,2,1,57
2021-07-08,2,1,53
2021-07-09,2,1,49
2021-07-10,2,1,47
2021-07-11,2,1,50
2021-07-12,2,1,56
2021-07-13,2,1,58
2021-07-14,2,1,63
2021-07-15,2,1,52
2021-07-16,2,1,40
2021-07-17,2,1,40
2021-07-18,2,1,41
2021-07-19,2,1,47
2021-07-20,2,1,52
2021-07-21,2,1,55
2021-07-22,2,1,55
2021-07-23,2,1,52
2021-07-24,2,1,34
2021-07-25,2,1,37
2021-07-26,2,1,45
2021-07-27,2,1,57
2021-07-28,2,1,55
2021-07-29,2,1,48
2021-07-30,2,1,47
2021-07-31,2,1,43
2021-08-01,2,1,41
2021-08-02,2,1,43
2021-08-03,2,1,54
2021-08-04,2,1,53
2021-08-05,2,1,48
2021-08-06,2,1,40
2021-08-07,2,1,41
2021-08-08,2,1,40
2021-08-09,2,1,49
2021-08-10,2,1,57
2021-08-11,2,1,54
2021-08-12,2,1,46
2021-08-13,2,1,45
2021-08-14,2,1,38
2021-08-15,2,1,48
2021-08-16,2,1,45
2021-08-17,2,1,53
2021-08-18,2,1,52
2021-08-19,2,1,46
2021-08-20,2,1,39
2021-08-21,2,1,36
2021-08-22,2,1,39
2021-08-23,2,1,47
2021-08-24,2,1,50
2021-08-25,2,1,48
2021-08-26,2,1,44
2021-08-27,2,1,33
2021-08-28,2,1,41
2021-08-29,2,1,33
2021-08-30,2,1,46
2021-08-31,2,1,49
2021-09-01,2,1,50
2021-09-02,2,1,44
2021-09-03,2,1,35
2021-09-04,2,1,29
2021-09-05,2,1,42
2021-09-06,2,1,41
2021-09-07,2,1,52
2021-09-08,2,1,54
2021-09-09,2,1,42
2021-09-10,2,1,39
2021-09-11,2,1,33
2021-09-12,2,1,29
2021-09-13,2,1,40
2021-09-14,2,1,49
2021-09-15,2,1,46
2021-09-16,2,1,42
2021-09-17,2,1,36
2021-09-18,2,1,41
2021-09-19,2,1,26
2021-09-20,2,1,42
2021-09-21,2,1,45
2021-09-22,2,1,45
2021-09-23,2,1,42
2021-09-24,2,1,39
2021-09-25,2,1,35
2021-09-26,2,1,34
2021-09-27,2,1,44
2021-09-28,2,1,51
2021-09-29,2,1,51
2021-09-30,2,1,41
2021-10-01,2,1,38
2021-10-02,2,1,34
2021-10-03,2,1,30
2021-10-04,2,1,33
2021-10-05,2,1,38
2021-10-06,2,1,48
2021-10-07,2,1,44
2021-10-08,2,1,32
2021-10-09,2,1,36
2021-10-10,2,1,34
2021-10-11,2,1,45
2021-10-12,2,1,48
2021-10-13,2,1,44
2021-10-14,2,1,45
2021-10-15,2,1,39
2021-10-16,2,1,30
2021-10-17,2,1,28
2021-10-18,2,1,41
2021-10-19,2,1,43
2021-10-20,2,1,53
2021-10-21,2,1,43
2021-10-22,2,1,44
2021-10-23,2,1,25
2021-10-24,2,1,35
2021-10-25,2,1,47
2021-10-26,2,1,44
2021-10-27,2,1,48
2021-10-28,2,1,43
2021-10-29,2,1,35
2021-10-30,2,1,35
2021-10-31,2,1,30
2021-11-01,2,1,42
2021-11-02,2,1,50
2021-11-03,2,1,49
2021-11-04,2,1,42
2021-11-05,2,1,43
2021-11-06,2,1,38
2021-11-07,2,1,32
2021-11-08,2,1,38
2021-11-09,2,1,46
2021-11-10,2,1,53
2021-11-11,2,1,48
2021-11-12,2,1,43
2021-11-13,2,1,35
2021-11-14,2,1,34
2021-11-15,2,1,48
2021-11-16,2,1,48
2021-11-17,2,1,53
2021-11-18,2,1,42
2021-11-19,2,1,39
2021-11-20,2,1,41
2021-11-21,2,1,36
2021-11-22,2,1,49
2021-11-23,2,1,43
2021-11-24,2,1,52
2021-11-25,2,1,49
2021-11-26,2,1,50
2021-11-27,2,1,34
2021-11-28,2,1,43
2021-11-29,2,1,51
2021-11-30,2,1,51
2021-12-01,2,1,54
2021-12-02,2,1,52
2021-12-03,2,1,39
2021-12-04,2,1,39
2021-12-05,2,1,47
2021-12-06,2,1,51
2021-12-07,2,1,55
2021-12-08,2,1,58
2021-12-09,2,1,55
2021-12-10,2,1,49
2021-12-11,2,1,40
2021-12-12,2,1,50
2021-12-13,2,1,56
2021-12-14,2,1,60
2021-12-15,2,1,55
2021-12-16,2,1,51
2021-12-17,2,1,47
2021-12-18,2,1,44
2021-12-19,2,1,39
2021-12-20,2,1,54
2021-12-21,2,1,64
2021-12-22,2,1,63
2021-12-23,2,1,54
2021-12-24,2,1,47
2021-12-25,2,1,47
2021-12-26,2,1,47
2021-12-27,2,1,56
2021-12-28,2,1,63
2021-12-29,2,1,67
2021-12-30,2,1,54
2021-12-31,2,1,53
2022-01-01,2,1,46
2022-01-02,2,1,49
2022-01-03,2,1,59
2022-01-04,2,1,66
2022-01-05,2,1,70
2022-01-06,2,1,62
2022-01-07,2,1,53
2022-01-08,2,1,48
2022-01-09,2,1,44
2022-01-10,2,1,63
2022-01-11,2,1,63
2022-01-12,2,1,68
2022-01-13,2,1,65
2022-01-14,2,1,50
2022-01-15,2,1,48
2022-01-16,2,1,59
2022-01-17,2,1,61
2022-01-18,2,1,64
2022-01-19,2,1,67
2022-01-20,2,1,68
2022-01-21,2,1,61
2022-01-22,2,1,47
2022-01-23,2,1,61
2022-01-24,2,1,65
2022-01-25,2,1,67
2022-01-26,2,1,65
2022-01-27,2,1,70
2022-01-28,2,1,61
2022-01-29,2,1,49
2022-01-30,2,1,56
2022-01-31,2,1,75
2022-02-01,2,1,70
2022-02-02,2,1,68
2022-02-03,2,1,63
2022-02-04,2,1,67
2022-02-05,2,1,60
2022-02-06,2,1,64
2022-02-07,2,1,65
2022-02-08,2,1,76
2022-02-09,2,1,69
2022-02-10,2,1,69
2022-02-11,2,1,63
2022-02-12,2,1,63
2022-02-13,2,1,61
2022-02-14,2,1,63
2022-02-15,2,1,73
2022-02-16,2,1,67
2022-02-17,2,1,61
2022-02-18,2,1,66
2022-02-19,2,1,58
2022-02-20,2,1,60
2022-02-21,2,1,70
2022-02-22,2,1,79
2022-02-23,2,1,77
2022-02-24,2,1,79
2022-02-25,2,1,66
2022-02-26,2,1,61
2022-02-27,2,1,63
2022-02-28,2,1,63
2022-03-01,2,1,78
2022-03-02,2,1,67
2022-03-03,2,1,70
2022-03-04,2,1,65
2022-03-05,2,1,58
2022-03-06,2,1,61
2022-03-07,2,1,76
2022-03-08,2,1,80
2022-03-09,2,1,74
2022-03-10,2,1,71
2022-03-11,2,1,61
2022-03-12,2,1,65
2022-03-13,2,1,62
2022-03-14,2,1,62
2022-03-15,2,1,77
2022-03-16,2,1,80
2022-03-17,2,1,77
2022-03-18,2,1,66
2022-03-19,2,1,61
2022-03-20,2,1,72
2022-03-21,2,1,70
2022-03-22,2,1,79
2022-03-23,2,1,76
2022-03-24,2,1,77
2022-03-25,2,1,61
2022-03-26,2,1,61
2022-03-27,2,1,59
2022-03-28,2,1,68
2022-03-29,2,1,82
2022-03-30,2,1,76
2022-03-31,2,1,77
2022-04-01,2,1,73
2022-04-02,2,1,63
2022-04-03,2,1,68
2022-04-04,2,1,73
2022-04-05,2,1,77
2022-04-06,2,1,81
2022-04-07,2,1,81
2022-04-08,2,1,65
2022-04-09,2,1,59
2022-04-10,2,1,60
2022-04-11,2,1,74
2022-04-12,2,1,81
2022-04-13,2,1,76
2022-04-14,2,1,65
2022-04-15,2,1,64
2022-04-16,2,1,65
2022-04-17,2,1,64
2022-04-18,2,1,71
2022-04-19,2,1,74
2022-04-20,2,1,82
2022-04-21,2,1,75
2022-04-22,2,1,69
2022-04-23,2,1,63
2022-04-24,2,1,65
2022-04-25,2,1,71
2022-04-26,2,1,72
2022-04-27,2,1,79
2022-04-28,2,1,76
2022-04-29,2,1,70
2022-04-30,2,1,63
2022-05-01,2,1,59
2022-05-02,2,1,66
2022-05-03,2,1,73
2022-05-04,2,1,77
2022-05-05,2,1,71
2022-05-06,2,1,60
2022-05-07,2,1,56
2022-05-08,2,1,53
2022-05-09,2,1,55
2022-05-10,2,1,73
2022-05-11,2,1,85
2022-05-12,2,1,78
2022-05-13,2,1,60
2022-05-14,2,1,60
2022-05-15,2,1,55
2022-05-16,2,1,61
2022-05-17,2,1,68
2022-05-18,2,1,73
2022-05-19,2,1,69
2022-05-20,2,1,63
2022-05-21,2,1,61
2022-05-22,2,1,58
2022-05-23,2,1,66
2022-05-24,2,1,67
2022-05-25,2,1,67
2022-05-26,2,1,62
2022-05-27,2,1,64
2022-05-28,2,1,55
2022-05-29,2,1,50
2022-05-30,2,1,64
2022-05-31,2,1,65
2022-06-01,2,1,78
2022-06-02,2,1,64
2022-06-03,2,1,62
2022-06-04,2,1,59
2022-06-05,2,1,53
2022-06-06,2,1,63
2022-06-07,2,1,71
2022-06-08,2,1,70
2022-06-09,2,1,67
2022-06-10,2,1,53
2022-06-11,2,1,56
2022-06-12,2,1,53
2022-06-13,2,1,62
2022-06-14,2,1,70
2022-06-15,2,1,71
2022-06-16,2,1,65
2022-06-17,2,1,59
2022-06-18,2,1,54
2022-06-19,2,1,59
2022-06-20,2,1,59
2022-06-21,2,1,66
2022-06-22,2,1,70
2022-06-23,2,1,60
2022-06-24,2,1,49
2022-06-25,2,1,52
2022-06-26,2,1,50
2022-06-27,2,1,52
2022-06-28,2,1,65
2022-06-29,2,1,70
2022-06-30,2,1,53
2022-07-01,2,1,57
2022-07-02,2,1,38
2022-07-03,2,1,48
2022-07-04,2,1,63
2022-07-05,2,1,60
2022-07-06,2,1,63
2022-07-07,2,1,61
2022-07-08,2,1,44
2022-07-09,2,1,47
2022-07-10,2,1,48
2022-07-11,2,1,61
2022-07-12,2,1,55
2022-07-13,2,1,60
2022-07-14,2,1,53
2022-07-15,2,1,45
2022-07-16,2,1,49
2022-07-17,2,1,46
2022-07-18,2,1,50
2022-07-19,2,1,56
2022-07-20,2,1,57
2022-07-21,2,1,53
2022-07-22,2,1,43
2022-07-23,2,1,42
2022-07-24,2,1,43
2022-07-25,2,1,47
2022-07-26,2,1,57
2022-07-27,2,1,59
2022-07-28,2,1,51
2022-07-29,2,1,45
2022-07-30,2,1,50
2022-07-31,2,1,51
2022-08-01,2,1,45
2022-08-02,2,1,51
2022-08-03,2,1,52
2022-08-04,2,1,56
2022-08-05,2,1,43
2022-08-06,2,1,41
2022-08-07,2,1,49
2022-08-08,2,1,47
2022-08-09,2,1,56
2022-08-10,2,1,57
2022-08-11,2,1,48
2022-08-12,2,1,47
2022-08-13,2,1,35
2022-08-14,2,1,45
2022-08-15,2,1,44
2022-08-16,2,1,50
2022-08-17,2,1,49
2022-08-18,2,1,45
2022-08-19,2,1,40
2022-08-20,2,1,28
2022-08-21,2,1,38
2022-08-22,2,1,43
2022-08-23,2,1,54
2022-08-24,2,1,54
2022-08-25,2,1,45
2022-08-26,2,1,39
2022-08-27,2,1,35
2022-08-28,2,1,44
2022-08-29,2,1,40
2022-08-30,2,1,47
2022-08-31,2,1,47
2022-09-01,2,1,41
2022-09-02,2,1,41
2022-09-03,2,1,36
2022-09-04,2,1,42
2022-09-05,2,1,47
2022-09-06,2,1,59
2022-09-07,2,1,50
2022-09-08,2,1,45
2022-09-09,2,1,34
2022-09-10,2,1,37
2022-09-11,2,1,37
2022-09-12,2,1,45
2022-09-13,2,1,44
2022-09-14,2,1,51
2022-09-15,2,1,46
2022-09-16,2,1,39
2022-09-17,2,1,31
2022-09-18,2,1,40
2022-09-19,2,1,50
2022-09-20,2,1,44
2022-09-21,2,1,52
2022-09-22,2,1,34
2022-09-23,2,1,41
2022-09-24,2,1,26
2022-09-25,2,1,33
2022-09-26,2,1,36
2022-09-27,2,1,47
2022-09-28,2,1,53
2022-09-29,2,1,38
2022-09-30,2,1,37
2022-10-01,2,1,32
2022-10-02,2,1,42
2022-10-03,2,1,43
2022-10-04,2,1,43
2022-10-05,2,1,48
2022-10-06,2,1,51
2022-10-07,2,1,41
2022-10-08,2,1,30
2022-10-09,2,1,34
2022-10-10,2,1,41
2022-10-11,2,1,46
2022-10-12,2,1,43
2022-10-13,2,1,43
2022-10-14,2,1,44
2022-10-15,2,1,33
2022-10-16,2,1,36
2022-10-17,2,1,43
2022-10-18,2,1,57
2022-10-19,2,1,50
2022-10-20,2,1,50
2022-10-21,2,1,37
2022-10-22,2,1,34
2022-10-23,2,1,37
2022-10-24,2,1,40
2022-10-25,2,1,48
2022-10-26,2,1,54
2022-10-27,2,1,44
2022-10-28,2,1,40
2022-10-29,2,1,39
2022-10-30,2,1,34
2022-10-31,2,1,48
2022-11-01,2,1,50
2022-11-02,2,1,51
2022-11-03,2,1,40
2022-11-04,2,1,39
2022-11-05,2,1,38
2022-11-06,2,1,45
2022-11-07,2,1,47
2022-11-08,2,1,56
2022-11-09,2,1,48
2022-11-10,2,1,48
2022-11-11,2,1,47
2022-11-12,2,1,34
2022-11-13,2,1,43
2022-11-14,2,1,49
2022-11-15,2,1,54
2022-11-16,2,1,53
2022-11-17,2,1,46
2022-11-18,2,1,50
2022-11-19,2,1,42
2022-11-20,2,1,42
2022-11-21,2,1,46
2022-11-22,2,1,54
2022-11-23,2,1,56
2022-11-24,2,1,53
2022-11-25,2,1,48
2022-11-26,2,1,37
2022-11-27,2,1,37
2022-11-28,2,1,49
2022-11-29,2,1,48
2022-11-30,2,1,56
2022-12-01,2,1,51
2022-12-02,2,1,48
2022-12-03,2,1,50
2022-12-04,2,1,36
2022-12-05,2,1,60
2022-12-06,2,1,56
2022-12-07,2,1,60
2022-12-08,2,1,49
2022-12-09,2,1,52
2022-12-10,2,1,44
2022-12-11,2,1,45
2022-12-12,2,1,44
2022-12-13,2,1,59
2022-12-14,2,1,64
2022-12-15,2,1,55
2022-12-16,2,1,54
2022-12-17,2,1,50
2022-12-18,2,1,45
2022-12-19,2,1,60
2022-12-20,2,1,61
2022-12-21,2,1,62
2022-12-22,2,1,59
2022-12-23,2,1,52
2022-12-24,2,1,37
2022-12-25,2,1,49
2022-12-26,2,1,50
2022-12-27,2,1,69
2022-12-28,2,1,70
2022-12-29,2,1,63
2022-12-30,2,1,52
2022-12-31,2,1,45
2018-01-01,2,2,44
2018-01-02,2,2,44
2018-01-03,2,2,60
2018-01-04,2,2,57
2018-01-05,2,2,51
2018-01-06,2,2,45
2018-01-07,2,2,47
2018-01-08,2,2,49
2018-01-09,2,2,47
2018-01-10,2,2,58
2018-01-11,2,2,56
2018-01-12,2,2,46
2018-01-13,2,2,42
2018-01-14,2,2,41
2018-01-15,2,2,47
2018-01-16,2,2,65
2018-01-17,2,2,67
2018-01-18,2,2,55
2018-01-19,2,2,50
2018-01-20,2,2,40
2018-01-21,2,2,49
2018-01-22,2,2,60
2018-01-23,2,2,53
2018-01-24,2,2,63
2018-01-25,2,2,59
2018-01-26,2,2,52
2018-01-27,2,2,53
2018-01-28,2,2,56
2018-01-29,2,2,53
2018-01-30,2,2,64
2018-01-31,2,2,63
2018-02-01,2,2,56
2018-02-02,2,2,53
2018-02-03,2,2,50
2018-02-04,2,2,50
2018-02-05,2,2,52
2018-02-06,2,2,61
2018-02-07,2,2,62
2018-02-08,2,2,57
2018-02-09,2,2,55
2018-02-10,2,2,51
2018-02-11,2,2,55
2018-02-12,2,2,54
2018-02-13,2,2,62
2018-02-14,2,2,72
2018-02-15,2,2,61
2018-02-16,2,2,55
2018-02-17,2,2,50
2018-02-18,2,2,57
2018-02-19,2,2,63
2018-02-20,2,2,70
2018-02-21,2,2,67
2018-02-22,2,2,59
2018-02-23,2,2,64
2018-02-24,2,2,55
2018-02-25,2,2,52
2018-02-26,2,2,66
2018-02-27,2,2,64
2018-02-28,2,2,74
2018-03-01,2,2,70
2018-03-02,2,2,53
2018-03-03,2,2,55
2018-03-04,2,2,58
2018-03-05,2,2,71
2018-03-06,2,2,64
2018-03-07,2,2,75
2018-03-08,2,2,65
2018-03-09,2,2,53
2018-03-10,2,2,53
2018-03-11,2,2,55
2018-03-12,2,2,57
2018-03-13,2,2,69
2018-03-14,2,2,74
2018-03-15,2,2,66
2018-03-16,2,2,56
2018-03-17,2,2,54
2018-03-18,2,2,56
2018-03-19,2,2,63
2018-03-20,2,2,73
2018-03-21,2,2,71
2018-03-22,2,2,60
2018-03-23,2,2,57
2018-03-24,2,2,55
2018-03-25,2,2,61
2018-03-26,2,2,68
2018-03-27,2,2,76
2018-03-28,2,2,71
2018-03-29,2,2,69
2018-03-30,2,2,53
2018-03-31,2,2,57
2018-04-01,2,2,52
2018-04-02,2,2,63
2018-04-03,2,2,81
2018-04-04,2,2,72
2018-04-05,2,2,63
2018-04-06,2,2,61
2018-04-07,2,2,53
2018-04-08,2,2,53
2018-04-09,2,2,71
2018-04-10,2,2,73
2018-04-11,2,2,72
2018-04-12,2,2,65
2018-04-13,2,2,58
2018-04-14,2,2,61
2018-04-15,2,2,57
2018-04-16,2,2,50
2018-04-17,2,2,78
2018-04-18,2,2,71
2018-04-19,2,2,67
2018-04-20,2,2,63
2018-04-21,2,2,56
2018-04-22,2,2,59
2018-04-23,2,2,60
2018-04-24,2,2,63
2018-04-25,2,2,71
2018-04-26,2,2,71
2018-04-27,2,2,55
2018-04-28,2,2,51
2018-04-29,2,2,60
2018-04-30,2,2,59
2018-05-01,2,2,66
2018-05-02,2,2,67
2018-05-03,2,2,64
2018-05-04,2,2,51
2018-05-05,2,2,51
2018-05-06,2,2,55
2018-05-07,2,2,61
2018-05-08,2,2,71
2018-05-09,2,2,75
2018-05-10,2,2,69
2018-05-11,2,2,60
2018-05-12,2,2,51
2018-05-13,2,2,51
2018-05-14,2,2,59
2018-05-15,2,2,68
2018-05-16,2,2,70
2018-05-17,2,2,65
2018-05-18,2,2,55
2018-05-19,2,2,54
2018-05-20,2,2,57
2018-05-21,2,2,62
2018-05-22,2,2,64
2018-05-23,2,2,62
2018-05-24,2,2,58
2018-05-25,2,2,51
2018-05-26,2,2,50
2018-05-27,2,2,53
2018-05-28,2,2,51
2018-05-29,2,2,61
2018-05-30,2,2,65
2018-05-31,2,2,56
2018-06-01,2,2,54
2018-06-02,2,2,47
2018-06-03,2,2,46
2018-06-04,2,2,55
2018-06-05,2,2,63
2018-06-06,2,2,59
2018-06-07,2,2,57
2018-06-08,2,2,53
2018-06-09,2,2,43
2018-06-10,2,2,41
2018-06-11,2,2,47
2018-06-12,2,2,58
2018-06-13,2,2,56
2018-06-14,2,2,55
2018-06-15,2,2,56
2018-06-16,2,2,39
2018-06-17,2,2,45
2018-06-18,2,2,60
2018-06-19,2,2,60
2018-06-20,2,2,58
2018-06-21,2,2,54
2018-06-22,2,2,49
2018-06-23,2,2,50
2018-06-24,2,2,42
2018-06-25,2,2,47
2018-06-26,2,2,51
2018-06-27,2,2,58
2018-06-28,2,2,47
2018-06-29,2,2,44
2018-06-30,2,2,38
2018-07-01,2,2,47
2018-07-02,2,2,46
2018-07-03,2,2,56
2018-07-04,2,2,49
2018-07-05,2,2,52
2018-07-06,2,2,39
2018-07-07,2,2,38
2018-07-08,2,2,50
2018-07-09,2,2,50
2018-07-10,2,2,52
2018-07-11,2,2,67
2018-07-12,2,2,46
2018-07-13,2,2,47
2018-07-14,2,2,32
2018-07-15,2,2,38
2018-07-16,2,2,40
2018-07-17,2,2,52
2018-07-18,2,2,53
2018-07-19,2,2,47
2018-07-20,2,2,45
2018-07-21,2,2,34
2018-07-22,2,2,39
2018-07-23,2,2,47
2018-07-24,2,2,43
2018-07-25,2,2,48
2018-07-26,2,2,46
2018-07-27,2,2,41
2018-07-28,2,2,40
2018-07-29,2,2,35
2018-07-30,2,2,40
2018-07-31,2,2,44
2018-08-01,2,2,50
2018-08-02,2,2,43
2018-08-03,2,2,36
2018-08-04,2,2,33
2018-08-05,2,2,36
2018-08-06,2,2,38
2018-08-07,2,2,43
2018-08-08,2,2,49
2018-08-09,2,2,31
2018-08-10,2,2,34
2018-08-11,2,2,27
2018-08-12,2,2,38
2018-08-13,2,2,37
2018-08-14,2,2,43
2018-08-15,2,2,46
2018-08-16,2,2,39
2018-08-17,2,2,33
2018-08-18,2,2,31
2018-08-19,2,2,30
2018-08-20,2,2,36
2018-08-21,2,2,40
2018-08-22,2,2,41
2018-08-23,2,2,41
2018-08-24,2,2,35
2018-08-25,2,2,23
2018-08-26,2,2,34
2018-08-27,2,2,40
2018-08-28,2,2,47
2018-08-29,2,2,45
2018-08-30,2,2,42
2018-08-31,2,2,41
2018-09-01,2,2,27
2018-09-02,2,2,25
2018-09-03,2,2,30
2018-09-04,2,2,49
2018-09-05,2,2,50
2018-09-06,2,2,35
2018-09-07,2,2,29
2018-09-08,2,2,26
2018-09-09,2,2,34
2018-09-10,2,2,30
2018-09-11,2,2,33
2018-09-12,2,2,51
2018-09-13,2,2,40
2018-09-14,2,2,33
2018-09-15,2,2,26
2018-09-16,2,2,30
2018-09-17,2,2,29
2018-09-18,2,2,38
2018-09-19,2,2,43
2018-09-20,2,2,29
2018-09-21,2,2,30
2018-09-22,2,2,25
2018-09-23,2,2,27
2018-09-24,2,2,32
2018-09-25,2,2,37
2018-09-26,2,2,35
2018-09-27,2,2,38
2018-09-28,2,2,30
2018-09-29,2,2,21
2018-09-30,2,2,28
2018-10-01,2,2,33
2018-10-02,2,2,39
2018-10-03,2,2,34
2018-10-04,2,2,41
2018-10-05,2,2,26
2018-10-06,2,2,27
2018-10-07,2,2,25
2018-10-08,2,2,33
2018-10-09,2,2,45
2018-10-10,2,2,45
2018-10-11,2,2,43
2018-10-12,2,2,33
2018-10-13,2,2,29
2018-10-14,2,2,22
2018-10-15,2,2,34
2018-10-16,2,2,40
2018-10-17,2,2,48
2018-10-18,2,2,37
2018-10-19,2,2,33
2018-10-20,2,2,28
2018-10-21,2,2,34
2018-10-22,2,2,35
2018-10-23,2,2,45
2018-10-24,2,2,37
2018-10-25,2,2,33
2018-10-26,2,2,23
2018-10-27,2,2,31
2018-10-28,2,2,33
2018-10-29,2,2,40
2018-10-30,2,2,40
2018-10-31,2,2,42
2018-11-01,2,2,40
2018-11-02,2,2,39
2018-11-03,2,2,36
2018-11-04,2,2,34
2018-11-05,2,2,39
2018-11-06,2,2,49
2018-11-07,2,2,44
2018-11-08,2,2,40
2018-11-09,2,2,34
2018-11-10,2,2,26
2018-11-11,2,2,31
2018-11-12,2,2,34
2018-11-13,2,2,49
2018-11-14,2,2,49
2018-11-15,2,2,48
2018-11-16,2,2,29
2018-11-17,2,2,39
2018-11-18,2,2,27
2018-11-19,2,2,35
2018-11-20,2,2,44
2018-11-21,2,2,53
2018-11-22,2,2,45
2018-11-23,2,2,36
2018-11-24,2,2,30
2018-11-25,2,2,29
2018-11-26,2,2,46
2018-11-27,2,2,51
2018-11-28,2,2,55
2018-11-29,2,2,47
2018-11-30,2,2,28
2018-12-01,2,2,30
2018-12-02,2,2,38
2018-12-03,2,2,42
2018-12-04,2,2,47
2018-12-05,2,2,47
2018-12-06,2,2,51
2018-12-07,2,2,42
2018-12-08,2,2,38
2018-12-09,2,2,36
2018-12-10,2,2,45
2018-12-11,2,2,46
2018-12-12,2,2,52
2018-12-13,2,2,39
2018-12-14,2,2,36
2018-12-15,2,2,37
2018-12-16,2,2,49
2018-12-17,2,2,39
2018-12-18,2,2,48
2018-12-19,2,2,56
2018-12-20,2,2,58
2018-12-21,2,2,45
2018-12-22,2,2,43
2018-12-23,2,2,40
2018-12-24,2,2,46
2018-12-25,2,2,55
2018-12-26,2,2,54
2018-12-27,2,2,55
2018-12-28,2,2,39
2018-12-29,2,2,45
2018-12-30,2,2,44
2018-12-31,2,2,49
2019-01-01,2,2,50
2019-01-02,2,2,55
2019-01-03,2,2,59
2019-01-04,2,2,47
2019-01-05,2,2,45
2019-01-06,2,2,42
2019-01-07,2,2,52
2019-01-08,2,2,53
2019-01-09,2,2,61
2019-01-10,2,2,58
2019-01-11,2,2,51
2019-01-12,2,2,42
2019-01-13,2,2,46
2019-01-14,2,2,56
2019-01-15,2,2,60
2019-01-16,2,2,61
2019-01-17,2,2,66
2019-01-18,2,2,48
2019-01-19,2,2,52
2019-01-20,2,2,45
2019-01-21,2,2,58
2019-01-22,2,2,65
2019-01-23,2,2,62
2019-01-24,2,2,55
2019-01-25,2,2,45
2019-01-26,2,2,47
2019-01-27,2,2,53
2019-01-28,2,2,53
2019-01-29,2,2,64
2019-01-30,2,2,60
2019-01-31,2,2,61
2019-02-01,2,2,50
2019-02-02,2,2,50
2019-02-03,2,2,51
2019-02-04,2,2,54
2019-02-05,2,2,63
2019-02-06,2,2,64
2019-02-07,2,2,58
2019-02-08,2,2,61
2019-02-09,2,2,51
2019-02-10,2,2,45
2019-02-11,2,2,58
2019-02-12,2,2,71
2019-02-13,2,2,66
2019-02-14,2,2,71
2019-02-15,2,2,54
2019-02-16,2,2,56
2019-02-17,2,2,60
2019-02-18,2,2,64
2019-02-19,2,2,63
2019-02-20,2,2,66
2019-02-21,2,2,71
2019-02-22,2,2,56
2019-02-23,2,2,59
2019-02-24,2,2,55
2019-02-25,2,2,64
2019-02-26,2,2,64
2019-02-27,2,2,69
2019-02-28,2,2,63
2019-03-01,2,2,61
2019-03-02,2,2,56
2019-03-03,2,2,59
2019-03-04,2,2,62
2019-03-05,2,2,67
2019-03-06,2,2,73
2019-03-07,2,2,64
2019-03-08,2,2,65
2019-03-09,2,2,56
2019-03-10,2,2,57
2019-03-11,2,2,67
2019-03-12,2,2,71
2019-03-13,2,2,66
2019-03-14,2,2,64
2019-03-15,2,2,66
2019-03-16,2,2,58
2019-03-17,2,2,52
2019-03-18,2,2,67
2019-03-19,2,2,70
2019-03-20,2,2,70
2019-03-21,2,2,65
2019-03-22,2,2,66
2019-03-23,2,2,50
2019-03-24,2,2,56
2019-03-25,2,2,66
2019-03-26,2,2,78
2019-03-27,2,2,76
2019-03-28,2,2,66
2019-03-29,2,2,69
2019-03-30,2,2,53
2019-03-31,2,2,61
2019-04-01,2,2,68
2019-04-02,2,2,69
2019-04-03,2,2,77
2019-04-04,2,2,67
2019-04-05,2,2,65
2019-04-06,2,2,51
2019-04-07,2,2,61
2019-04-08,2,2,64
2019-04-09,2,2,77
2019-04-10,2,2,74
2019-04-11,2,2,74
2019-04-12,2,2,64
2019-04-13,2,2,57
2019-04-14,2,2,63
2019-04-15,2,2,69
2019-04-16,2,2,74
2019-04-17,2,2,64
2019-04-18,2,2,65
2019-04-19,2,2,68
2019-04-20,2,2,53
2019-04-21,2,2,63
2019-04-22,2,2,68
2019-04-23,2,2,69
2019-04-24,2,2,65
2019-04-25,2,2,66
2019-04-26,2,2,70
2019-04-27,2,2,54
2019-04-28,2,2,55
2019-04-29,2,2,61
2019-04-30,2,2,76
2019-05-01,2,2,71
2019-05-02,2,2,65
2019-05-03,2,2,66
2019-05-04,2,2,58
2019-05-05,2,2,54
2019-05-06,2,2,59
2019-05-07,2,2,74
2019-05-08,2,2,71
2019-05-09,2,2,61
2019-05-10,2,2,53
2019-05-11,2,2,51
2019-05-12,2,2,52
2019-05-13,2,2,54
2019-05-14,2,2,64
2019-05-15,2,2,66
2019-05-16,2,2,64
2019-05-17,2,2,65
2019-05-18,2,2,53
2019-05-19,2,2,55
2019-05-20,2,2,63
2019-05-21,2,2,67
2019-05-22,2,2,70
2019-05-23,2,2,65
2019-05-24,2,2,58
2019-05-25,2,2,64
2019-05-26,2,2,58
2019-05-27,2,2,56
2019-05-28,2,2,68
2019-05-29,2,2,64
2019-05-30,2,2,65
2019-05-31,2,2,50
2019-06-01,2,2,47
2019-06-02,2,2,54
2019-06-03,2,2,63
2019-06-04,2,2,67
2019-06-05,2,2,69
2019-06-06,2,2,63
2019-06-07,2,2,55
2019-06-08,2,2,48
2019-06-09,2,2,54
2019-06-10,2,2,61
2019-06-11,2,2,63
2019-06-12,2,2,64
2019-06-13,2,2,66
2019-06-14,2,2,53
2019-06-15,2,2,48
2019-06-16,2,2,51
2019-06-17,2,2,55
2019-06-18,2,2,58
2019-06-19,2,2,64
2019-06-20,2,2,58
2019-06-21,2,2,58
2019-06-22,2,2,50
2019-06-23,2,2,45
2019-06-24,2,2,57
2019-06-25,2,2,61
2019-06-26,2,2,66
2019-06-27,2,2,54
2019-06-28,2,2,50
2019-06-29,2,2,44
2019-06-30,2,2,46
2019-07-01,2,2,48
2019-07-02,2,2,60
2019-07-03,2,2,61
2019-07-04,2,2,60
2019-07-05,2,2,47
2019-07-06,2,2,41
2019-07-07,2,2,47
2019-07-08,2,2,47
2019-07-09,2,2,61
2019-07-10,2,2,62
2019-07-11,2,2,58
2019-07-12,2,2,47
2019-07-13,2,2,39
2019-07-14,2,2,43
2019-07-15,2,2,50
2019-07-16,2,2,52
2019-07-17,2,2,61
2019-07-18,2,2,54
2019-07-19,2,2,40
2019-07-20,2,2,47
2019-07-21,2,2,41
2019-07-22,2,2,42
2019-07-23,2,2,50
2019-07-24,2,2,60
2019-07-25,2,2,57
2019-07-26,2,2,46
2019-07-27,2,2,43
2019-07-28,2,2,44
2019-07-29,2,2,47
2019-07-30,2,2,53
2019-07-31,2,2,55
2019-08-01,2,2,51
2019-08-02,2,2,38
2019-08-03,2,2,39
2019-08-04,2,2,44
2019-08-05,2,2,43
2019-08-06,2,2,49
2019-08-07,2,2,53
2019-08-08,2,2,44
2019-08-09,2,2,34
2019-08-10,2,2,40
2019-08-11,2,2,34
2019-08-12,2,2,42
2019-08-13,2,2,46
2019-08-14,2,2,55
2019-08-15,2,2,49
2019-08-16,2,2,37
2019-08-17,2,2,29
2019-08-18,2,2,34
2019-08-19,2,2,43
2019-08-20,2,2,48
2019-08-21,2,2,49
2019-08-22,2,2,45
2019-08-23,2,2,40
2019-08-24,2,2,32
2019-08-25,2,2,36
2019-08-26,2,2,36
2019-08-27,2,2,56
2019-08-28,2,2,46
2019-08-29,2,2,44
2019-08-30,2,2,38
2019-08-31,2,2,30
2019-09-01,2,2,33
2019-09-02,2,2,39
2019-09-03,2,2,42
2019-09-04,2,2,49
2019-09-05,2,2,36
2019-09-06,2,2,42
2019-09-07,2,2,34
2019-09-08,2,2,35
2019-09-09,2,2,32
2019-09-10,2,2,41
2019-09-11,2,2,52
2019-09-12,2,2,58
2019-09-13,2,2,39
2019-09-14,2,2,34
2019-09-15,2,2,34
2019-09-16,2,2,35
2019-09-17,2,2,48
2019-09-18,2,2,41
2019-09-19,2,2,36
2019-09-20,2,2,29
2019-09-21,2,2,34
2019-09-22,2,2,31
2019-09-23,2,2,38
2019-09-24,2,2,44
2019-09-25,2,2,41
2019-09-26,2,2,38
2019-09-27,2,2,32
2019-09-28,2,2,24
2019-09-29,2,2,29
2019-09-30,2,2,33
2019-10-01,2,2,46
2019-10-02,2,2,48
2019-10-03,2,2,36
2019-10-04,2,2,33
2019-10-05,2,2,37
2019-10-06,2,2,28
2019-10-07,2,2,39
2019-10-08,2,2,44
2019-10-09,2,2,50
2019-10-10,2,2,43
2019-10-11,2,2,33
2019-10-12,2,2,30
2019-10-13,2,2,32
2019-10-14,2,2,38
2019-10-15,2,2,39
2019-10-16,2,2,51
2019-10-17,2,2,46
2019-10-18,2,2,31
2019-10-19,2,2,30
2019-10-20,2,2,31
2019-10-21,2,2,34
2019-10-22,2,2,38
2019-10-23,2,2,44
2019-10-24,2,2,41
2019-10-25,2,2,30
2019-10-26,2,2,32
2019-10-27,2,2,38
2019-10-28,2,2,43
2019-10-29,2,2,45
2019-10-30,2,2,40
2019-10-31,2,2,46
2019-11-01,2,2,37
2019-11-02,2,2,34
2019-11-03,2,2,42
2019-11-04,2,2,37
2019-11-05,2,2,35
2019-11-06,2,2,44
2019-11-07,2,2,46
2019-11-08,2,2,38
2019-11-09,2,2,29
2019-11-10,2,2,30
2019-11-11,2,2,40
2019-11-12,2,2,43
2019-11-13,2,2,52
2019-11-14,2,2,44
2019-11-15,2,2,36
2019-11-16,2,2,32
2019-11-17,2,2,38
2019-11-18,2,2,43
2019-11-19,2,2,50
2019-11-20,2,2,52
2019-11-21,2,2,47
2019-11-22,2,2,36
2019-11-23,2,2,33
2019-11-24,2,2,36
2019-11-25,2,2,53
2019-11-26,2,2,45
2019-11-27,2,2,51
2019-11-28,2,2,49
2019-11-29,2,2,41
2019-11-30,2,2,42
2019-12-01,2,2,38
2019-12-02,2,2,45
2019-12-03,2,2,56
2019-12-04,2,2,62
2019-12-05,2,2,56
2019-12-06,2,2,43
2019-12-07,2,2,39
2019-12-08,2,2,41
2019-12-09,2,2,48
2019-12-10,2,2,51
2019-12-11,2,2,60
2019-12-12,2,2,53
2019-12-13,2,2,45
2019-12-14,2,2,36
2019-12-15,2,2,43
2019-12-16,2,2,42
2019-12-17,2,2,54
2019-12-18,2,2,56
2019-12-19,2,2,55
2019-12-20,2,2,55
2019-12-21,2,2,45
2019-12-22,2,2,51
2019-12-23,2,2,54
2019-12-24,2,2,62
2019-12-25,2,2,67
2019-12-26,2,2,53
2019-12-27,2,2,46
2019-12-28,2,2,48
2019-12-29,2,2,47
2019-12-30,2,2,54
2019-12-31,2,2,59
2020-01-01,2,2,59
2020-01-02,2,2,64
2020-01-03,2,2,46
2020-01-04,2,2,49
2020-01-05,2,2,51
2020-01-06,2,2,49
2020-01-07,2,2,58
2020-01-08,2,2,61
2020-01-09,2,2,62
2020-01-10,2,2,51
2020-01-11,2,2,48
2020-01-12,2,2,45
2020-01-13,2,2,66
2020-01-14,2,2,64
2020-01-15,2,2,67
2020-01-16,2,2,59
2020-01-17,2,2,52
2020-01-18,2,2,58
2020-01-19,2,2,45
2020-01-20,2,2,60
2020-01-21,2,2,60
2020-01-22,2,2,65
2020-01-23,2,2,60
2020-01-24,2,2,52
2020-01-25,2,2,52
2020-01-26,2,2,44
2020-01-27,2,2,59
2020-01-28,2,2,67
2020-01-29,2,2,63
2020-01-30,2,2,71
2020-01-31,2,2,55
2020-02-01,2,2,53
2020-02-02,2,2,53
2020-02-03,2,2,62
2020-02-04,2,2,74
2020-02-05,2,2,80
2020-02-06,2,2,69
2020-02-07,2,2,64
2020-02-08,2,2,62
2020-02-09,2,2,58
2020-02-10,2,2,70
2020-02-11,2,2,73
2020-02-12,2,2,72
2020-02-13,2,2,69
2020-02-14,2,2,54
2020-02-15,2,2,58
2020-02-16,2,2,52
2020-02-17,2,2,58
2020-02-18,2,2,72
2020-02-19,2,2,69
2020-02-20,2,2,69
2020-02-21,2,2,63
2020-02-22,2,2,59
2020-02-23,2,2,56
2020-02-24,2,2,70
2020-02-25,2,2,72
2020-02-26,2,2,76
2020-02-27,2,2,65
2020-02-28,2,2,63
2020-02-29,2,2,63
2020-03-01,2,2,65
2020-03-02,2,2,64
2020-03-03,2,2,71
2020-03-04,2,2,71
2020-03-05,2,2,68
2020-03-06,2,2,59
2020-03-07,2,2,59
2020-03-08,2,2,64
2020-03-09,2,2,65
2020-03-10,2,2,74
2020-03-11,2,2,75
2020-03-12,2,2,76
2020-03-13,2,2,62
2020-03-14,2,2,58
2020-03-15,2,2,59
2020-03-16,2,2,64
2020-03-17,2,2,77
2020-03-18,2,2,76
2020-03-19,2,2,72
2020-03-20,2,2,70
2020-03-21,2,2,66
2020-03-22,2,2,56
2020-03-23,2,2,72
2020-03-24,2,2,76
2020-03-25,2,2,75
2020-03-26,2,2,74
2020-03-27,2,2,59
2020-03-28,2,2,67
2020-03-29,2,2,65
2020-03-30,2,2,66
2020-03-31,2,2,73
2020-04-01,2,2,70
2020-04-02,2,2,71
2020-04-03,2,2,64
2020-04-04,2,2,56
2020-04-05,2,2,66
2020-04-06,2,2,74
2020-04-07,2,2,75
2020-04-08,2,2,76
2020-04-09,2,2,74
2020-04-10,2,2,66
2020-04-11,2,2,57
2020-04-12,2,2,60
2020-04-13,2,2,68
2020-04-14,2,2,76
2020-04-15,2,2,77
2020-04-16,2,2,73
2020-04-17,2,2,59
2020-04-18,2,2,64
2020-04-19,2,2,62
2020-04-20,2,2,79
2020-04-21,2,2,73
2020-04-22,2,2,77
2020-04-23,2,2,83
2020-04-24,2,2,66
2020-04-25,2,2,60
2020-04-26,2,2,58
2020-04-27,2,2,74
2020-04-28,2,2,69
2020-04-29,2,2,77
2020-04-30,2,2,69
2020-05-01,2,2,63
2020-05-02,2,2,54
2020-05-03,2,2,66
2020-05-04,2,2,66
2020-05-05,2,2,68
2020-05-06,2,2,80
2020-05-07,2,2,68
2020-05-08,2,2,64
2020-05-09,2,2,62
2020-05-10,2,2,62
2020-05-11,2,2,57
2020-05-12,2,2,75
2020-05-13,2,2,73
2020-05-14,2,2,68
2020-05-15,2,2,62
2020-05-16,2,2,51
2020-05-17,2,2,60
2020-05-18,2,2,59
2020-05-19,2,2,70
2020-05-20,2,2,73
2020-05-21,2,2,72
2020-05-22,2,2,57
2020-05-23,2,2,62
2020-05-24,2,2,61
2020-05-25,2,2,62
2020-05-26,2,2,65
2020-05-27,2,2,65
2020-05-28,2,2,67
2020-05-29,2,2,56
2020-05-30,2,2,60
2020-05-31,2,2,53
2020-06-01,2,2,58
2020-06-02,2,2,69
2020-06-03,2,2,67
2020-06-04,2,2,65
2020-06-05,2,2,62
2020-06-06,2,2,54
2020-06-07,2,2,55
2020-06-08,2,2,61
2020-06-09,2,2,60
2020-06-10,2,2,69
2020-06-11,2,2,64
2020-06-12,2,2,60
2020-06-13,2,2,54
2020-06-14,2,2,52
2020-06-15,2,2,63
2020-06-16,2,2,64
2020-06-17,2,2,67
2020-06-18,2,2,60
2020-06-19,2,2,56
2020-06-20,2,2,48
2020-06-21,2,2,58
2020-06-22,2,2,65
2020-06-23,2,2,67
2020-06-24,2,2,71
2020-06-25,2,2,54
2020-06-26,2,2,47
2020-06-27,2,2,47
2020-06-28,2,2,50
2020-06-29,2,2,55
2020-06-30,2,2,55
2020-07-01,2,2,67
2020-07-02,2,2,67
2020-07-03,2,2,56
2020-07-04,2,2,51
2020-07-05,2,2,49
2020-07-06,2,2,50
2020-07-07,2,2,60
2020-07-08,2,2,69
2020-07-09,2,2,55
2020-07-10,2,2,47
2020-07-11,2,2,49
2020-07-12,2,2,51
2020-07-13,2,2,49
2020-07-14,2,2,57
2020-07-15,2,2,57
2020-07-16,2,2,55
2020-07-17,2,2,52
2020-07-18,2,2,40
2020-07-19,2,2,49
2020-07-20,2,2,51
2020-07-21,2,2,66
2020-07-22,2,2,59
2020-07-23,2,2,53
2020-07-24,2,2,48
2020-07-25,2,2,40
2020-07-26,2,2,35
2020-07-27,2,2,48
2020-07-28,2,2,54
2020-07-29,2,2,50
2020-07-30,2,2,51
2020-07-31,2,2,36
2020-08-01,2,2,38
2020-08-02,2,2,42
2020-08-03,2,2,48
2020-08-04,2,2,52
2020-08-05,2,2,54
2020-08-06,2,2,47
2020-08-07,2,2,43
2020-08-08,2,2,39
2020-08-09,2,2,36
2020-08-10,2,2,47
2020-08-11,2,2,53
2020-08-12,2,2,53
2020-08-13,2,2,58
2020-08-14,2,2,41
2020-08-15,2,2,36
2020-08-16,2,2,37
2020-08-17,2,2,41
2020-08-18,2,2,53
2020-08-19,2,2,49
2020-08-20,2,2,45
2020-08-21,2,2,38
2020-08-22,2,2,32
2020-08-23,2,2,30
2020-08-24,2,2,42
2020-08-25,2,2,53
2020-08-26,2,2,52
2020-08-27,2,2,53
2020-08-28,2,2,42
2020-08-29,2,2,37
2020-08-30,2,2,44
2020-08-31,2,2,42
2020-09-01,2,2,49
2020-09-02,2,2,50
2020-09-03,2,2,52
2020-09-04,2,2,39
2020-09-05,2,2,32
2020-09-06,2,2,38
2020-09-07,2,2,39
2020-09-08,2,2,50
2020-09-09,2,2,51
2020-09-10,2,2,44
2020-09-11,2,2,40
2020-09-12,2,2,28
2020-09-13,2,2,36
2020-09-14,2,2,39
2020-09-15,2,2,59
2020-09-16,2,2,50
2020-09-17,2,2,42
2020-09-18,2,2,32
2020-09-19,2,2,38
2020-09-20,2,2,33
2020-09-21,2,2,38
2020-09-22,2,2,49
2020-09-23,2,2,51
2020-09-24,2,2,47
2020-09-25,2,2,37
2020-09-26,2,2,34
2020-09-27,2,2,36
2020-09-28,2,2,42
2020-09-29,2,2,49
2020-09-30,2,2,53
2020-10-01,2,2,45
2020-10-02,2,2,34
2020-10-03,2,2,33
2020-10-04,2,2,38
2020-10-05,2,2,34
2020-10-06,2,2,40
2020-10-07,2,2,53
2020-10-08,2,2,51
2020-10-09,2,2,33
2020-10-10,2,2,34
2020-10-11,2,2,33
2020-10-12,2,2,40
2020-10-13,2,2,49
2020-10-14,2,2,44
2020-10-15,2,2,41
2020-10-16,2,2,37
2020-10-17,2,2,33
2020-10-18,2,2,31
2020-10-19,2,2,45
2020-10-20,2,2,47
2020-10-21,2,2,48
2020-10-22,2,2,47
2020-10-23,2,2,38
2020-10-24,2,2,38
2020-10-25,2,2,32
2020-10-26,2,2,37
2020-10-27,2,2,48
2020-10-28,2,2,51
2020-10-29,2,2,41
2020-10-30,2,2,34
2020-10-31,2,2,36
2020-11-01,2,2,34
2020-11-02,2,2,38
2020-11-03,2,2,54
2020-11-04,2,2,49
2020-11-05,2,2,52
2020-11-06,2,2,41
2020-11-07,2,2,38
2020-11-08,2,2,37
2020-11-09,2,2,34
2020-11-10,2,2,47
2020-11-11,2,2,52
2020-11-12,2,2,50
2020-11-13,2,2,35
2020-11-14,2,2,38
2020-11-15,2,2,35
2020-11-16,2,2,47
2020-11-17,2,2,52
2020-11-18,2,2,57
2020-11-19,2,2,54
2020-11-20,2,2,45
2020-11-21,2,2,43
2020-11-22,2,2,40
2020-11-23,2,2,59
2020-11-24,2,2,49
2020-11-25,2,2,54
2020-11-26,2,2,55
2020-11-27,2,2,48
2020-11-28,2,2,43
2020-11-29,2,2,45
2020-11-30,2,2,41
2020-12-01,2,2,62
2020-12-02,2,2,56
2020-12-03,2,2,58
2020-12-04,2,2,38
2020-12-05,2,2,43
2020-12-06,2,2,42
2020-12-07,2,2,53
2020-12-08,2,2,58
2020-12-09,2,2,60
2020-12-10,2,2,51
2020-12-11,2,2,48
2020-12-12,2,2,43
2020-12-13,2,2,48
2020-12-14,2,2,56
2020-12-15,2,2,60
2020-12-16,2,2,56
2020-12-17,2,2,57
2020-12-18,2,2,60
2020-12-19,2,2,53
2020-12-20,2,2,36
2020-12-21,2,2,55
2020-12-22,2,2,65
2020-12-23,2,2,62
2020-12-24,2,2,57
2020-12-25,2,2,51
2020-12-26,2,2,50
2020-12-27,2,2,45
2020-12-28,2,2,61
2020-12-29,2,2,62
2020-12-30,2,2,61
2020-12-31,2,2,65
2021-01-01,2,2,47
2021-01-02,2,2,47
2021-01-03,2,2,49
2021-01-04,2,2,66
2021-01-05,2,2,62
2021-01-06,2,2,57
2021-01-07,2,2,60
2021-01-08,2,2,57
2021-01-09,2,2,54
2021-01-10,2,2,62
2021-01-11,2,2,65
2021-01-12,2,2,67
2021-01-13,2,2,64
2021-01-14,2,2,70
2021-01-15,2,2,56
2021-01-16,2,2,50
2021-01-17,2,2,53
2021-01-18,2,2,56
2021-01-19,2,2,66
2021-01-20,2,2,69
2021-01-21,2,2,69
2021-01-22,2,2,57
2021-01-23,2,2,50
2021-01-24,2,2,50
2021-01-25,2,2,64
2021-01-26,2,2,70
2021-01-27,2,2,69
2021-01-28,2,2,65
2021-01-29,2,2,62
2021-01-30,2,2,62
2021-01-31,2,2,55
2021-02-01,2,2,65
2021-02-02,2,2,75
2021-02-03,2,2,70
2021-02-04,2,2,69
2021-02-05,2,2,62
2021-02-06,2,2,53
2021-02-07,2,2,61
2021-02-08,2,2,66
2021-02-09,2,2,75
2021-02-10,2,2,70
2021-02-11,2,2,70
2021-02-12,2,2,69
2021-02-13,2,2,68
2021-02-14,2,2,66
2021-02-15,2,2,63
2021-02-16,2,2,76
2021-02-17,2,2,74
2021-02-18,2,2,73
2021-02-19,2,2,62
2021-02-20,2,2,54
2021-02-21,2,2,61
2021-02-22,2,2,72
2021-02-23,2,2,77
2021-02-24,2,2,79
2021-02-25,2,2,74
2021-02-26,2,2,68
2021-02-27,2,2,64
2021-02-28,2,2,63
2021-03-01,2,2,70
2021-03-02,2,2,83
2021-03-03,2,2,79
2021-03-04,2,2,74
2021-03-05,2,2,68
2021-03-06,2,2,62
2021-03-07,2,2,63
2021-03-08,2,2,72
2021-03-09,2,2,75
2021-03-10,2,2,78
2021-03-11,2,2,72
2021-03-12,2,2,68
2021-03-13,2,2,66
2021-03-14,2,2,64
2021-03-15,2,2,64
2021-03-16,2,2,80
2021-03-17,2,2,80
2021-03-18,2,2,71
2021-03-19,2,2,72
2021-03-20,2,2,59
2021-03-21,2,2,70
2021-03-22,2,2,72
2021-03-23,2,2,69
2021-03-24,2,2,81
2021-03-25,2,2,74
2021-03-26,2,2,67
2021-03-27,2,2,62
2021-03-28,2,2,66
2021-03-29,2,2,71
2021-03-30,2,2,71
2021-03-31,2,2,85
2021-04-01,2,2,75
2021-04-02,2,2,66
2021-04-03,2,2,60
2021-04-04,2,2,69
2021-04-05,2,2,67
2021-04-06,2,2,79
2021-04-07,2,2,78
2021-04-08,2,2,74
2021-04-09,2,2,65
2021-04-10,2,2,62
2021-04-11,2,2,66
2021-04-12,2,2,73
2021-04-13,2,2,75
2021-04-14,2,2,80
2021-04-15,2,2,79
2021-04-16,2,2,62
2021-04-17,2,2,64
2021-04-18,2,2,62
2021-04-19,2,2,68
2021-04-20,2,2,79
2021-04-21,2,2,77
2021-04-22,2,2,70
2021-04-23,2,2,73
2021-04-24,2,2,67
2021-04-25,2,2,57
2021-04-26,2,2,65
2021-04-27,2,2,80
2021-04-28,2,2,78
2021-04-29,2,2,81
2021-04-30,2,2,70
2021-05-01,2,2,64
2021-05-02,2,2,60
2021-05-03,2,2,73
2021-05-04,2,2,72
2021-05-05,2,2,83
2021-05-06,2,2,75
2021-05-07,2,2,63
2021-05-08,2,2,65
2021-05-09,2,2,72
2021-05-10,2,2,69
2021-05-11,2,2,78
2021-05-12,2,2,75
2021-05-13,2,2,73
2021-05-14,2,2,59
2021-05-15,2,2,61
2021-05-16,2,2,63
2021-05-17,2,2,76
2021-05-18,2,2,67
2021-05-19,2,2,75
2021-05-20,2,2,77
2021-05-21,2,2,63
2021-05-22,2,2,59
2021-05-23,2,2,58
2021-05-24,2,2,63
2021-05-25,2,2,66
2021-05-26,2,2,72
2021-05-27,2,2,66
2021-05-28,2,2,63
2021-05-29,2,2,55
2021-05-30,2,2,58
2021-05-31,2,2,64
2021-06-01,2,2,72
2021-06-02,2,2,71
2021-06-03,2,2,64
2021-06-04,2,2,62
2021-06-05,2,2,61
2021-06-06,2,2,59
2021-06-07,2,2,62
2021-06-08,2,2,70
2021-06-09,2,2,63
2021-06-10,2,2,66
2021-06-11,2,2,58
2021-06-12,2,2,52
2021-06-13,2,2,54
2021-06-14,2,2,61
2021-06-15,2,2,73
2021-06-16,2,2,74
2021-06-17,2,2,62
2021-06-18,2,2,56
2021-06-19,2,2,52
2021-06-20,2,2,58
2021-06-21,2,2,61
2021-06-22,2,2,67
2021-06-23,2,2,70
2021-06-24,2,2,61
2021-06-25,2,2,62
2021-06-26,2,2,52
2021-06-27,2,2,50
2021-06-28,2,2,58
2021-06-29,2,2,70
2021-06-30,2,2,65
2021-07-01,2,2,66
2021-07-02,2,2,52
2021-07-03,2,2,47
2021-07-04,2,2,54
2021-07-05,2,2,54
2021-07-06,2,2,67
2021-07-07,2,2,66
2021-07-08,2,2,57
2021-07-09,2,2,53
2021-07-10,2,2,46
2021-07-11,2,2,51
2021-07-12,2,2,63
2021-07-13,2,2,60
2021-07-14,2,2,65
2021-07-15,2,2,59
2021-07-16,2,2,51
2021-07-17,2,2,46
2021-07-18,2,2,45
2021-07-19,2,2,55
2021-07-20,2,2,59
2021-07-21,2,2,58
2021-07-22,2,2,61
2021-07-23,2,2,50
2021-07-24,2,2,44
2021-07-25,2,2,52
2021-07-26,2,2,45
2021-07-27,2,2,64
2021-07-28,2,2,56
2021-07-29,2,2,56
2021-07-30,2,2,46
2021-07-31,2,2,40
2021-08-01,2,2,50
2021-08-02,2,2,58
2021-08-03,2,2,56
2021-08-04,2,2,60
2021-08-05,2,2,54
2021-08-06,2,2,53
2021-08-07,2,2,34
2021-08-08,2,2,45
2021-08-09,2,2,47
2021-08-10,2,2,46
2021-08-11,2,2,55
2021-08-12,2,2,60
2021-08-13,2,2,43
2021-08-14,2,2,44
2021-08-15,2,2,47
2021-08-16,2,2,48
2021-08-17,2,2,55
2021-08-18,2,2,49
2021-08-19,2,2,48
2021-08-20,2,2,48
2021-08-21,2,2,40
2021-08-22,2,2,42
2021-08-23,2,2,48
2021-08-24,2,2,62
2021-08-25,2,2,53
2021-08-26,2,2,56
2021-08-27,2,2,43
2021-08-28,2,2,45
2021-08-29,2,2,35
2021-08-30,2,2,47
2021-08-31,2,2,51
2021-09-01,2,2,54
2021-09-02,2,2,54
2021-09-03,2,2,44
2021-09-04,2,2,43
2021-09-05,2,2,36
2021-09-06,2,2,42
2021-09-07,2,2,51
2021-09-08,2,2,53
2021-09-09,2,2,48
2021-09-10,2,2,38
2021-09-11,2,2,42
2021-09-12,2,2,37
2021-09-13,2,2,50
2021-09-14,2,2,51
2021-09-15,2,2,55
2021-09-16,2,2,50
2021-09-17,2,2,38
2021-09-18,2,2,38
2021-09-19,2,2,46
2021-09-20,2,2,45
2021-09-21,2,2,54
2021-09-22,2,2,55
2021-09-23,2,2,49
2021-09-24,2,2,41
2021-09-25,2,2,39
2021-09-26,2,2,41
2021-09-27,2,2,39
2021-09-28,2,2,51
2021-09-29,2,2,51
2021-09-30,2,2,46
2021-10-01,2,2,46
2021-10-02,2,2,33
2021-10-03,2,2,32
2021-10-04,2,2,47
2021-10-05,2,2,45
2021-10-06,2,2,44
2021-10-07,2,2,51
2021-10-08,2,2,41
2021-10-09,2,2,38
2021-10-10,2,2,36
2021-10-11,2,2,39
2021-10-12,2,2,46
2021-10-13,2,2,51
2021-10-14,2,2,43
2021-10-15,2,2,42
2021-10-16,2,2,35
2021-10-17,2,2,39
2021-10-18,2,2,46
2021-10-19,2,2,53
2021-10-20,2,2,55
2021-10-21,2,2,47
2021-10-22,2,2,43
2021-10-23,2,2,39
2021-10-24,2,2,30
2021-10-25,2,2,48
2021-10-26,2,2,53
2021-10-27,2,2,56
2021-10-28,2,2,44
2021-10-29,2,2,41
2021-10-30,2,2,34
2021-10-31,2,2,43
2021-11-01,2,2,41
2021-11-02,2,2,49
2021-11-03,2,2,57
2021-11-04,2,2,48
2021-11-05,2,2,40
2021-11-06,2,2,43
2021-11-07,2,2,45
2021-11-08,2,2,50
2021-11-09,2,2,57
2021-11-10,2,2,55
2021-11-11,2,2,51
2021-11-12,2,2,42
2021-11-13,2,2,41
2021-11-14,2,2,40
2021-11-15,2,2,47
2021-11-16,2,2,58
2021-11-17,2,2,62
2021-11-18,2,2,54
2021-11-19,2,2,53
2021-11-20,2,2,39
2021-11-21,2,2,36
2021-11-22,2,2,53
2021-11-23,2,2,54
2021-11-24,2,2,57
2021-11-25,2,2,47
2021-11-26,2,2,44
2021-11-27,2,2,38
2021-11-28,2,2,44
2021-11-29,2,2,50
2021-11-30,2,2,59
2021-12-01,2,2,65
2021-12-02,2,2,59
2021-12-03,2,2,43
2021-12-04,2,2,48
2021-12-05,2,2,47
2021-12-06,2,2,53
2021-12-07,2,2,60
2021-12-08,2,2,63
2021-12-09,2,2,55
2021-12-10,2,2,50
2021-12-11,2,2,52
2021-12-12,2,2,46
2021-12-13,2,2,51
2021-12-14,2,2,61
2021-12-15,2,2,59
2021-12-16,2,2,53
2021-12-17,2,2,51
2021-12-18,2,2,54
2021-12-19,2,2,50
2021-12-20,2,2,58
2021-12-21,2,2,55
2021-12-22,2,2,67
2021-12-23,2,2,62
2021-12-24,2,2,52
2021-12-25,2,2,51
2021-12-26,2,2,53
2021-12-27,2,2,55
2021-12-28,2,2,67
2021-12-29,2,2,72
2021-12-30,2,2,62
2021-12-31,2,2,53
2022-01-01,2,2,52
2022-01-02,2,2,58
2022-01-03,2,2,56
2022-01-04,2,2,70
2022-01-05,2,2,66
2022-01-06,2,2,66
2022-01-07,2,2,56
2022-01-08,2,2,52
2022-01-09,2,2,62
2022-01-10,2,2,57
2022-01-11,2,2,71
2022-01-12,2,2,78
2022-01-13,2,2,70
2022-01-14,2,2,55
2022-01-15,2,2,51
2022-01-16,2,2,55
2022-01-17,2,2,65
2022-01-18,2,2,72
2022-01-19,2,2,68
2022-01-20,2,2,65
2022-01-21,2,2,59
2022-01-22,2,2,57
2022-01-23,2,2,68
2022-01-24,2,2,62
2022-01-25,2,2,69
2022-01-26,2,2,70
2022-01-27,2,2,73
2022-01-28,2,2,63
2022-01-29,2,2,56
2022-01-30,2,2,60
2022-01-31,2,2,65
2022-02-01,2,2,76
2022-02-02,2,2,87
2022-02-03,2,2,74
2022-02-04,2,2,65
2022-02-05,2,2,59
2022-02-06,2,2,58
2022-02-07,2,2,72
2022-02-08,2,2,79
2022-02-09,2,2,76
2022-02-10,2,2,78
2022-02-11,2,2,67
2022-02-12,2,2,66
2022-02-13,2,2,66
2022-02-14,2,2,70
2022-02-15,2,2,73
2022-02-16,2,2,78
2022-02-17,2,2,78
2022-02-18,2,2,66
2022-02-19,2,2,66
2022-02-20,2,2,61
2022-02-21,2,2,75
2022-02-22,2,2,80
2022-02-23,2,2,75
2022-02-24,2,2,75
2022-02-25,2,2,73
2022-02-26,2,2,60
2022-02-27,2,2,63
2022-02-28,2,2,73
2022-03-01,2,2,88
2022-03-02,2,2,79
2022-03-03,2,2,79
2022-03-04,2,2,71
2022-03-05,2,2,64
2022-03-06,2,2,68
2022-03-07,2,2,72
2022-03-08,2,2,79
2022-03-09,2,2,76
2022-03-10,2,2,78
2022-03-11,2,2,75
2022-03-12,2,2,67
2022-03-13,2,2,73
2022-03-14,2,2,77
2022-03-15,2,2,81
2022-03-16,2,2,80
2022-03-17,2,2,77
2022-03-18,2,2,66
2022-03-19,2,2,66
2022-03-20,2,2,70
2022-03-21,2,2,82
2022-03-22,2,2,84
2022-03-23,2,2,80
2022-03-24,2,2,73
2022-03-25,2,2,71
2022-03-26,2,2,71
2022-03-27,2,2,68
2022-03-28,2,2,78
2022-03-29,2,2,81
2022-03-30,2,2,86
2022-03-31,2,2,73
2022-04-01,2,2,79
2022-04-02,2,2,63
2022-04-03,2,2,73
2022-04-04,2,2,75
2022-04-05,2,2,82
2022-04-06,2,2,83
2022-04-07,2,2,80
2022-04-08,2,2,74
2022-04-09,2,2,72
2022-04-10,2,2,75
2022-04-11,2,2,77
2022-04-12,2,2,89
2022-04-13,2,2,84
2022-04-14,2,2,83
2022-04-15,2,2,74
2022-04-16,2,2,65
2022-04-17,2,2,70
2022-04-18,2,2,77
2022-04-19,2,2,81
2022-04-20,2,2,85
2022-04-21,2,2,82
2022-04-22,2,2,71
2022-04-23,2,2,55
2022-04-24,2,2,75
2022-04-25,2,2,74
2022-04-26,2,2,78
2022-04-27,2,2,78
2022-04-28,2,2,77
2022-04-29,2,2,69
2022-04-30,2,2,63
2022-05-01,2,2,65
2022-05-02,2,2,76
2022-05-03,2,2,88
2022-05-04,2,2,85
2022-05-05,2,2,82
2022-05-06,2,2,68
2022-05-07,2,2,66
2022-05-08,2,2,69
2022-05-09,2,2,70
2022-05-10,2,2,77
2022-05-11,2,2,84
2022-05-12,2,2,80
2022-05-13,2,2,69
2022-05-14,2,2,60
2022-05-15,2,2,65
2022-05-16,2,2,66
2022-05-17,2,2,78
2022-05-18,2,2,80
2022-05-19,2,2,74
2022-05-20,2,2,69
2022-05-21,2,2,65
2022-05-22,2,2,66
2022-05-23,2,2,66
2022-05-24,2,2,76
2022-05-25,2,2,80
2022-05-26,2,2,80
2022-05-27,2,2,65
2022-05-28,2,2,64
2022-05-29,2,2,67
2022-05-30,2,2,68
2022-05-31,2,2,80
2022-06-01,2,2,81
2022-06-02,2,2,78
2022-06-03,2,2,67
2022-06-04,2,2,70
2022-06-05,2,2,59
2022-06-06,2,2,76
2022-06-07,2,2,77
2022-06-08,2,2,80
2022-06-09,2,2,69
2022-06-10,2,2,67
2022-06-11,2,2,64
2022-06-12,2,2,56
2022-06-13,2,2,65
2022-06-14,2,2,64
2022-06-15,2,2,73
2022-06-16,2,2,66
2022-06-17,2,2,61
2022-06-18,2,2,69
2022-06-19,2,2,65
2022-06-20,2,2,59
2022-06-21,2,2,73
2022-06-22,2,2,75
2022-06-23,2,2,66
2022-06-24,2,2,61
2022-06-25,2,2,56
2022-06-26,2,2,51
2022-06-27,2,2,59
2022-06-28,2,2,69
2022-06-29,2,2,70
2022-06-30,2,2,63
2022-07-01,2,2,55
2022-07-02,2,2,53
2022-07-03,2,2,58
2022-07-04,2,2,61
2022-07-05,2,2,73
2022-07-06,2,2,65
2022-07-07,2,2,64
2022-07-08,2,2,55
2022-07-09,2,2,54
2022-07-10,2,2,50
2022-07-11,2,2,67
2022-07-12,2,2,58
2022-07-13,2,2,73
2022-07-14,2,2,62
2022-07-15,2,2,57
2022-07-16,2,2,56
2022-07-17,2,2,55
2022-07-18,2,2,55
2022-07-19,2,2,66
2022-07-20,2,2,72
2022-07-21,2,2,57
2022-07-22,2,2,62
2022-07-23,2,2,50
2022-07-24,2,2,48
2022-07-25,2,2,52
2022-07-26,2,2,61
2022-07-27,2,2,55
2022-07-28,2,2,57
2022-07-29,2,2,50
2022-07-30,2,2,43
2022-07-31,2,2,51
2022-08-01,2,2,53
2022-08-02,2,2,58
2022-08-03,2,2,60
2022-08-04,2,2,59
2022-08-05,2,2,50
2022-08-06,2,2,43
2022-08-07,2,2,47
2022-08-08,2,2,53
2022-08-09,2,2,54
2022-08-10,2,2,59
2022-08-11,2,2,58
2022-08-12,2,2,51
2022-08-13,2,2,43
2022-08-14,2,2,48
2022-08-15,2,2,48
2022-08-16,2,2,54
2022-08-17,2,2,58
2022-08-18,2,2,60
2022-08-19,2,2,48
2022-08-20,2,2,42
2022-08-21,2,2,50
2022-08-22,2,2,49
2022-08-23,2,2,65
2022-08-24,2,2,56
2022-08-25,2,2,49
2022-08-26,2,2,46
2022-08-27,2,2,41
2022-08-28,2,2,40
2022-08-29,2,2,60
2022-08-30,2,2,57
2022-08-31,2,2,59
2022-09-01,2,2,51
2022-09-02,2,2,43
2022-09-03,2,2,45
2022-09-04,2,2,36
2022-09-05,2,2,44
2022-09-06,2,2,54
2022-09-07,2,2,62
2022-09-08,2,2,50
2022-09-09,2,2,46
2022-09-10,2,2,40
2022-09-11,2,2,47
2022-09-12,2,2,42
2022-09-13,2,2,57
2022-09-14,2,2,55
2022-09-15,2,2,55
2022-09-16,2,2,41
2022-09-17,2,2,40
2022-09-18,2,2,41
2022-09-19,2,2,44
2022-09-20,2,2,49
2022-09-21,2,2,53
2022-09-22,2,2,51
2022-09-23,2,2,41
2022-09-24,2,2,38
2022-09-25,2,2,34
2022-09-26,2,2,46
2022-09-27,2,2,58
2022-09-28,2,2,58
2022-09-29,2,2,50
2022-09-30,2,2,45
2022-10-01,2,2,36
2022-10-02,2,2,48
2022-10-03,2,2,56
2022-10-04,2,2,54
2022-10-05,2,2,66
2022-10-06,2,2,48
2022-10-07,2,2,39
2022-10-08,2,2,37
2022-10-09,2,2,40
2022-10-10,2,2,57
2022-10-11,2,2,53
2022-10-12,2,2,52
2022-10-13,2,2,48
2022-10-14,2,2,49
2022-10-15,2,2,44
2022-10-16,2,2,40
2022-10-17,2,2,41
2022-10-18,2,2,50
2022-10-19,2,2,63
2022-10-20,2,2,55
2022-10-21,2,2,45
2022-10-22,2,2,48
2022-10-23,2,2,50
2022-10-24,2,2,49
2022-10-25,2,2,55
2022-10-26,2,2,54
2022-10-27,2,2,51
2022-10-28,2,2,40
2022-10-29,2,2,36
2022-10-30,2,2,36
2022-10-31,2,2,54
2022-11-01,2,2,50
2022-11-02,2,2,65
2022-11-03,2,2,51
2022-11-04,2,2,54
2022-11-05,2,2,41
2022-11-06,2,2,38
2022-11-07,2,2,56
2022-11-08,2,2,63
2022-11-09,2,2,55
2022-11-10,2,2,53
2022-11-11,2,2,44
2022-11-12,2,2,43
2022-11-13,2,2,46
2022-11-14,2,2,50
2022-11-15,2,2,51
2022-11-16,2,2,58
2022-11-17,2,2,59
2022-11-18,2,2,48
2022-11-19,2,2,44
2022-11-20,2,2,43
2022-11-21,2,2,51
2022-11-22,2,2,65
2022-11-23,2,2,57
2022-11-24,2,2,60
2022-11-25,2,2,51
2022-11-26,2,2,48
2022-11-27,2,2,45
2022-11-28,2,2,53
2022-11-29,2,2,61
2022-11-30,2,2,61
2022-12-01,2,2,60
2022-12-02,2,2,54
2022-12-03,2,2,57
2022-12-04,2,2,51
2022-12-05,2,2,49
2022-12-06,2,2,68
2022-12-07,2,2,64
2022-12-08,2,2,69
2022-12-09,2,2,60
2022-12-10,2,2,48
2022-12-11,2,2,55
2022-12-12,2,2,56
2022-12-13,2,2,65
2022-12-14,2,2,69
2022-12-15,2,2,67
2022-12-16,2,2,59
2022-12-17,2,2,52
2022-12-18,2,2,63
2022-12-19,2,2,59
2022-12-20,2,2,60
2022-12-21,2,2,63
2022-12-22,2,2,70
2022-12-23,2,2,57
2022-12-24,2,2,54
2022-12-25,2,2,53
2022-12-26,2,2,60
2022-12-27,2,2,65
2022-12-28,2,2,72
2022-12-29,2,2,66
2022-12-30,2,2,61
2022-12-31,2,2,57
2018-01-01,2,3,31
2018-01-02,2,3,55
2018-01-03,2,3,51
2018-01-04,2,3,46
2018-01-05,2,3,32
2018-01-06,2,3,30
2018-01-07,2,3,29
2018-01-08,2,3,33
2018-01-09,2,3,43
2018-01-10,2,3,52
2018-01-11,2,3,46
2018-01-12,2,3,32
2018-01-13,2,3,31
2018-01-14,2,3,37
2018-01-15,2,3,38
2018-01-16,2,3,47
2018-01-17,2,3,50
2018-01-18,2,3,46
2018-01-19,2,3,39
2018-01-20,2,3,31
2018-01-21,2,3,33
2018-01-22,2,3,38
2018-01-23,2,3,42
2018-01-24,2,3,50
2018-01-25,2,3,50
2018-01-26,2,3,34
2018-01-27,2,3,37
2018-01-28,2,3,41
2018-01-29,2,3,37
2018-01-30,2,3,49
2018-01-31,2,3,59
2018-02-01,2,3,50
2018-02-02,2,3,34
2018-02-03,2,3,40
2018-02-04,2,3,36
2018-02-05,2,3,48
2018-02-06,2,3,49
2018-02-07,2,3,53
2018-02-08,2,3,47
2018-02-09,2,3,43
2018-02-10,2,3,36
2018-02-11,2,3,40
2018-02-12,2,3,42
2018-02-13,2,3,55
2018-02-14,2,3,56
2018-02-15,2,3,45
2018-02-16,2,3,48
2018-02-17,2,3,39
2018-02-18,2,3,42
2018-02-19,2,3,51
2018-02-20,2,3,56
2018-02-21,2,3,61
2018-02-22,2,3,51
2018-02-23,2,3,50
2018-02-24,2,3,42
2018-02-25,2,3,45
2018-02-26,2,3,51
2018-02-27,2,3,61
2018-02-28,2,3,60
2018-03-01,2,3,52
2018-03-02,2,3,44
2018-03-03,2,3,42
2018-03-04,2,3,41
2018-03-05,2,3,46
2018-03-06,2,3,48
2018-03-07,2,3,52
2018-03-08,2,3,62
2018-03-09,2,3,45
2018-03-10,2,3,51
2018-03-11,2,3,46
2018-03-12,2,3,51
2018-03-13,2,3,52
2018-03-14,2,3,59
2018-03-15,2,3,62
2018-03-16,2,3,54
2018-03-17,2,3,45
2018-03-18,2,3,41
2018-03-19,2,3,48
2018-03-20,2,3,55
2018-03-21,2,3,65
2018-03-22,2,3,62
2018-03-23,2,3,49
2018-03-24,2,3,43
2018-03-25,2,3,52
2018-03-26,2,3,48
2018-03-27,2,3,59
2018-03-28,2,3,62
2018-03-29,2,3,52
2018-03-30,2,3,46
2018-03-31,2,3,42
2018-04-01,2,3,52
2018-04-02,2,3,60
2018-04-03,2,3,59
2018-04-04,2,3,59
2018-04-05,2,3,53
2018-04-06,2,3,49
2018-04-07,2,3,42
2018-04-08,2,3,46
2018-04-09,2,3,54
2018-04-10,2,3,57
2018-04-11,2,3,59
2018-04-12,2,3,55
2018-04-13,2,3,47
2018-04-14,2,3,42
2018-04-15,2,3,49
2018-04-16,2,3,45
2018-04-17,2,3,64
2018-04-18,2,3,60
2018-04-19,2,3,58
2018-04-20,2,3,51
2018-04-21,2,3,41
2018-04-22,2,3,42
2018-04-23,2,3,47
2018-04-24,2,3,57
2018-04-25,2,3,62
2018-04-26,2,3,52
2018-04-27,2,3,50
2018-04-28,2,3,34
2018-04-29,2,3,43
2018-04-30,2,3,55
2018-05-01,2,3,56
2018-05-02,2,3,55
2018-05-03,2,3,51
2018-05-04,2,3,35
2018-05-05,2,3,38
2018-05-06,2,3,48
2018-05-07,2,3,47
2018-05-08,2,3,54
2018-05-09,2,3,48
2018-05-10,2,3,46
2018-05-11,2,3,50
2018-05-12,2,3,44
2018-05-13,2,3,37
2018-05-14,2,3,46
2018-05-15,2,3,55
2018-05-16,2,3,51
2018-05-17,2,3,44
2018-05-18,2,3,44
2018-05-19,2,3,42
2018-05-20,2,3,44
2018-05-21,2,3,51
2018-05-22,2,3,47
2018-05-23,2,3,55
2018-05-24,2,3,49
2018-05-25,2,3,43
2018-05-26,2,3,38
2018-05-27,2,3,37
2018-05-28,2,3,34
2018-05-29,2,3,57
2018-05-30,2,3,55
2018-05-31,2,3,43
2018-06-01,2,3,44
2018-06-02,2,3,35
2018-06-03,2,3,37
2018-06-04,2,3,42
2018-06-05,2,3,53
2018-06-06,2,3,49
2018-06-07,2,3,43
2018-06-08,2,3,45
2018-06-09,2,3,35
2018-06-10,2,3,36
2018-06-11,2,3,46
2018-06-12,2,3,46
2018-06-13,2,3,48
2018-06-14,2,3,47
2018-06-15,2,3,32
2018-06-16,2,3,35
2018-06-17,2,3,32
2018-06-18,2,3,45
2018-06-19,2,3,50
2018-06-20,2,3,50
2018-06-21,2,3,38
2018-06-22,2,3,37
2018-06-23,2,3,28
2018-06-24,2,3,33
2018-06-25,2,3,30
2018-06-26,2,3,39
2018-06-27,2,3,52
2018-06-28,2,3,44
2018-06-29,2,3,34
2018-06-30,2,3,27
2018-07-01,2,3,28
2018-07-02,2,3,39
2018-07-03,2,3,43
2018-07-04,2,3,51
2018-07-05,2,3,40
2018-07-06,2,3,34
2018-07-07,2,3,23
2018-07-08,2,3,29
2018-07-09,2,3,37
2018-07-10,2,3,41
2018-07-11,2,3,42
2018-07-12,2,3,40
2018-07-13,2,3,38
2018-07-14,2,3,28
2018-07-15,2,3,33
2018-07-16,2,3,37
2018-07-17,2,3,45
2018-07-18,2,3,39
2018-07-19,2,3,36
2018-07-20,2,3,29
2018-07-21,2,3,28
2018-07-22,2,3,30
2018-07-23,2,3,33
2018-07-24,2,3,42
2018-07-25,2,3,38
2018-07-26,2,3,39
2018-07-27,2,3,32
2018-07-28,2,3,27
2018-07-29,2,3,26
2018-07-30,2,3,34
2018-07-31,2,3,34
2018-08-01,2,3,39
2018-08-02,2,3,35
2018-08-03,2,3,22
2018-08-04,2,3,24
2018-08-05,2,3,19
2018-08-06,2,3,28
2018-08-07,2,3,36
2018-08-08,2,3,34
2018-08-09,2,3,33
2018-08-10,2,3,26
2018-08-11,2,3,18
2018-08-12,2,3,25
2018-08-13,2,3,25
2018-08-14,2,3,44
2018-08-15,2,3,35
2018-08-16,2,3,27
2018-08-17,2,3,20
2018-08-18,2,3,24
2018-08-19,2,3,19
2018-08-20,2,3,22
2018-08-21,2,3,37
2018-08-22,2,3,33
2018-08-23,2,3,33
2018-08-24,2,3,27
2018-08-25,2,3,20
2018-08-26,2,3,30
2018-08-27,2,3,19
2018-08-28,2,3,29
2018-08-29,2,3,33
2018-08-30,2,3,38
2018-08-31,2,3,29
2018-09-01,2,3,23
2018-09-02,2,3,16
2018-09-03,2,3,23
2018-09-04,2,3,28
2018-09-05,2,3,30
2018-09-06,2,3,34
2018-09-07,2,3,20
2018-09-08,2,3,17
2018-09-09,2,3,22
2018-09-10,2,3,18
2018-09-11,2,3,31
2018-09-12,2,3,28
2018-09-13,2,3,27
2018-09-14,2,3,18
2018-09-15,2,3,14
2018-09-16,2,3,19
2018-09-17,2,3,25
2018-09-18,2,3,29
2018-09-19,2,3,33
2018-09-20,2,3,24
2018-09-21,2,3,23
2018-09-22,2,3,15
2018-09-23,2,3,16
2018-09-24,2,3,21
2018-09-25,2,3,29
2018-09-26,2,3,39
2018-09-27,2,3,27
2018-09-28,2,3,16
2018-09-29,2,3,20
2018-09-30,2,3,16
2018-10-01,2,3,25
2018-10-02,2,3,28
2018-10-03,2,3,37
2018-10-04,2,3,25
2018-10-05,2,3,26
2018-10-06,2,3,12
2018-10-07,2,3,17
2018-10-08,2,3,30
2018-10-09,2,3,31
2018-10-10,2,3,41
2018-10-11,2,3,27
2018-10-12,2,3,22
2018-10-13,2,3,24
2018-10-14,2,3,12
2018-10-15,2,3,18
2018-10-16,2,3,28
2018-10-17,2,3,36
2018-10-18,2,3,22
2018-10-19,2,3,24
2018-10-20,2,3,19
2018-10-21,2,3,27
2018-10-22,2,3,29
2018-10-23,2,3,33
2018-10-24,2,3,38
2018-10-25,2,3,31
2018-10-26,2,3,20
2018-10-27,2,3,13
2018-10-28,2,3,17
2018-10-29,2,3,26
2018-10-30,2,3,33
2018-10-31,2,3,25
2018-11-01,2,3,29
2018-11-02,2,3,23
2018-11-03,2,3,21
2018-11-04,2,3,27
2018-11-05,2,3,28
2018-11-06,2,3,30
2018-11-07,2,3,28
2018-11-08,2,3,34
2018-11-09,2,3,21
2018-11-10,2,3,23
2018-11-11,2,3,27
2018-11-12,2,3,22
2018-11-13,2,3,37
2018-11-14,2,3,41
2018-11-15,2,3,36
2018-11-16,2,3,17
2018-11-17,2,3,18
2018-11-18,2,3,18
2018-11-19,2,3,31
2018-11-20,2,3,37
2018-11-21,2,3,27
2018-11-22,2,3,32
2018-11-23,2,3,30
2018-11-24,2,3,23
2018-11-25,2,3,25
2018-11-26,2,3,29
2018-11-27,2,3,33
2018-11-28,2,3,39
2018-11-29,2,3,35
2018-11-30,2,3,31
2018-12-01,2,3,27
2018-12-02,2,3,26
2018-12-03,2,3,37
2018-12-04,2,3,37
2018-12-05,2,3,35
2018-12-06,2,3,39
2018-12-07,2,3,30
2018-12-08,2,3,28
2018-12-09,2,3,23
2018-12-10,2,3,41
2018-12-11,2,3,43
2018-12-12,2,3,41
2018-12-13,2,3,35
2018-12-14,2,3,36
2018-12-15,2,3,23
2018-12-16,2,3,38
2018-12-17,2,3,33
2018-12-18,2,3,49
2018-12-19,2,3,43
2018-12-20,2,3,46
2018-12-21,2,3,31
2018-12-22,2,3,29
2018-12-23,2,3,34
2018-12-24,2,3,40
2018-12-25,2,3,49
2018-12-26,2,3,44
2018-12-27,2,3,42
2018-12-28,2,3,40
2018-12-29,2,3,28
2018-12-30,2,3,35
2018-12-31,2,3,39
2019-01-01,2,3,47
2019-01-02,2,3,48
2019-01-03,2,3,41
2019-01-04,2,3,36
2019-01-05,2,3,34
2019-01-06,2,3,35
2019-01-07,2,3,48
2019-01-08,2,3,52
2019-01-09,2,3,51
2019-01-10,2,3,43
2019-01-11,2,3,36
2019-01-12,2,3,43
2019-01-13,2,3,33
2019-01-14,2,3,44
2019-01-15,2,3,51
2019-01-16,2,3,50
2019-01-17,2,3,44
2019-01-18,2,3,38
2019-01-19,2,3,35
2019-01-20,2,3,36
2019-01-21,2,3,50
2019-01-22,2,3,52
2019-01-23,2,3,51
2019-01-24,2,3,50
2019-01-25,2,3,45
2019-01-26,2,3,37
2019-01-27,2,3,44
2019-01-28,2,3,42
2019-01-29,2,3,58
2019-01-30,2,3,55
2019-01-31,2,3,51
2019-02-01,2,3,41
2019-02-02,2,3,35
2019-02-03,2,3,35
2019-02-04,2,3,45
2019-02-05,2,3,57
2019-02-06,2,3,53
2019-02-07,2,3,46
2019-02-08,2,3,42
2019-02-09,2,3,40
2019-02-10,2,3,42
2019-02-11,2,3,49
2019-02-12,2,3,60
2019-02-13,2,3,63
2019-02-14,2,3,62
2019-02-15,2,3,41
2019-02-16,2,3,40
2019-02-17,2,3,48
2019-02-18,2,3,49
2019-02-19,2,3,61
2019-02-20,2,3,60
2019-02-21,2,3,62
2019-02-22,2,3,53
2019-02-23,2,3,49
2019-02-24,2,3,44
2019-02-25,2,3,52
2019-02-26,2,3,58
2019-02-27,2,3,54
2019-02-28,2,3,62
2019-03-01,2,3,53
2019-03-02,2,3,44
2019-03-03,2,3,52
2019-03-04,2,3,51
2019-03-05,2,3,52
2019-03-06,2,3,65
2019-03-07,2,3,52
2019-03-08,2,3,50
2019-03-09,2,3,47
2019-03-10,2,3,49
2019-03-11,2,3,58
2019-03-12,2,3,63
2019-03-13,2,3,64
2019-03-14,2,3,55
2019-03-15,2,3,52
2019-03-16,2,3,41
2019-03-17,2,3,55
2019-03-18,2,3,49
2019-03-19,2,3,60
2019-03-20,2,3,57
2019-03-21,2,3,56
2019-03-22,2,3,52
2019-03-23,2,3,45
2019-03-24,2,3,53
2019-03-25,2,3,56
2019-03-26,2,3,60
2019-03-27,2,3,63
2019-03-28,2,3,64
2019-03-29,2,3,56
2019-03-30,2,3,43
2019-03-31,2,3,46
2019-04-01,2,3,57
2019-04-02,2,3,63
2019-04-03,2,3,59
2019-04-04,2,3,62
2019-04-05,2,3,48
2019-04-06,2,3,53
2019-04-07,2,3,51
2019-04-08,2,3,51
2019-04-09,2,3,59
2019-04-10,2,3,61
2019-04-11,2,3,59
2019-04-12,2,3,51
2019-04-13,2,3,43
2019-04-14,2,3,43
2019-04-15,2,3,57
2019-04-16,2,3,62
2019-04-17,2,3,63
2019-04-18,2,3,59
2019-04-19,2,3,49
2019-04-20,2,3,48
2019-04-21,2,3,59
2019-04-22,2,3,59
2019-04-23,2,3,60
2019-04-24,2,3,60
2019-04-25,2,3,46
2019-04-26,2,3,55
2019-04-27,2,3,50
2019-04-28,2,3,46
2019-04-29,2,3,48
2019-04-30,2,3,55
2019-05-01,2,3,63
2019-05-02,2,3,57
2019-05-03,2,3,53
2019-05-04,2,3,46
2019-05-05,2,3,51
2019-05-06,2,3,55
2019-05-07,2,3,63
2019-05-08,2,3,52
2019-05-09,2,3,51
2019-05-10,2,3,48
2019-05-11,2,3,49
2019-05-12,2,3,53
2019-05-13,2,3,51
2019-05-14,2,3,56
2019-05-15,2,3,52
2019-05-16,2,3,58
2019-05-17,2,3,46
2019-05-18,2,3,55
2019-05-19,2,3,42
2019-05-20,2,3,59
2019-05-21,2,3,60
2019-05-22,2,3,54
2019-05-23,2,3,55
2019-05-24,2,3,50
2019-05-25,2,3,41
2019-05-26,2,3,47
2019-05-27,2,3,53
2019-05-28,2,3,58
2019-05-29,2,3,57
2019-05-30,2,3,48
2019-05-31,2,3,45
2019-06-01,2,3,41
2019-06-02,2,3,34
2019-06-03,2,3,49
2019-06-04,2,3,54
2019-06-05,2,3,50
2019-06-06,2,3,49
2019-06-07,2,3,42
2019-06-08,2,3,47
2019-06-09,2,3,41
2019-06-10,2,3,51
2019-06-11,2,3,52
2019-06-12,2,3,46
2019-06-13,2,3,52
2019-06-14,2,3,39
2019-06-15,2,3,36
2019-06-16,2,3,35
2019-06-17,2,3,45
2019-06-18,2,3,55
2019-06-19,2,3,56
2019-06-20,2,3,54
2019-06-21,2,3,47
2019-06-22,2,3,28
2019-06-23,2,3,32
2019-06-24,2,3,36
2019-06-25,2,3,52
2019-06-26,2,3,48
2019-06-27,2,3,44
2019-06-28,2,3,38
2019-06-29,2,3,36
2019-06-30,2,3,29
2019-07-01,2,3,36
2019-07-02,2,3,47
2019-07-03,2,3,53
2019-07-04,2,3,44
2019-07-05,2,3,34
2019-07-06,2,3,24
2019-07-07,2,3,37
2019-07-08,2,3,37
2019-07-09,2,3,41
2019-07-10,2,3,40
2019-07-11,2,3,37
2019-07-12,2,3,31
2019-07-13,2,3,30
2019-07-14,2,3,27
2019-07-15,2,3,39
2019-07-16,2,3,43
2019-07-17,2,3,54
2019-07-18,2,3,34
2019-07-19,2,3,34
2019-07-20,2,3,30
2019-07-21,2,3,26
2019-07-22,2,3,37
2019-07-23,2,3,45
2019-07-24,2,3,44
2019-07-25,2,3,44
2019-07-26,2,3,23
2019-07-27,2,3,24
2019-07-28,2,3,34
2019-07-29,2,3,38
2019-07-30,2,3,43
2019-07-31,2,3,47
2019-08-01,2,3,30
2019-08-02,2,3,33
2019-08-03,2,3,30
2019-08-04,2,3,24
2019-08-05,2,3,44
2019-08-06,2,3,40
2019-08-07,2,3,32
2019-08-08,2,3,37
2019-08-09,2,3,26
2019-08-10,2,3,29
2019-08-11,2,3,28
2019-08-12,2,3,29
2019-08-13,2,3,44
2019-08-14,2,3,43
2019-08-15,2,3,31
2019-08-16,2,3,27
2019-08-17,2,3,25
2019-08-18,2,3,23
2019-08-19,2,3,29
2019-08-20,2,3,37
2019-08-21,2,3,34
2019-08-22,2,3,25
2019-08-23,2,3,27
2019-08-24,2,3,14
2019-08-25,2,3,19
2019-08-26,2,3,22
2019-08-27,2,3,29
2019-08-28,2,3,39
2019-08-29,2,3,32
2019-08-30,2,3,24
2019-08-31,2,3,16
2019-09-01,2,3,20
2019-09-02,2,3,30
2019-09-03,2,3,34
2019-09-04,2,3,39
2019-09-05,2,3,36
2019-09-06,2,3,24
2019-09-07,2,3,13
2019-09-08,2,3,19
2019-09-09,2,3,27
2019-09-10,2,3,31
2019-09-11,2,3,31
2019-09-12,2,3,31
2019-09-13,2,3,34
2019-09-14,2,3,18
2019-09-15,2,3,21
2019-09-16,2,3,22
2019-09-17,2,3,39
2019-09-18,2,3,39
2019-09-19,2,3,34
2019-09-20,2,3,29
2019-09-21,2,3,18
2019-09-22,2,3,20
2019-09-23,2,3,34
2019-09-24,2,3,36
2019-09-25,2,3,26
2019-09-26,2,3,32
2019-09-27,2,3,21
2019-09-28,2,3,23
2019-09-29,2,3,22
2019-09-30,2,3,20
2019-10-01,2,3,34
2019-10-02,2,3,36
2019-10-03,2,3,32
2019-10-04,2,3,26
2019-10-05,2,3,25
2019-10-06,2,3,22
2019-10-07,2,3,27
2019-10-08,2,3,38
2019-10-09,2,3,44
2019-10-10,2,3,34
2019-10-11,2,3,25
2019-10-12,2,3,21
2019-10-13,2,3,22
2019-10-14,2,3,28
2019-10-15,2,3,42
2019-10-16,2,3,32
2019-10-17,2,3,36
2019-10-18,2,3,24
2019-10-19,2,3,14
2019-10-20,2,3,21
2019-10-21,2,3,26
2019-10-22,2,3,37
2019-10-23,2,3,36
2019-10-24,2,3,28
2019-10-25,2,3,31
2019-10-26,2,3,25
2019-10-27,2,3,29
2019-10-28,2,3,30
2019-10-29,2,3,35
2019-10-30,2,3,40
2019-10-31,2,3,30
2019-11-01,2,3,26
2019-11-02,2,3,21
2019-11-03,2,3,18
2019-11-04,2,3,30
2019-11-05,2,3,34
2019-11-06,2,3,37
2019-11-07,2,3,35
2019-11-08,2,3,32
2019-11-09,2,3,19
2019-11-10,2,3,23
2019-11-11,2,3,28
2019-11-12,2,3,34
2019-11-13,2,3,37
2019-11-14,2,3,34
2019-11-15,2,3,31
2019-11-16,2,3,25
2019-11-17,2,3,22
2019-11-18,2,3,37
2019-11-19,2,3,43
2019-11-20,2,3,37
2019-11-21,2,3,41
2019-11-22,2,3,31
2019-11-23,2,3,25
2019-11-24,2,3,29
2019-11-25,2,3,34
2019-11-26,2,3,42
2019-11-27,2,3,43
2019-11-28,2,3,37
2019-11-29,2,3,23
2019-11-30,2,3,29
2019-12-01,2,3,27
2019-12-02,2,3,38
2019-12-03,2,3,44
2019-12-04,2,3,42
2019-12-05,2,3,44
2019-12-06,2,3,34
2019-12-07,2,3,29
2019-12-08,2,3,30
2019-12-09,2,3,44
2019-12-10,2,3,41
2019-12-11,2,3,44
2019-12-12,2,3,36
2019-12-13,2,3,37
2019-12-14,2,3,28
2019-12-15,2,3,30
2019-12-16,2,3,37
2019-12-17,2,3,46
2019-12-18,2,3,42
2019-12-19,2,3,34
2019-12-20,2,3,38
2019-12-21,2,3,24
2019-12-22,2,3,38
2019-12-23,2,3,47
2019-12-24,2,3,46
2019-12-25,2,3,54
2019-12-26,2,3,45
2019-12-27,2,3,45
2019-12-28,2,3,32
2019-12-29,2,3,27
2019-12-30,2,3,42
2019-12-31,2,3,56
2020-01-01,2,3,53
2020-01-02,2,3,45
2020-01-03,2,3,41
2020-01-04,2,3,40
2020-01-05,2,3,37
2020-01-06,2,3,55
2020-01-07,2,3,49
2020-01-08,2,3,57
2020-01-09,2,3,52
2020-01-10,2,3,39
2020-01-11,2,3,36
2020-01-12,2,3,44
2020-01-13,2,3,47
2020-01-14,2,3,54
2020-01-15,2,3,48
2020-01-16,2,3,53
2020-01-17,2,3,45
2020-01-18,2,3,39
2020-01-19,2,3,43
2020-01-20,2,3,46
2020-01-21,2,3,52
2020-01-22,2,3,55
2020-01-23,2,3,50
2020-01-24,2,3,54
2020-01-25,2,3,45
2020-01-26,2,3,39
2020-01-27,2,3,58
2020-01-28,2,3,54
2020-01-29,2,3,58
2020-01-30,2,3,57
2020-01-31,2,3,39
2020-02-01,2,3,42
2020-02-02,2,3,43
2020-02-03,2,3,52
2020-02-04,2,3,59
2020-02-05,2,3,59
2020-02-06,2,3,55
2020-02-07,2,3,53
2020-02-08,2,3,46
2020-02-09,2,3,47
2020-02-10,2,3,53
2020-02-11,2,3,67
2020-02-12,2,3,62
2020-02-13,2,3,55
2020-02-14,2,3,43
2020-02-15,2,3,40
2020-02-16,2,3,46
2020-02-17,2,3,54
2020-02-18,2,3,58
2020-02-19,2,3,64
2020-02-20,2,3,56
2020-02-21,2,3,48
2020-02-22,2,3,50
2020-02-23,2,3,54
2020-02-24,2,3,51
2020-02-25,2,3,63
2020-02-26,2,3,56
2020-02-27,2,3,53
2020-02-28,2,3,50
2020-02-29,2,3,53
2020-03-01,2,3,47
2020-03-02,2,3,53
2020-03-03,2,3,63
2020-03-04,2,3,65
2020-03-05,2,3,57
2020-03-06,2,3,61
2020-03-07,2,3,48
2020-03-08,2,3,51
2020-03-09,2,3,56
2020-03-10,2,3,65
2020-03-11,2,3,70
2020-03-12,2,3,68
2020-03-13,2,3,51
2020-03-14,2,3,54
2020-03-15,2,3,54
2020-03-16,2,3,62
2020-03-17,2,3,64
2020-03-18,2,3,65
2020-03-19,2,3,65
2020-03-20,2,3,59
2020-03-21,2,3,57
2020-03-22,2,3,53
2020-03-23,2,3,58
2020-03-24,2,3,55
2020-03-25,2,3,60
2020-03-26,2,3,60
2020-03-27,2,3,51
2020-03-28,2,3,54
2020-03-29,2,3,47
2020-03-30,2,3,57
2020-03-31,2,3,63
2020-04-01,2,3,71
2020-04-02,2,3,60
2020-04-03,2,3,57
2020-04-04,2,3,52
2020-04-05,2,3,56
2020-04-06,2,3,62
2020-04-07,2,3,65
2020-04-08,2,3,59
2020-04-09,2,3,61
2020-04-10,2,3,55
2020-04-11,2,3,52
2020-04-12,2,3,49
2020-04-13,2,3,63
2020-04-14,2,3,65
2020-04-15,2,3,62
2020-04-16,2,3,60
2020-04-17,2,3,62
2020-04-18,2,3,53
2020-04-19,2,3,56
2020-04-20,2,3,54
2020-04-21,2,3,61
2020-04-22,2,3,63
2020-04-23,2,3,62
2020-04-24,2,3,53
2020-04-25,2,3,48
2020-04-26,2,3,50
2020-04-27,2,3,54
2020-04-28,2,3,63
2020-04-29,2,3,69
2020-04-30,2,3,54
2020-05-01,2,3,55
2020-05-02,2,3,54
2020-05-03,2,3,50
2020-05-04,2,3,54
2020-05-05,2,3,66
2020-05-06,2,3,60
2020-05-07,2,3,59
2020-05-08,2,3,48
2020-05-09,2,3,40
2020-05-10,2,3,49
2020-05-11,2,3,50
2020-05-12,2,3,61
2020-05-13,2,3,67
2020-05-14,2,3,66
2020-05-15,2,3,52
2020-05-16,2,3,51
2020-05-17,2,3,50
2020-05-18,2,3,53
2020-05-19,2,3,53
2020-05-20,2,3,68
2020-05-21,2,3,53
2020-05-22,2,3,55
2020-05-23,2,3,48
2020-05-24,2,3,43
2020-05-25,2,3,54
2020-05-26,2,3,67
2020-05-27,2,3,66
2020-05-28,2,3,54
2020-05-29,2,3,46
2020-05-30,2,3,44
2020-05-31,2,3,45
2020-06-01,2,3,56
2020-06-02,2,3,60
2020-06-03,2,3,52
2020-06-04,2,3,56
2020-06-05,2,3,46
2020-06-06,2,3,43
2020-06-07,2,3,45
2020-06-08,2,3,55
2020-06-09,2,3,60
2020-06-10,2,3,54
2020-06-11,2,3,52
2020-06-12,2,3,44
2020-06-13,2,3,34
2020-06-14,2,3,42
2020-06-15,2,3,56
2020-06-16,2,3,47
2020-06-17,2,3,55
2020-06-18,2,3,51
2020-06-19,2,3,45
2020-06-20,2,3,35
2020-06-21,2,3,35
2020-06-22,2,3,41
2020-06-23,2,3,58
2020-06-24,2,3,50
2020-06-25,2,3,47
2020-06-26,2,3,50
2020-06-27,2,3,34
2020-06-28,2,3,40
2020-06-29,2,3,49
2020-06-30,2,3,55
2020-07-01,2,3,47
2020-07-02,2,3,45
2020-07-03,2,3,41
2020-07-04,2,3,43
2020-07-05,2,3,34
2020-07-06,2,3,41
2020-07-07,2,3,51
2020-07-08,2,3,53
2020-07-09,2,3,48
2020-07-10,2,3,35
2020-07-11,2,3,32
2020-07-12,2,3,36
2020-07-13,2,3,46
2020-07-14,2,3,46
2020-07-15,2,3,48
2020-07-16,2,3,40
2020-07-17,2,3,44
2020-07-18,2,3,33
2020-07-19,2,3,38
2020-07-20,2,3,40
2020-07-21,2,3,46
2020-07-22,2,3,41
2020-07-23,2,3,34
2020-07-24,2,3,40
2020-07-25,2,3,31
2020-07-26,2,3,33
2020-07-27,2,3,33
2020-07-28,2,3,40
2020-07-29,2,3,50
2020-07-30,2,3,48
2020-07-31,2,3,31
2020-08-01,2,3,32
2020-08-02,2,3,31
2020-08-03,2,3,36
2020-08-04,2,3,50
2020-08-05,2,3,42
2020-08-06,2,3,44
2020-08-07,2,3,34
2020-08-08,2,3,28
2020-08-09,2,3,34
2020-08-10,2,3,36
2020-08-11,2,3,41
2020-08-12,2,3,48
2020-08-13,2,3,43
2020-08-14,2,3,36
2020-08-15,2,3,11
2020-08-16,2,3,29
2020-08-17,2,3,35
2020-08-18,2,3,40
2020-08-19,2,3,44
2020-08-20,2,3,38
2020-08-21,2,3,32
2020-08-22,2,3,24
2020-08-23,2,3,33
2020-08-24,2,3,36
2020-08-25,2,3,41
2020-08-26,2,3,42
2020-08-27,2,3,40
2020-08-28,2,3,33
2020-08-29,2,3,24
2020-08-30,2,3,30
2020-08-31,2,3,32
2020-09-01,2,3,46
2020-09-02,2,3,44
2020-09-03,2,3,32
2020-09-04,2,3,37
2020-09-05,2,3,15
2020-09-06,2,3,27
2020-09-07,2,3,28
2020-09-08,2,3,45
2020-09-09,2,3,40
2020-09-10,2,3,31
2020-09-11,2,3,26
2020-09-12,2,3,20
2020-09-13,2,3,23
2020-09-14,2,3,29
2020-09-15,2,3,34
2020-09-16,2,3,39
2020-09-17,2,3,35
2020-09-18,2,3,23
2020-09-19,2,3,16
2020-09-20,2,3,25
2020-09-21,2,3,32
2020-09-22,2,3,39
2020-09-23,2,3,40
2020-09-24,2,3,40
2020-09-25,2,3,31
2020-09-26,2,3,33
2020-09-27,2,3,36
2020-09-28,2,3,23
2020-09-29,2,3,28
2020-09-30,2,3,38
2020-10-01,2,3,36
2020-10-02,2,3,26
2020-10-03,2,3,25
2020-10-04,2,3,23
2020-10-05,2,3,27
2020-10-06,2,3,34
2020-10-07,2,3,37
2020-10-08,2,3,37
2020-10-09,2,3,25
2020-10-10,2,3,21
2020-10-11,2,3,27
2020-10-12,2,3,30
2020-10-13,2,3,41
2020-10-14,2,3,35
2020-10-15,2,3,30
2020-10-16,2,3,29
2020-10-17,2,3,25
2020-10-18,2,3,21
2020-10-19,2,3,36
2020-10-20,2,3,45
2020-10-21,2,3,37
2020-10-22,2,3,41
2020-10-23,2,3,19
2020-10-24,2,3,28
2020-10-25,2,3,22
2020-10-26,2,3,36
2020-10-27,2,3,34
2020-10-28,2,3,40
2020-10-29,2,3,32
2020-10-30,2,3,28
2020-10-31,2,3,32
2020-11-01,2,3,26
2020-11-02,2,3,41
2020-11-03,2,3,38
2020-11-04,2,3,47
2020-11-05,2,3,30
2020-11-06,2,3,29
2020-11-07,2,3,24
2020-11-08,2,3,34
2020-11-09,2,3,35
2020-11-10,2,3,32
2020-11-11,2,3,37
2020-11-12,2,3,34
2020-11-13,2,3,35
2020-11-14,2,3,30
2020-11-15,2,3,28
2020-11-16,2,3,33
2020-11-17,2,3,45
2020-11-18,2,3,39
2020-11-19,2,3,41
2020-11-20,2,3,34
2020-11-21,2,3,27
2020-11-22,2,3,32
2020-11-23,2,3,37
2020-11-24,2,3,45
2020-11-25,2,3,40
2020-11-26,2,3,43
2020-11-27,2,3,38
2020-11-28,2,3,31
2020-11-29,2,3,34
2020-11-30,2,3,38
2020-12-01,2,3,48
2020-12-02,2,3,47
2020-12-03,2,3,38
2020-12-04,2,3,39
2020-12-05,2,3,25
2020-12-06,2,3,35
2020-12-07,2,3,38
2020-12-08,2,3,45
2020-12-09,2,3,49
2020-12-10,2,3,41
2020-12-11,2,3,40
2020-12-12,2,3,34
2020-12-13,2,3,33
2020-12-14,2,3,47
2020-12-15,2,3,49
2020-12-16,2,3,53
2020-12-17,2,3,52
2020-12-18,2,3,45
2020-12-19,2,3,38
2020-12-20,2,3,36
2020-12-21,2,3,38
2020-12-22,2,3,51
2020-12-23,2,3,56
2020-12-24,2,3,49
2020-12-25,2,3,27
2020-12-26,2,3,41
2020-12-27,2,3,43
2020-12-28,2,3,44
2020-12-29,2,3,56
2020-12-30,2,3,56
2020-12-31,2,3,47
2021-01-01,2,3,48
2021-01-02,2,3,34
2021-01-03,2,3,40
2021-01-04,2,3,46
2021-01-05,2,3,50
2021-01-06,2,3,57
2021-01-07,2,3,57
2021-01-08,2,3,50
2021-01-09,2,3,43
2021-01-10,2,3,36
2021-01-11,2,3,43
2021-01-12,2,3,56
2021-01-13,2,3,57
2021-01-14,2,3,51
2021-01-15,2,3,54
2021-01-16,2,3,43
2021-01-17,2,3,46
2021-01-18,2,3,55
2021-01-19,2,3,57
2021-01-20,2,3,69
2021-01-21,2,3,51
2021-01-22,2,3,46
2021-01-23,2,3,40
2021-01-24,2,3,52
2021-01-25,2,3,56
2021-01-26,2,3,57
2021-01-27,2,3,57
2021-01-28,2,3,62
2021-01-29,2,3,51
2021-01-30,2,3,51
2021-01-31,2,3,47
2021-02-01,2,3,56
2021-02-02,2,3,62
2021-02-03,2,3,60
2021-02-04,2,3,58
2021-02-05,2,3,47
2021-02-06,2,3,49
2021-02-07,2,3,52
2021-02-08,2,3,60
2021-02-09,2,3,65
2021-02-10,2,3,63
2021-02-11,2,3,66
2021-02-12,2,3,57
2021-02-13,2,3,54
2021-02-14,2,3,56
2021-02-15,2,3,56
2021-02-16,2,3,65
2021-02-17,2,3,68
2021-02-18,2,3,56
2021-02-19,2,3,50
2021-02-20,2,3,45
2021-02-21,2,3,51
2021-02-22,2,3,57
2021-02-23,2,3,59
2021-02-24,2,3,67
2021-02-25,2,3,62
2021-02-26,2,3,60
2021-02-27,2,3,59
2021-02-28,2,3,55
2021-03-01,2,3,57
2021-03-02,2,3,68
2021-03-03,2,3,67
2021-03-04,2,3,62
2021-03-05,2,3,53
2021-03-06,2,3,50
2021-03-07,2,3,53
2021-03-08,2,3,63
2021-03-09,2,3,69
2021-03-10,2,3,76
2021-03-11,2,3,67
2021-03-12,2,3,59
2021-03-13,2,3,52
2021-03-14,2,3,50
2021-03-15,2,3,59
2021-03-16,2,3,64
2021-03-17,2,3,59
2021-03-18,2,3,61
2021-03-19,2,3,64
2021-03-20,2,3,55
2021-03-21,2,3,54
2021-03-22,2,3,63
2021-03-23,2,3,60
2021-03-24,2,3,70
2021-03-25,2,3,70
2021-03-26,2,3,58
2021-03-27,2,3,47
2021-03-28,2,3,54
2021-03-29,2,3,67
2021-03-30,2,3,69
2021-03-31,2,3,64
2021-04-01,2,3,75
2021-04-02,2,3,53
2021-04-03,2,3,53
2021-04-04,2,3,51
2021-04-05,2,3,58
2021-04-06,2,3,66
2021-04-07,2,3,72
2021-04-08,2,3,70
2021-04-09,2,3,57
2021-04-10,2,3,50
2021-04-11,2,3,57
2021-04-12,2,3,64
2021-04-13,2,3,69
2021-04-14,2,3,70
2021-04-15,2,3,64
2021-04-16,2,3,58
2021-04-17,2,3,53
2021-04-18,2,3,59
2021-04-19,2,3,70
2021-04-20,2,3,68
2021-04-21,2,3,69
2021-04-22,2,3,65
2021-04-23,2,3,55
2021-04-24,2,3,56
2021-04-25,2,3,56
2021-04-26,2,3,59
2021-04-27,2,3,70
2021-04-28,2,3,68
2021-04-29,2,3,60
2021-04-30,2,3,58
2021-05-01,2,3,53
2021-05-02,2,3,58
2021-05-03,2,3,63
2021-05-04,2,3,65
2021-05-05,2,3,65
2021-05-06,2,3,63
2021-05-07,2,3,57
2021-05-08,2,3,53
2021-05-09,2,3,54
2021-05-10,2,3,58
2021-05-11,2,3,69
2021-05-12,2,3,64
2021-05-13,2,3,72
2021-05-14,2,3,58
2021-05-15,2,3,46
2021-05-16,2,3,52
2021-05-17,2,3,61
2021-05-18,2,3,62
2021-05-19,2,3,59
2021-05-20,2,3,56
2021-05-21,2,3,56
2021-05-22,2,3,42
2021-05-23,2,3,45
2021-05-24,2,3,59
2021-05-25,2,3,62
2021-05-26,2,3,61
2021-05-27,2,3,57
2021-05-28,2,3,46
2021-05-29,2,3,50
2021-05-30,2,3,46
2021-05-31,2,3,53
2021-06-01,2,3,62
2021-06-02,2,3,61
2021-06-03,2,3,55
2021-06-04,2,3,43
2021-06-05,2,3,48
2021-06-06,2,3,48
2021-06-07,2,3,51
2021-06-08,2,3,55
2021-06-09,2,3,61
2021-06-10,2,3,58
2021-06-11,2,3,49
2021-06-12,2,3,51
2021-06-13,2,3,49
2021-06-14,2,3,51
2021-06-15,2,3,61
2021-06-16,2,3,59
2021-06-17,2,3,55
2021-06-18,2,3,53
2021-06-19,2,3,39
2021-06-20,2,3,44
2021-06-21,2,3,55
2021-06-22,2,3,57
2021-06-23,2,3,56
2021-06-24,2,3,46
2021-06-25,2,3,37
2021-06-26,2,3,49
2021-06-27,2,3,44
2021-06-28,2,3,46
2021-06-29,2,3,56
2021-06-30,2,3,52
2021-07-01,2,3,50
2021-07-02,2,3,40
2021-07-03,2,3,34
2021-07-04,2,3,32
2021-07-05,2,3,40
2021-07-06,2,3,57
2021-07-07,2,3,50
2021-07-08,2,3,51
2021-07-09,2,3,46
2021-07-10,2,3,38
2021-07-11,2,3,38
2021-07-12,2,3,45
2021-07-13,2,3,49
2021-07-14,2,3,57
2021-07-15,2,3,55
2021-07-16,2,3,46
2021-07-17,2,3,27
2021-07-18,2,3,35
2021-07-19,2,3,43
2021-07-20,2,3,51
2021-07-21,2,3,44
2021-07-22,2,3,39
2021-07-23,2,3,44
2021-07-24,2,3,32
2021-07-25,2,3,30
2021-07-26,2,3,37
2021-07-27,2,3,49
2021-07-28,2,3,46
2021-07-29,2,3,45
2021-07-30,2,3,33
2021-07-31,2,3,26
2021-08-01,2,3,40
2021-08-02,2,3,42
2021-08-03,2,3,45
2021-08-04,2,3,45
2021-08-05,2,3,49
2021-08-06,2,3,38
2021-08-07,2,3,36
2021-08-08,2,3,30
2021-08-09,2,3,39
2021-08-10,2,3,46
2021-08-11,2,3,44
2021-08-12,2,3,41
2021-08-13,2,3,32
2021-08-14,2,3,31
2021-08-15,2,3,26
2021-08-16,2,3,40
2021-08-17,2,3,45
2021-08-18,2,3,44
2021-08-19,2,3,42
2021-08-20,2,3,32
2021-08-21,2,3,26
2021-08-22,2,3,32
2021-08-23,2,3,39
2021-08-24,2,3,40
2021-08-25,2,3,41
2021-08-26,2,3,38
2021-08-27,2,3,30
2021-08-28,2,3,34
2021-08-29,2,3,30
2021-08-30,2,3,35
2021-08-31,2,3,38
2021-09-01,2,3,46
2021-09-02,2,3,36
2021-09-03,2,3,29
2021-09-04,2,3,30
2021-09-05,2,3,30
2021-09-06,2,3,24
2021-09-07,2,3,40
2021-09-08,2,3,43
2021-09-09,2,3,36
2021-09-10,2,3,31
2021-09-11,2,3,19
2021-09-12,2,3,16
2021-09-13,2,3,30
2021-09-14,2,3,41
2021-09-15,2,3,29
2021-09-16,2,3,34
2021-09-17,2,3,22
2021-09-18,2,3,25
2021-09-19,2,3,35
2021-09-20,2,3,33
2021-09-21,2,3,39
2021-09-22,2,3,45
2021-09-23,2,3,37
2021-09-24,2,3,29
2021-09-25,2,3,29
2021-09-26,2,3,29
2021-09-27,2,3,34
2021-09-28,2,3,39
2021-09-29,2,3,40
2021-09-30,2,3,40
2021-10-01,2,3,28
2021-10-02,2,3,30
2021-10-03,2,3,23
2021-10-04,2,3,39
2021-10-05,2,3,42
2021-10-06,2,3,37
2021-10-07,2,3,39
2021-10-08,2,3,27
2021-10-09,2,3,26
2021-10-10,2,3,25
2021-10-11,2,3,33
2021-10-12,2,3,44
2021-10-13,2,3,44
2021-10-14,2,3,33
2021-10-15,2,3,26
2021-10-16,2,3,27
2021-10-17,2,3,29
2021-10-18,2,3,31
2021-10-19,2,3,47
2021-10-20,2,3,45
2021-10-21,2,3,35
2021-10-22,2,3,28
2021-10-23,2,3,26
2021-10-24,2,3,27
2021-10-25,2,3,40
2021-10-26,2,3,45
2021-10-27,2,3,43
2021-10-28,2,3,41
2021-10-29,2,3,35
2021-10-30,2,3,28
2021-10-31,2,3,31
2021-11-01,2,3,38
2021-11-02,2,3,44
2021-11-03,2,3,41
2021-11-04,2,3,37
2021-11-05,2,3,32
2021-11-06,2,3,26
2021-11-07,2,3,24
2021-11-08,2,3,39
2021-11-09,2,3,45
2021-11-10,2,3,40
2021-11-11,2,3,40
2021-11-12,2,3,33
2021-11-13,2,3,31
2021-11-14,2,3,27
2021-11-15,2,3,33
2021-11-16,2,3,47
2021-11-17,2,3,40
2021-11-18,2,3,41
2021-11-19,2,3,34
2021-11-20,2,3,31
2021-11-21,2,3,34
2021-11-22,2,3,46
2021-11-23,2,3,39
2021-11-24,2,3,51
2021-11-25,2,3,33
2021-11-26,2,3,42
2021-11-27,2,3,25
2021-11-28,2,3,44
2021-11-29,2,3,39
2021-11-30,2,3,53
2021-12-01,2,3,54
2021-12-02,2,3,43
2021-12-03,2,3,37
2021-12-04,2,3,31
2021-12-05,2,3,39
2021-12-06,2,3,41
2021-12-07,2,3,46
2021-12-08,2,3,53
2021-12-09,2,3,43
2021-12-10,2,3,39
2021-12-11,2,3,36
2021-12-12,2,3,35
2021-12-13,2,3,42
2021-12-14,2,3,57
2021-12-15,2,3,52
2021-12-16,2,3,47
2021-12-17,2,3,41
2021-12-18,2,3,40
2021-12-19,2,3,36
2021-12-20,2,3,48
2021-12-21,2,3,54
2021-12-22,2,3,47
2021-12-23,2,3,58
2021-12-24,2,3,50
2021-12-25,2,3,36
2021-12-26,2,3,37
2021-12-27,2,3,49
2021-12-28,2,3,49
2021-12-29,2,3,62
2021-12-30,2,3,50
2021-12-31,2,3,52
2022-01-01,2,3,38
2022-01-02,2,3,43
2022-01-03,2,3,55
2022-01-04,2,3,55
2022-01-05,2,3,59
2022-01-06,2,3,59
2022-01-07,2,3,45
2022-01-08,2,3,38
2022-01-09,2,3,39
2022-01-10,2,3,54
2022-01-11,2,3,60
2022-01-12,2,3,64
2022-01-13,2,3,55
2022-01-14,2,3,44
2022-01-15,2,3,36
2022-01-16,2,3,59
2022-01-17,2,3,56
2022-01-18,2,3,61
2022-01-19,2,3,63
2022-01-20,2,3,52
2022-01-21,2,3,48
2022-01-22,2,3,54
2022-01-23,2,3,51
2022-01-24,2,3,52
2022-01-25,2,3,57
2022-01-26,2,3,62
2022-01-27,2,3,58
2022-01-28,2,3,61
2022-01-29,2,3,48
2022-01-30,2,3,46
2022-01-31,2,3,57
2022-02-01,2,3,65
2022-02-02,2,3,60
2022-02-03,2,3,63
2022-02-04,2,3,59
2022-02-05,2,3,51
2022-02-06,2,3,49
2022-02-07,2,3,56
2022-02-08,2,3,58
2022-02-09,2,3,66
2022-02-10,2,3,64
2022-02-11,2,3,52
2022-02-12,2,3,60
2022-02-13,2,3,57
2022-02-14,2,3,53
2022-02-15,2,3,59
2022-02-16,2,3,64
2022-02-17,2,3,70
2022-02-18,2,3,61
2022-02-19,2,3,60
2022-02-20,2,3,55
2022-02-21,2,3,60
2022-02-22,2,3,63
2022-02-23,2,3,71
2022-02-24,2,3,64
2022-02-25,2,3,57
2022-02-26,2,3,61
2022-02-27,2,3,55
2022-02-28,2,3,68
2022-03-01,2,3,62
2022-03-02,2,3,81
2022-03-03,2,3,65
2022-03-04,2,3,62
2022-03-05,2,3,59
2022-03-06,2,3,55
2022-03-07,2,3,67
2022-03-08,2,3,73
2022-03-09,2,3,68
2022-03-10,2,3,64
2022-03-11,2,3,60
2022-03-12,2,3,56
2022-03-13,2,3,63
2022-03-14,2,3,67
2022-03-15,2,3,70
2022-03-16,2,3,74
2022-03-17,2,3,60
2022-03-18,2,3,58
2022-03-19,2,3,58
2022-03-20,2,3,63
2022-03-21,2,3,65
2022-03-22,2,3,77
2022-03-23,2,3,76
2022-03-24,2,3,66
2022-03-25,2,3,61
2022-03-26,2,3,59
2022-03-27,2,3,57
2022-03-28,2,3,71
2022-03-29,2,3,67
2022-03-30,2,3,74
2022-03-31,2,3,71
2022-04-01,2,3,60
2022-04-02,2,3,55
2022-04-03,2,3,58
2022-04-04,2,3,68
2022-04-05,2,3,69
2022-04-06,2,3,68
2022-04-07,2,3,73
2022-04-08,2,3,63
2022-04-09,2,3,61
2022-04-10,2,3,62
2022-04-11,2,3,73
2022-04-12,2,3,75
2022-04-13,2,3,70
2022-04-14,2,3,70
2022-04-15,2,3,59
2022-04-16,2,3,55
2022-04-17,2,3,53
2022-04-18,2,3,63
2022-04-19,2,3,73
2022-04-20,2,3,72
2022-04-21,2,3,63
2022-04-22,2,3,55
2022-04-23,2,3,65
2022-04-24,2,3,59
2022-04-25,2,3,61
2022-04-26,2,3,72
2022-04-27,2,3,80
2022-04-28,2,3,69
2022-04-29,2,3,49
2022-04-30,2,3,66
2022-05-01,2,3,50
2022-05-02,2,3,62
2022-05-03,2,3,65
2022-05-04,2,3,68
2022-05-05,2,3,67
2022-05-06,2,3,51
2022-05-07,2,3,54
2022-05-08,2,3,61
2022-05-09,2,3,59
2022-05-10,2,3,63
2022-05-11,2,3,69
2022-05-12,2,3,64
2022-05-13,2,3,56
2022-05-14,2,3,49
2022-05-15,2,3,57
2022-05-16,2,3,63
2022-05-17,2,3,63
2022-05-18,2,3,65
2022-05-19,2,3,65
2022-05-20,2,3,53
2022-05-21,2,3,53
2022-05-22,2,3,60
2022-05-23,2,3,60
2022-05-24,2,3,61
2022-05-25,2,3,69
2022-05-26,2,3,62
2022-05-27,2,3,55
2022-05-28,2,3,53
2022-05-29,2,3,55
2022-05-30,2,3,58
2022-05-31,2,3,64
2022-06-01,2,3,74
2022-06-02,2,3,66
2022-06-03,2,3,57
2022-06-04,2,3,50
2022-06-05,2,3,47
2022-06-06,2,3,61
2022-06-07,2,3,63
2022-06-08,2,3,62
2022-06-09,2,3,59
2022-06-10,2,3,49
2022-06-11,2,3,52
2022-06-12,2,3,52
2022-06-13,2,3,56
2022-06-14,2,3,61
2022-06-15,2,3,60
2022-06-16,2,3,49
2022-06-17,2,3,45
2022-06-18,2,3,43
2022-06-19,2,3,44
2022-06-20,2,3,55
2022-06-21,2,3,63
2022-06-22,2,3,60
2022-06-23,2,3,62
2022-06-24,2,3,46
2022-06-25,2,3,44
2022-06-26,2,3,46
2022-06-27,2,3,56
2022-06-28,2,3,58
2022-06-29,2,3,60
2022-06-30,2,3,48
2022-07-01,2,3,44
2022-07-02,2,3,47
2022-07-03,2,3,36
2022-07-04,2,3,55
2022-07-05,2,3,58
2022-07-06,2,3,54
2022-07-07,2,3,49
2022-07-08,2,3,53
2022-07-09,2,3,47
2022-07-10,2,3,42
2022-07-11,2,3,49
2022-07-12,2,3,52
2022-07-13,2,3,56
2022-07-14,2,3,48
2022-07-15,2,3,44
2022-07-16,2,3,47
2022-07-17,2,3,40
2022-07-18,2,3,42
2022-07-19,2,3,47
2022-07-20,2,3,54
2022-07-21,2,3,46
2022-07-22,2,3,43
2022-07-23,2,3,31
2022-07-24,2,3,42
2022-07-25,2,3,41
2022-07-26,2,3,51
2022-07-27,2,3,51
2022-07-28,2,3,55
2022-07-29,2,3,41
2022-07-30,2,3,44
2022-07-31,2,3,40
2022-08-01,2,3,49
2022-08-02,2,3,49
2022-08-03,2,3,52
2022-08-04,2,3,51
2022-08-05,2,3,43
2022-08-06,2,3,37
2022-08-07,2,3,35
2022-08-08,2,3,41
2022-08-09,2,3,53
2022-08-10,2,3,55
2022-08-11,2,3,42
2022-08-12,2,3,35
2022-08-13,2,3,30
2022-08-14,2,3,38
2022-08-15,2,3,37
2022-08-16,2,3,50
2022-08-17,2,3,50
2022-08-18,2,3,41
2022-08-19,2,3,43
2022-08-20,2,3,26
2022-08-21,2,3,40
2022-08-22,2,3,41
2022-08-23,2,3,37
2022-08-24,2,3,53
2022-08-25,2,3,46
2022-08-26,2,3,34
2022-08-27,2,3,27
2022-08-28,2,3,26
2022-08-29,2,3,48
2022-08-30,2,3,41
2022-08-31,2,3,41
2022-09-01,2,3,43
2022-09-02,2,3,28
2022-09-03,2,3,26
2022-09-04,2,3,36
2022-09-05,2,3,40
2022-09-06,2,3,42
2022-09-07,2,3,45
2022-09-08,2,3,39
2022-09-09,2,3,34
2022-09-10,2,3,26
2022-09-11,2,3,29
2022-09-12,2,3,35
2022-09-13,2,3,40
2022-09-14,2,3,49
2022-09-15,2,3,43
2022-09-16,2,3,30
2022-09-17,2,3,24
2022-09-18,2,3,30
2022-09-19,2,3,45
2022-09-20,2,3,39
2022-09-21,2,3,44
2022-09-22,2,3,40
2022-09-23,2,3,33
2022-09-24,2,3,27
2022-09-25,2,3,35
2022-09-26,2,3,38
2022-09-27,2,3,46
2022-09-28,2,3,47
2022-09-29,2,3,43
2022-09-30,2,3,39
2022-10-01,2,3,34
2022-10-02,2,3,40
2022-10-03,2,3,41
2022-10-04,2,3,40
2022-10-05,2,3,48
2022-10-06,2,3,43
2022-10-07,2,3,41
2022-10-08,2,3,25
2022-10-09,2,3,33
2022-10-10,2,3,34
2022-10-11,2,3,45
2022-10-12,2,3,44
2022-10-13,2,3,42
2022-10-14,2,3,28
2022-10-15,2,3,32
2022-10-16,2,3,32
2022-10-17,2,3,38
2022-10-18,2,3,51
2022-10-19,2,3,44
2022-10-20,2,3,42
2022-10-21,2,3,34
2022-10-22,2,3,31
2022-10-23,2,3,40
2022-10-24,2,3,38
2022-10-25,2,3,42
2022-10-26,2,3,53
2022-10-27,2,3,40
2022-10-28,2,3,28
2022-10-29,2,3,28
2022-10-30,2,3,27
2022-10-31,2,3,31
2022-11-01,2,3,44
2022-11-02,2,3,46
2022-11-03,2,3,47
2022-11-04,2,3,38
2022-11-05,2,3,34
2022-11-06,2,3,30
2022-11-07,2,3,43
2022-11-08,2,3,52
2022-11-09,2,3,49
2022-11-10,2,3,45
2022-11-11,2,3,32
2022-11-12,2,3,37
2022-11-13,2,3,42
2022-11-14,2,3,42
2022-11-15,2,3,45
2022-11-16,2,3,49
2022-11-17,2,3,43
2022-11-18,2,3,37
2022-11-19,2,3,37
2022-11-20,2,3,37
2022-11-21,2,3,46
2022-11-22,2,3,50
2022-11-23,2,3,47
2022-11-24,2,3,44
2022-11-25,2,3,37
2022-11-26,2,3,35
2022-11-27,2,3,45
2022-11-28,2,3,52
2022-11-29,2,3,54
2022-11-30,2,3,53
2022-12-01,2,3,43
2022-12-02,2,3,42
2022-12-03,2,3,34
2022-12-04,2,3,46
2022-12-05,2,3,39
2022-12-06,2,3,54
2022-12-07,2,3,50
2022-12-08,2,3,50
2022-12-09,2,3,46
2022-12-10,2,3,43
2022-12-11,2,3,40
2022-12-12,2,3,50
2022-12-13,2,3,51
2022-12-14,2,3,57
2022-12-15,2,3,55
2022-12-16,2,3,46
2022-12-17,2,3,39
2022-12-18,2,3,41
2022-12-19,2,3,53
2022-12-20,2,3,51
2022-12-21,2,3,54
2022-12-22,2,3,56
2022-12-23,2,3,45
2022-12-24,2,3,37
2022-12-25,2,3,50
2022-12-26,2,3,47
2022-12-27,2,3,57
2022-12-28,2,3,57
2022-12-29,2,3,54
2022-12-30,2,3,45
2022-12-31,2,3,47
2018-01-01,2,4,44
2018-01-02,2,4,61
2018-01-03,2,4,47
2018-01-04,2,4,44
2018-01-05,2,4,51
2018-01-06,2,4,41
2018-01-07,2,4,43
2018-01-08,2,4,50
2018-01-09,2,4,57
2018-01-10,2,4,57
2018-01-11,2,4,48
2018-01-12,2,4,49
2018-01-13,2,4,44
2018-01-14,2,4,49
2018-01-15,2,4,57
2018-01-16,2,4,57
2018-01-17,2,4,53
2018-01-18,2,4,61
2018-01-19,2,4,43
2018-01-20,2,4,44
2018-01-21,2,4,44
2018-01-22,2,4,50
2018-01-23,2,4,61
2018-01-24,2,4,61
2018-01-25,2,4,58
2018-01-26,2,4,46
2018-01-27,2,4,44
2018-01-28,2,4,44
2018-01-29,2,4,52
2018-01-30,2,4,59
2018-01-31,2,4,69
2018-02-01,2,4,56
2018-02-02,2,4,42
2018-02-03,2,4,52
2018-02-04,2,4,50
2018-02-05,2,4,54
2018-02-06,2,4,59
2018-02-07,2,4,59
2018-02-08,2,4,67
2018-02-09,2,4,52
2018-02-10,2,4,41
2018-02-11,2,4,51
2018-02-12,2,4,61
2018-02-13,2,4,63
2018-02-14,2,4,61
2018-02-15,2,4,56
2018-02-16,2,4,50
2018-02-17,2,4,55
2018-02-18,2,4,51
2018-02-19,2,4,51
2018-02-20,2,4,66
2018-02-21,2,4,66
2018-02-22,2,4,60
2018-02-23,2,4,51
2018-02-24,2,4,46
2018-02-25,2,4,57
2018-02-26,2,4,60
2018-02-27,2,4,67
2018-02-28,2,4,68
2018-03-01,2,4,64
2018-03-02,2,4,54
2018-03-03,2,4,51
2018-03-04,2,4,58
2018-03-05,2,4,65
2018-03-06,2,4,61
2018-03-07,2,4,67
2018-03-08,2,4,67
2018-03-09,2,4,64
2018-03-10,2,4,60
2018-03-11,2,4,51
2018-03-12,2,4,66
2018-03-13,2,4,67
2018-03-14,2,4,73
2018-03-15,2,4,67
2018-03-16,2,4,52
2018-03-17,2,4,55
2018-03-18,2,4,59
2018-03-19,2,4,61
2018-03-20,2,4,66
2018-03-21,2,4,63
2018-03-22,2,4,67
2018-03-23,2,4,59
2018-03-24,2,4,50
2018-03-25,2,4,54
2018-03-26,2,4,62
2018-03-27,2,4,65
2018-03-28,2,4,69
2018-03-29,2,4,58
2018-03-30,2,4,63
2018-03-31,2,4,54
2018-04-01,2,4,51
2018-04-02,2,4,52
2018-04-03,2,4,72
2018-04-04,2,4,72
2018-04-05,2,4,66
2018-04-06,2,4,62
2018-04-07,2,4,57
2018-04-08,2,4,56
2018-04-09,2,4,60
2018-04-10,2,4,66
2018-04-11,2,4,71
2018-04-12,2,4,70
2018-04-13,2,4,57
2018-04-14,2,4,59
2018-04-15,2,4,57
2018-04-16,2,4,63
2018-04-17,2,4,77
2018-04-18,2,4,76
2018-04-19,2,4,71
2018-04-20,2,4,54
2018-04-21,2,4,62
2018-04-22,2,4,54
2018-04-23,2,4,60
2018-04-24,2,4,58
2018-04-25,2,4,70
2018-04-26,2,4,60
2018-04-27,2,4,59
2018-04-28,2,4,48
2018-04-29,2,4,61
2018-04-30,2,4,62
2018-05-01,2,4,75
2018-05-02,2,4,64
2018-05-03,2,4,69
2018-05-04,2,4,49
2018-05-05,2,4,52
2018-05-06,2,4,51
2018-05-07,2,4,57
2018-05-08,2,4,63
2018-05-09,2,4,63
2018-05-10,2,4,57
2018-05-11,2,4,53
2018-05-12,2,4,51
2018-05-13,2,4,57
2018-05-14,2,4,59
2018-05-15,2,4,69
2018-05-16,2,4,60
2018-05-17,2,4,59
2018-05-18,2,4,57
2018-05-19,2,4,51
2018-05-20,2,4,47
2018-05-21,2,4,61
2018-05-22,2,4,61
2018-05-23,2,4,61
2018-05-24,2,4,62
2018-05-25,2,4,53
2018-05-26,2,4,46
2018-05-27,2,4,47
2018-05-28,2,4,51
2018-05-29,2,4,60
2018-05-30,2,4,67
2018-05-31,2,4,59
2018-06-01,2,4,55
2018-06-02,2,4,49
2018-06-03,2,4,46
2018-06-04,2,4,47
2018-06-05,2,4,56
2018-06-06,2,4,59
2018-06-07,2,4,54
2018-06-08,2,4,54
2018-06-09,2,4,49
2018-06-10,2,4,55
2018-06-11,2,4,49
2018-06-12,2,4,65
2018-06-13,2,4,66
2018-06-14,2,4,54
2018-06-15,2,4,50
2018-06-16,2,4,48
2018-06-17,2,4,45
2018-06-18,2,4,50
2018-06-19,2,4,54
2018-06-20,2,4,49
2018-06-21,2,4,54
2018-06-22,2,4,44
2018-06-23,2,4,37
2018-06-24,2,4,45
2018-06-25,2,4,43
2018-06-26,2,4,58
2018-06-27,2,4,58
2018-06-28,2,4,50
2018-06-29,2,4,44
2018-06-30,2,4,35
2018-07-01,2,4,44
2018-07-02,2,4,48
2018-07-03,2,4,54
2018-07-04,2,4,57
2018-07-05,2,4,47
2018-07-06,2,4,37
2018-07-07,2,4,42
2018-07-08,2,4,42
2018-07-09,2,4,43
2018-07-10,2,4,53
2018-07-11,2,4,58
2018-07-12,2,4,53
2018-07-13,2,4,39
2018-07-14,2,4,31
2018-07-15,2,4,33
2018-07-16,2,4,43
2018-07-17,2,4,56
2018-07-18,2,4,48
2018-07-19,2,4,44
2018-07-20,2,4,37
2018-07-21,2,4,33
2018-07-22,2,4,36
2018-07-23,2,4,37
2018-07-24,2,4,53
2018-07-25,2,4,49
2018-07-26,2,4,55
2018-07-27,2,4,33
2018-07-28,2,4,40
2018-07-29,2,4,40
2018-07-30,2,4,39
2018-07-31,2,4,45
2018-08-01,2,4,44
2018-08-02,2,4,40
2018-08-03,2,4,36
2018-08-04,2,4,32
2018-08-05,2,4,27
2018-08-06,2,4,48
2018-08-07,2,4,44
2018-08-08,2,4,47
2018-08-09,2,4,40
2018-08-10,2,4,34
2018-08-11,2,4,29
2018-08-12,2,4,32
2018-08-13,2,4,38
2018-08-14,2,4,47
2018-08-15,2,4,46
2018-08-16,2,4,44
2018-08-17,2,4,34
2018-08-18,2,4,30
2018-08-19,2,4,30
2018-08-20,2,4,41
2018-08-21,2,4,44
2018-08-22,2,4,44
2018-08-23,2,4,39
2018-08-24,2,4,32
2018-08-25,2,4,28
2018-08-26,2,4,29
2018-08-27,2,4,33
2018-08-28,2,4,45
2018-08-29,2,4,46
2018-08-30,2,4,46
2018-08-31,2,4,29
2018-09-01,2,4,30
2018-09-02,2,4,21
2018-09-03,2,4,38
2018-09-04,2,4,35
2018-09-05,2,4,38
2018-09-06,2,4,39
2018-09-07,2,4,28
2018-09-08,2,4,23
2018-09-09,2,4,26
2018-09-10,2,4,37
2018-09-11,2,4,37
2018-09-12,2,4,42
2018-09-13,2,4,36
2018-09-14,2,4,34
2018-09-15,2,4,29
2018-09-16,2,4,20
2018-09-17,2,4,38
2018-09-18,2,4,37
2018-09-19,2,4,42
2018-09-20,2,4,33
2018-09-21,2,4,31
2018-09-22,2,4,36
2018-09-23,2,4,28
2018-09-24,2,4,32
2018-09-25,2,4,39
2018-09-26,2,4,35
2018-09-27,2,4,43
2018-09-28,2,4,31
2018-09-29,2,4,21
2018-09-30,2,4,23
2018-10-01,2,4,33
2018-10-02,2,4,43
2018-10-03,2,4,37
2018-10-04,2,4,41
2018-10-05,2,4,30
2018-10-06,2,4,22
2018-10-07,2,4,25
2018-10-08,2,4,41
2018-10-09,2,4,34
2018-10-10,2,4,39
2018-10-11,2,4,41
2018-10-12,2,4,31
2018-10-13,2,4,23
2018-10-14,2,4,31
2018-10-15,2,4,38
2018-10-16,2,4,42
2018-10-17,2,4,39
2018-10-18,2,4,36
2018-10-19,2,4,32
2018-10-20,2,4,21
2018-10-21,2,4,34
2018-10-22,2,4,41
2018-10-23,2,4,40
2018-10-24,2,4,44
2018-10-25,2,4,43
2018-10-26,2,4,39
2018-10-27,2,4,34
2018-10-28,2,4,22
2018-10-29,2,4,34
2018-10-30,2,4,44
2018-10-31,2,4,41
2018-11-01,2,4,46
2018-11-02,2,4,39
2018-11-03,2,4,25
2018-11-04,2,4,29
2018-11-05,2,4,33
2018-11-06,2,4,42
2018-11-07,2,4,44
2018-11-08,2,4,44
2018-11-09,2,4,30
2018-11-10,2,4,19
2018-11-11,2,4,25
2018-11-12,2,4,33
2018-11-13,2,4,41
2018-11-14,2,4,46
2018-11-15,2,4,37
2018-11-16,2,4,30
2018-11-17,2,4,27
2018-11-18,2,4,28
2018-11-19,2,4,37
2018-11-20,2,4,43
2018-11-21,2,4,50
2018-11-22,2,4,39
2018-11-23,2,4,35
2018-11-24,2,4,30
2018-11-25,2,4,37
2018-11-26,2,4,40
2018-11-27,2,4,51
2018-11-28,2,4,44
2018-11-29,2,4,44
2018-11-30,2,4,36
2018-12-01,2,4,29
2018-12-02,2,4,35
2018-12-03,2,4,49
2018-12-04,2,4,45
2018-12-05,2,4,50
2018-12-06,2,4,41
2018-12-07,2,4,34
2018-12-08,2,4,32
2018-12-09,2,4,35
2018-12-10,2,4,42
2018-12-11,2,4,49
2018-12-12,2,4,45
2018-12-13,2,4,45
2018-12-14,2,4,43
2018-12-15,2,4,32
2018-12-16,2,4,38
2018-12-17,2,4,47
2018-12-18,2,4,49
2018-12-19,2,4,55
2018-12-20,2,4,44
2018-12-21,2,4,47
2018-12-22,2,4,41
2018-12-23,2,4,41
2018-12-24,2,4,52
2018-12-25,2,4,53
2018-12-26,2,4,53
2018-12-27,2,4,57
2018-12-28,2,4,52
2018-12-29,2,4,38
2018-12-30,2,4,42
2018-12-31,2,4,53
2019-01-01,2,4,55
2019-01-02,2,4,60
2019-01-03,2,4,57
2019-01-04,2,4,45
2019-01-05,2,4,44
2019-01-06,2,4,45
2019-01-07,2,4,46
2019-01-08,2,4,54
2019-01-09,2,4,57
2019-01-10,2,4,59
2019-01-11,2,4,53
2019-01-12,2,4,48
2019-01-13,2,4,48
2019-01-14,2,4,55
2019-01-15,2,4,61
2019-01-16,2,4,63
2019-01-17,2,4,59
2019-01-18,2,4,45
2019-01-19,2,4,43
2019-01-20,2,4,44
2019-01-21,2,4,59
2019-01-22,2,4,68
2019-01-23,2,4,54
2019-01-24,2,4,65
2019-01-25,2,4,53
2019-01-26,2,4,52
2019-01-27,2,4,52
2019-01-28,2,4,62
2019-01-29,2,4,64
2019-01-30,2,4,59
2019-01-31,2,4,60
2019-02-01,2,4,56
2019-02-02,2,4,49
2019-02-03,2,4,54
2019-02-04,2,4,58
2019-02-05,2,4,62
2019-02-06,2,4,62
2019-02-07,2,4,61
2019-02-08,2,4,56
2019-02-09,2,4,44
2019-02-10,2,4,50
2019-02-11,2,4,52
2019-02-12,2,4,64
2019-02-13,2,4,73
2019-02-14,2,4,59
2019-02-15,2,4,60
2019-02-16,2,4,64
2019-02-17,2,4,60
2019-02-18,2,4,61
2019-02-19,2,4,71
2019-02-20,2,4,64
2019-02-21,2,4,59
2019-02-22,2,4,58
2019-02-23,2,4,56
2019-02-24,2,4,60
2019-02-25,2,4,60
2019-02-26,2,4,69
2019-02-27,2,4,71
2019-02-28,2,4,66
2019-03-01,2,4,59
2019-03-02,2,4,52
2019-03-03,2,4,58
2019-03-04,2,4,64
2019-03-05,2,4,68
2019-03-06,2,4,74
2019-03-07,2,4,71
2019-03-08,2,4,63
2019-03-09,2,4,52
2019-03-10,2,4,58
2019-03-11,2,4,60
2019-03-12,2,4,71
2019-03-13,2,4,68
2019-03-14,2,4,73
2019-03-15,2,4,64
2019-03-16,2,4,61
2019-03-17,2,4,62
2019-03-18,2,4,63
2019-03-19,2,4,69
2019-03-20,2,4,79
2019-03-21,2,4,68
2019-03-22,2,4,56
2019-03-23,2,4,61
2019-03-24,2,4,59
2019-03-25,2,4,71
2019-03-26,2,4,72
2019-03-27,2,4,73
2019-03-28,2,4,75
2019-03-29,2,4,55
2019-03-30,2,4,55
2019-03-31,2,4,55
2019-04-01,2,4,56
2019-04-02,2,4,75
2019-04-03,2,4,71
2019-04-04,2,4,72
2019-04-05,2,4,63
2019-04-06,2,4,60
2019-04-07,2,4,57
2019-04-08,2,4,62
2019-04-09,2,4,72
2019-04-10,2,4,77
2019-04-11,2,4,68
2019-04-12,2,4,59
2019-04-13,2,4,52
2019-04-14,2,4,59
2019-04-15,2,4,63
2019-04-16,2,4,71
2019-04-17,2,4,72
2019-04-18,2,4,66
2019-04-19,2,4,62
2019-04-20,2,4,59
2019-04-21,2,4,66
2019-04-22,2,4,67
2019-04-23,2,4,77
2019-04-24,2,4,69
2019-04-25,2,4,61
2019-04-26,2,4,61
2019-04-27,2,4,60
2019-04-28,2,4,60
2019-04-29,2,4,69
2019-04-30,2,4,60
2019-05-01,2,4,76
2019-05-02,2,4,68
2019-05-03,2,4,54
2019-05-04,2,4,58
2019-05-05,2,4,57
2019-05-06,2,4,64
2019-05-07,2,4,73
2019-05-08,2,4,72
2019-05-09,2,4,60
2019-05-10,2,4,58
2019-05-11,2,4,48
2019-05-12,2,4,58
2019-05-13,2,4,67
2019-05-14,2,4,63
2019-05-15,2,4,67
2019-05-16,2,4,61
2019-05-17,2,4,56
2019-05-18,2,4,55
2019-05-19,2,4,53
2019-05-20,2,4,63
2019-05-21,2,4,71
2019-05-22,2,4,72
2019-05-23,2,4,59
2019-05-24,2,4,62
2019-05-25,2,4,58
2019-05-26,2,4,59
2019-05-27,2,4,59
2019-05-28,2,4,62
2019-05-29,2,4,63
2019-05-30,2,4,58
2019-05-31,2,4,55
2019-06-01,2,4,54
2019-06-02,2,4,57
2019-06-03,2,4,56
2019-06-04,2,4,64
2019-06-05,2,4,65
2019-06-06,2,4,58
2019-06-07,2,4,56
2019-06-08,2,4,50
2019-06-09,2,4,51
2019-06-10,2,4,58
2019-06-11,2,4,65
2019-06-12,2,4,66
2019-06-13,2,4,56
2019-06-14,2,4,55
2019-06-15,2,4,48
2019-06-16,2,4,47
2019-06-17,2,4,56
2019-06-18,2,4,62
2019-06-19,2,4,66
2019-06-20,2,4,53
2019-06-21,2,4,55
2019-06-22,2,4,46
2019-06-23,2,4,45
2019-06-24,2,4,51
2019-06-25,2,4,55
2019-06-26,2,4,53
2019-06-27,2,4,58
2019-06-28,2,4,56
2019-06-29,2,4,37
2019-06-30,2,4,41
2019-07-01,2,4,54
2019-07-02,2,4,57
2019-07-03,2,4,62
2019-07-04,2,4,53
2019-07-05,2,4,44
2019-07-06,2,4,41
2019-07-07,2,4,34
2019-07-08,2,4,45
2019-07-09,2,4,59
2019-07-10,2,4,62
2019-07-11,2,4,58
2019-07-12,2,4,47
2019-07-13,2,4,31
2019-07-14,2,4,39
2019-07-15,2,4,53
2019-07-16,2,4,60
2019-07-17,2,4,60
2019-07-18,2,4,50
2019-07-19,2,4,38
2019-07-20,2,4,39
2019-07-21,2,4,40
2019-07-22,2,4,52
2019-07-23,2,4,53
2019-07-24,2,4,53
2019-07-25,2,4,49
2019-07-26,2,4,43
2019-07-27,2,4,40
2019-07-28,2,4,36
2019-07-29,2,4,40
2019-07-30,2,4,56
2019-07-31,2,4,45
2019-08-01,2,4,54
2019-08-02,2,4,33
2019-08-03,2,4,33
2019-08-04,2,4,41
2019-08-05,2,4,43
2019-08-06,2,4,44
2019-08-07,2,4,52
2019-08-08,2,4,46
2019-08-09,2,4,38
2019-08-10,2,4,32
2019-08-11,2,4,35
2019-08-12,2,4,39
2019-08-13,2,4,57
2019-08-14,2,4,48
2019-08-15,2,4,43
2019-08-16,2,4,35
2019-08-17,2,4,40
2019-08-18,2,4,28
2019-08-19,2,4,42
2019-08-20,2,4,46
2019-08-21,2,4,42
2019-08-22,2,4,40
2019-08-23,2,4,38
2019-08-24,2,4,28
2019-08-25,2,4,34
2019-08-26,2,4,46
2019-08-27,2,4,46
2019-08-28,2,4,41
2019-08-29,2,4,39
2019-08-30,2,4,34
2019-08-31,2,4,29
2019-09-01,2,4,33
2019-09-02,2,4,40
2019-09-03,2,4,52
2019-09-04,2,4,46
2019-09-05,2,4,37
2019-09-06,2,4,39
2019-09-07,2,4,35
2019-09-08,2,4,33
2019-09-09,2,4,37
2019-09-10,2,4,46
2019-09-11,2,4,45
2019-09-12,2,4,33
2019-09-13,2,4,36
2019-09-14,2,4,33
2019-09-15,2,4,37
2019-09-16,2,4,34
2019-09-17,2,4,44
2019-09-18,2,4,46
2019-09-19,2,4,41
2019-09-20,2,4,34
2019-09-21,2,4,29
2019-09-22,2,4,32
2019-09-23,2,4,40
2019-09-24,2,4,48
2019-09-25,2,4,42
2019-09-26,2,4,40
2019-09-27,2,4,32
2019-09-28,2,4,27
2019-09-29,2,4,24
2019-09-30,2,4,37
2019-10-01,2,4,45
2019-10-02,2,4,44
2019-10-03,2,4,40
2019-10-04,2,4,35
2019-10-05,2,4,35
2019-10-06,2,4,29
2019-10-07,2,4,32
2019-10-08,2,4,43
2019-10-09,2,4,53
2019-10-10,2,4,36
2019-10-11,2,4,36
2019-10-12,2,4,34
2019-10-13,2,4,22
2019-10-14,2,4,39
2019-10-15,2,4,46
2019-10-16,2,4,44
2019-10-17,2,4,39
2019-10-18,2,4,32
2019-10-19,2,4,29
2019-10-20,2,4,30
2019-10-21,2,4,36
2019-10-22,2,4,43
2019-10-23,2,4,51
2019-10-24,2,4,37
2019-10-25,2,4,28
2019-10-26,2,4,36
2019-10-27,2,4,32
2019-10-28,2,4,37
2019-10-29,2,4,45
2019-10-30,2,4,48
2019-10-31,2,4,41
2019-11-01,2,4,38
2019-11-02,2,4,28
2019-11-03,2,4,32
2019-11-04,2,4,31
2019-11-05,2,4,51
2019-11-06,2,4,47
2019-11-07,2,4,46
2019-11-08,2,4,39
2019-11-09,2,4,35
2019-11-10,2,4,35
2019-11-11,2,4,43
2019-11-12,2,4,44
2019-11-13,2,4,44
2019-11-14,2,4,45
2019-11-15,2,4,36
2019-11-16,2,4,40
2019-11-17,2,4,37
2019-11-18,2,4,39
2019-11-19,2,4,48
2019-11-20,2,4,51
2019-11-21,2,4,46
2019-11-22,2,4,41
2019-11-23,2,4,36
2019-11-24,2,4,32
2019-11-25,2,4,35
2019-11-26,2,4,49
2019-11-27,2,4,54
2019-11-28,2,4,46
2019-11-29,2,4,46
2019-11-30,2,4,37
2019-12-01,2,4,44
2019-12-02,2,4,50
2019-12-03,2,4,56
2019-12-04,2,4,49
2019-12-05,2,4,50
2019-12-06,2,4,48
2019-12-07,2,4,40
2019-12-08,2,4,43
2019-12-09,2,4,42
2019-12-10,2,4,61
2019-12-11,2,4,52
2019-12-12,2,4,43
2019-12-13,2,4,43
2019-12-14,2,4,31
2019-12-15,2,4,38
2019-12-16,2,4,59
2019-12-17,2,4,54
2019-12-18,2,4,51
2019-12-19,2,4,53
2019-12-20,2,4,43
2019-12-21,2,4,46
2019-12-22,2,4,41
2019-12-23,2,4,52
2019-12-24,2,4,53
2019-12-25,2,4,69
2019-12-26,2,4,57
2019-12-27,2,4,48
2019-12-28,2,4,43
2019-12-29,2,4,44
2019-12-30,2,4,50
2019-12-31,2,4,56
2020-01-01,2,4,68
2020-01-02,2,4,55
2020-01-03,2,4,42
2020-01-04,2,4,41
2020-01-05,2,4,52
2020-01-06,2,4,53
2020-01-07,2,4,60
2020-01-08,2,4,67
2020-01-09,2,4,56
2020-01-10,2,4,55
2020-01-11,2,4,45
2020-01-12,2,4,52
2020-01-13,2,4,55
2020-01-14,2,4,62
2020-01-15,2,4,68
2020-01-16,2,4,64
2020-01-17,2,4,53
2020-01-18,2,4,48
2020-01-19,2,4,58
2020-01-20,2,4,60
2020-01-21,2,4,63
2020-01-22,2,4,64
2020-01-23,2,4,66
2020-01-24,2,4,56
2020-01-25,2,4,51
2020-01-26,2,4,54
2020-01-27,2,4,61
2020-01-28,2,4,66
2020-01-29,2,4,73
2020-01-30,2,4,69
2020-01-31,2,4,59
2020-02-01,2,4,59
2020-02-02,2,4,55
2020-02-03,2,4,64
2020-02-04,2,4,72
2020-02-05,2,4,74
2020-02-06,2,4,69
2020-02-07,2,4,61
2020-02-08,2,4,63
2020-02-09,2,4,54
2020-02-10,2,4,62
2020-02-11,2,4,69
2020-02-12,2,4,70
2020-02-13,2,4,59
2020-02-14,2,4,66
2020-02-15,2,4,52
2020-02-16,2,4,59
2020-02-17,2,4,59
2020-02-18,2,4,73
2020-02-19,2,4,69
2020-02-20,2,4,64
2020-02-21,2,4,62
2020-02-22,2,4,55
2020-02-23,2,4,57
2020-02-24,2,4,66
2020-02-25,2,4,75
2020-02-26,2,4,70
2020-02-27,2,4,66
2020-02-28,2,4,63
2020-02-29,2,4,61
2020-03-01,2,4,66
2020-03-02,2,4,62
2020-03-03,2,4,72
2020-03-04,2,4,79
2020-03-05,2,4,78
2020-03-06,2,4,60
2020-03-07,2,4,56
2020-03-08,2,4,63
2020-03-09,2,4,65
2020-03-10,2,4,71
2020-03-11,2,4,76
2020-03-12,2,4,77
2020-03-13,2,4,59
2020-03-14,2,4,66
2020-03-15,2,4,59
2020-03-16,2,4,69
2020-03-17,2,4,81
2020-03-18,2,4,77
2020-03-19,2,4,71
2020-03-20,2,4,68
2020-03-21,2,4,60
2020-03-22,2,4,64
2020-03-23,2,4,68
2020-03-24,2,4,78
2020-03-25,2,4,71
2020-03-26,2,4,68
2020-03-27,2,4,60
2020-03-28,2,4,61
2020-03-29,2,4,56
2020-03-30,2,4,66
2020-03-31,2,4,71
2020-04-01,2,4,82
2020-04-02,2,4,68
2020-04-03,2,4,60
2020-04-04,2,4,62
2020-04-05,2,4,69
2020-04-06,2,4,68
2020-04-07,2,4,75
2020-04-08,2,4,82
2020-04-09,2,4,76
2020-04-10,2,4,67
2020-04-11,2,4,58
2020-04-12,2,4,64
2020-04-13,2,4,63
2020-04-14,2,4,72
2020-04-15,2,4,82
2020-04-16,2,4,77
2020-04-17,2,4,67
2020-04-18,2,4,53
2020-04-19,2,4,57
2020-04-20,2,4,65
2020-04-21,2,4,74
2020-04-22,2,4,71
2020-04-23,2,4,70
2020-04-24,2,4,71
2020-04-25,2,4,61
2020-04-26,2,4,62
2020-04-27,2,4,63
2020-04-28,2,4,67
2020-04-29,2,4,70
2020-04-30,2,4,64
2020-05-01,2,4,64
2020-05-02,2,4,61
2020-05-03,2,4,57
2020-05-04,2,4,67
2020-05-05,2,4,79
2020-05-06,2,4,82
2020-05-07,2,4,73
2020-05-08,2,4,62
2020-05-09,2,4,61
2020-05-10,2,4,65
2020-05-11,2,4,58
2020-05-12,2,4,78
2020-05-13,2,4,71
2020-05-14,2,4,66
2020-05-15,2,4,60
2020-05-16,2,4,58
2020-05-17,2,4,54
2020-05-18,2,4,63
2020-05-19,2,4,73
2020-05-20,2,4,73
2020-05-21,2,4,69
2020-05-22,2,4,59
2020-05-23,2,4,58
2020-05-24,2,4,61
2020-05-25,2,4,67
2020-05-26,2,4,71
2020-05-27,2,4,74
2020-05-28,2,4,69
2020-05-29,2,4,70
2020-05-30,2,4,59
2020-05-31,2,4,55
2020-06-01,2,4,58
2020-06-02,2,4,67
2020-06-03,2,4,68
2020-06-04,2,4,66
2020-06-05,2,4,54
2020-06-06,2,4,58
2020-06-07,2,4,48
2020-06-08,2,4,54
2020-06-09,2,4,66
2020-06-10,2,4,64
2020-06-11,2,4,58
2020-06-12,2,4,53
2020-06-13,2,4,48
2020-06-14,2,4,52
2020-06-15,2,4,56
2020-06-16,2,4,62
2020-06-17,2,4,66
2020-06-18,2,4,65
2020-06-19,2,4,60
2020-06-20,2,4,50
2020-06-21,2,4,52
2020-06-22,2,4,56
2020-06-23,2,4,65
2020-06-24,2,4,66
2020-06-25,2,4,65
2020-06-26,2,4,45
2020-06-27,2,4,47
2020-06-28,2,4,50
2020-06-29,2,4,55
2020-06-30,2,4,57
2020-07-01,2,4,57
2020-07-02,2,4,61
2020-07-03,2,4,48
2020-07-04,2,4,39
2020-07-05,2,4,51
2020-07-06,2,4,55
2020-07-07,2,4,59
2020-07-08,2,4,57
2020-07-09,2,4,56
2020-07-10,2,4,54
2020-07-11,2,4,38
2020-07-12,2,4,39
2020-07-13,2,4,49
2020-07-14,2,4,57
2020-07-15,2,4,57
2020-07-16,2,4,57
2020-07-17,2,4,51
2020-07-18,2,4,44
2020-07-19,2,4,46
2020-07-20,2,4,51
2020-07-21,2,4,56
2020-07-22,2,4,52
2020-07-23,2,4,49
2020-07-24,2,4,40
2020-07-25,2,4,40
2020-07-26,2,4,43
2020-07-27,2,4,42
2020-07-28,2,4,55
2020-07-29,2,4,52
2020-07-30,2,4,47
2020-07-31,2,4,41
2020-08-01,2,4,35
2020-08-02,2,4,43
2020-08-03,2,4,46
2020-08-04,2,4,56
2020-08-05,2,4,52
2020-08-06,2,4,48
2020-08-07,2,4,50
2020-08-08,2,4,31
2020-08-09,2,4,44
2020-08-10,2,4,52
2020-08-11,2,4,55
2020-08-12,2,4,52
2020-08-13,2,4,54
2020-08-14,2,4,40
2020-08-15,2,4,34
2020-08-16,2,4,37
2020-08-17,2,4,42
2020-08-18,2,4,46
2020-08-19,2,4,56
2020-08-20,2,4,44
2020-08-21,2,4,40
2020-08-22,2,4,30
2020-08-23,2,4,37
2020-08-24,2,4,38
2020-08-25,2,4,44
2020-08-26,2,4,50
2020-08-27,2,4,50
2020-08-28,2,4,41
2020-08-29,2,4,37
2020-08-30,2,4,36
2020-08-31,2,4,41
2020-09-01,2,4,51
2020-09-02,2,4,47
2020-09-03,2,4,49
2020-09-04,2,4,43
2020-09-05,2,4,30
2020-09-06,2,4,32
2020-09-07,2,4,39
2020-09-08,2,4,42
2020-09-09,2,4,47
2020-09-10,2,4,50
2020-09-11,2,4,33
2020-09-12,2,4,39
2020-09-13,2,4,33
2020-09-14,2,4,49
2020-09-15,2,4,44
2020-09-16,2,4,48
2020-09-17,2,4,41
2020-09-18,2,4,34
2020-09-19,2,4,38
2020-09-20,2,4,36
2020-09-21,2,4,45
2020-09-22,2,4,42
2020-09-23,2,4,51
2020-09-24,2,4,40
2020-09-25,2,4,32
2020-09-26,2,4,34
2020-09-27,2,4,35
2020-09-28,2,4,41
2020-09-29,2,4,50
2020-09-30,2,4,52
2020-10-01,2,4,50
2020-10-02,2,4,32
2020-10-03,2,4,39
2020-10-04,2,4,42
2020-10-05,2,4,39
2020-10-06,2,4,40
2020-10-07,2,4,43
2020-10-08,2,4,42
2020-10-09,2,4,45
2020-10-10,2,4,33
2020-10-11,2,4,32
2020-10-12,2,4,38
2020-10-13,2,4,42
2020-10-14,2,4,52
2020-10-15,2,4,44
2020-10-16,2,4,46
2020-10-17,2,4,36
2020-10-18,2,4,39
2020-10-19,2,4,41
2020-10-20,2,4,44
2020-10-21,2,4,46
2020-10-22,2,4,40
2020-10-23,2,4,42
2020-10-24,2,4,33
2020-10-25,2,4,40
2020-10-26,2,4,43
2020-10-27,2,4,47
2020-10-28,2,4,46
2020-10-29,2,4,47
2020-10-30,2,4,38
2020-10-31,2,4,39
2020-11-01,2,4,34
2020-11-02,2,4,46
2020-11-03,2,4,56
2020-11-04,2,4,52
2020-11-05,2,4,50
2020-11-06,2,4,43
2020-11-07,2,4,44
2020-11-08,2,4,39
2020-11-09,2,4,47
2020-11-10,2,4,51
2020-11-11,2,4,49
2020-11-12,2,4,44
2020-11-13,2,4,47
2020-11-14,2,4,33
2020-11-15,2,4,42
2020-11-16,2,4,47
2020-11-17,2,4,56
2020-11-18,2,4,52
2020-11-19,2,4,47
2020-11-20,2,4,45
2020-11-21,2,4,38
2020-11-22,2,4,36
2020-11-23,2,4,55
2020-11-24,2,4,50
2020-11-25,2,4,51
2020-11-26,2,4,50
2020-11-27,2,4,50
2020-11-28,2,4,32
2020-11-29,2,4,47
2020-11-30,2,4,45
2020-12-01,2,4,56
2020-12-02,2,4,54
2020-12-03,2,4,61
2020-12-04,2,4,47
2020-12-05,2,4,39
2020-12-06,2,4,43
2020-12-07,2,4,51
2020-12-08,2,4,58
2020-12-09,2,4,60
2020-12-10,2,4,55
2020-12-11,2,4,42
2020-12-12,2,4,43
2020-12-13,2,4,48
2020-12-14,2,4,50
2020-12-15,2,4,61
2020-12-16,2,4,61
2020-12-17,2,4,56
2020-12-18,2,4,55
2020-12-19,2,4,39
2020-12-20,2,4,45
2020-12-21,2,4,59
2020-12-22,2,4,68
2020-12-23,2,4,71
2020-12-24,2,4,58
2020-12-25,2,4,53
2020-12-26,2,4,51
2020-12-27,2,4,54
2020-12-28,2,4,57
2020-12-29,2,4,66
2020-12-30,2,4,66
2020-12-31,2,4,62
2021-01-01,2,4,50
2021-01-02,2,4,48
2021-01-03,2,4,49
2021-01-04,2,4,53
2021-01-05,2,4,57
2021-01-06,2,4,64
2021-01-07,2,4,61
2021-01-08,2,4,56
2021-01-09,2,4,53
2021-01-10,2,4,54
2021-01-11,2,4,58
2021-01-12,2,4,62
2021-01-13,2,4,71
2021-01-14,2,4,63
2021-01-15,2,4,55
2021-01-16,2,4,52
2021-01-17,2,4,52
2021-01-18,2,4,59
2021-01-19,2,4,65
2021-01-20,2,4,68
2021-01-21,2,4,68
2021-01-22,2,4,60
2021-01-23,2,4,61
2021-01-24,2,4,61
2021-01-25,2,4,71
2021-01-26,2,4,72
2021-01-27,2,4,73
2021-01-28,2,4,65
2021-01-29,2,4,64
2021-01-30,2,4,54
2021-01-31,2,4,52
2021-02-01,2,4,71
2021-02-02,2,4,66
2021-02-03,2,4,75
2021-02-04,2,4,65
2021-02-05,2,4,67
2021-02-06,2,4,63
2021-02-07,2,4,62
2021-02-08,2,4,71
2021-02-09,2,4,73
2021-02-10,2,4,83
2021-02-11,2,4,73
2021-02-12,2,4,60
2021-02-13,2,4,60
2021-02-14,2,4,61
2021-02-15,2,4,67
2021-02-16,2,4,67
2021-02-17,2,4,77
2021-02-18,2,4,66
2021-02-19,2,4,55
2021-02-20,2,4,59
2021-02-21,2,4,59
2021-02-22,2,4,65
2021-02-23,2,4,63
2021-02-24,2,4,74
2021-02-25,2,4,72
2021-02-26,2,4,63
2021-02-27,2,4,63
2021-02-28,2,4,69
2021-03-01,2,4,72
2021-03-02,2,4,80
2021-03-03,2,4,82
2021-03-04,2,4,70
2021-03-05,2,4,69
2021-03-06,2,4,67
2021-03-07,2,4,63
2021-03-08,2,4,68
2021-03-09,2,4,79
2021-03-10,2,4,73
2021-03-11,2,4,70
2021-03-12,2,4,65
2021-03-13,2,4,65
2021-03-14,2,4,66
2021-03-15,2,4,76
2021-03-16,2,4,74
2021-03-17,2,4,76
2021-03-18,2,4,77
2021-03-19,2,4,65
2021-03-20,2,4,62
2021-03-21,2,4,58
2021-03-22,2,4,73
2021-03-23,2,4,84
2021-03-24,2,4,76
2021-03-25,2,4,80
2021-03-26,2,4,68
2021-03-27,2,4,57
2021-03-28,2,4,62
2021-03-29,2,4,68
2021-03-30,2,4,77
2021-03-31,2,4,82
2021-04-01,2,4,83
2021-04-02,2,4,63
2021-04-03,2,4,63
2021-04-04,2,4,63
2021-04-05,2,4,67
2021-04-06,2,4,79
2021-04-07,2,4,80
2021-04-08,2,4,69
2021-04-09,2,4,69
2021-04-10,2,4,60
2021-04-11,2,4,66
2021-04-12,2,4,77
2021-04-13,2,4,80
2021-04-14,2,4,81
2021-04-15,2,4,73
2021-04-16,2,4,69
2021-04-17,2,4,66
2021-04-18,2,4,67
2021-04-19,2,4,71
2021-04-20,2,4,79
2021-04-21,2,4,74
2021-04-22,2,4,72
2021-04-23,2,4,71
2021-04-24,2,4,67
2021-04-25,2,4,65
2021-04-26,2,4,77
2021-04-27,2,4,79
2021-04-28,2,4,78
2021-04-29,2,4,70
2021-04-30,2,4,73
2021-05-01,2,4,66
2021-05-02,2,4,72
2021-05-03,2,4,79
2021-05-04,2,4,71
2021-05-05,2,4,73
2021-05-06,2,4,62
2021-05-07,2,4,70
2021-05-08,2,4,65
2021-05-09,2,4,64
2021-05-10,2,4,65
2021-05-11,2,4,75
2021-05-12,2,4,78
2021-05-13,2,4,76
2021-05-14,2,4,66
2021-05-15,2,4,64
2021-05-16,2,4,62
2021-05-17,2,4,73
2021-05-18,2,4,77
2021-05-19,2,4,71
2021-05-20,2,4,77
2021-05-21,2,4,69
2021-05-22,2,4,62
2021-05-23,2,4,62
2021-05-24,2,4,74
2021-05-25,2,4,67
2021-05-26,2,4,79
2021-05-27,2,4,68
2021-05-28,2,4,67
2021-05-29,2,4,59
2021-05-30,2,4,55
2021-05-31,2,4,64
2021-06-01,2,4,76
2021-06-02,2,4,72
2021-06-03,2,4,66
2021-06-04,2,4,59
2021-06-05,2,4,59
2021-06-06,2,4,65
2021-06-07,2,4,56
2021-06-08,2,4,81
2021-06-09,2,4,72
2021-06-10,2,4,69
2021-06-11,2,4,58
2021-06-12,2,4,55
2021-06-13,2,4,57
2021-06-14,2,4,58
2021-06-15,2,4,65
2021-06-16,2,4,75
2021-06-17,2,4,59
2021-06-18,2,4,60
2021-06-19,2,4,52
2021-06-20,2,4,51
2021-06-21,2,4,69
2021-06-22,2,4,63
2021-06-23,2,4,64
2021-06-24,2,4,63
2021-06-25,2,4,53
2021-06-26,2,4,52
2021-06-27,2,4,54
2021-06-28,2,4,60
2021-06-29,2,4,65
2021-06-30,2,4,64
2021-07-01,2,4,64
2021-07-02,2,4,54
2021-07-03,2,4,48
2021-07-04,2,4,57
2021-07-05,2,4,57
2021-07-06,2,4,68
2021-07-07,2,4,70
2021-07-08,2,4,65
2021-07-09,2,4,56
2021-07-10,2,4,48
2021-07-11,2,4,49
2021-07-12,2,4,55
2021-07-13,2,4,53
2021-07-14,2,4,66
2021-07-15,2,4,59
2021-07-16,2,4,54
2021-07-17,2,4,46
2021-07-18,2,4,51
2021-07-19,2,4,48
2021-07-20,2,4,55
2021-07-21,2,4,51
2021-07-22,2,4,56
2021-07-23,2,4,46
2021-07-24,2,4,41
2021-07-25,2,4,48
2021-07-26,2,4,51
2021-07-27,2,4,53
2021-07-28,2,4,70
2021-07-29,2,4,55
2021-07-30,2,4,44
2021-07-31,2,4,41
2021-08-01,2,4,44
2021-08-02,2,4,50
2021-08-03,2,4,62
2021-08-04,2,4,58
2021-08-05,2,4,61
2021-08-06,2,4,45
2021-08-07,2,4,44
2021-08-08,2,4,47
2021-08-09,2,4,54
2021-08-10,2,4,61
2021-08-11,2,4,56
2021-08-12,2,4,52
2021-08-13,2,4,35
2021-08-14,2,4,40
2021-08-15,2,4,46
2021-08-16,2,4,52
2021-08-17,2,4,54
2021-08-18,2,4,62
2021-08-19,2,4,50
2021-08-20,2,4,41
2021-08-21,2,4,38
2021-08-22,2,4,36
2021-08-23,2,4,49
2021-08-24,2,4,54
2021-08-25,2,4,57
2021-08-26,2,4,48
2021-08-27,2,4,43
2021-08-28,2,4,30
2021-08-29,2,4,41
2021-08-30,2,4,46
2021-08-31,2,4,48
2021-09-01,2,4,53
2021-09-02,2,4,48
2021-09-03,2,4,49
2021-09-04,2,4,33
2021-09-05,2,4,40
2021-09-06,2,4,41
2021-09-07,2,4,49
2021-09-08,2,4,54
2021-09-09,2,4,48
2021-09-10,2,4,41
2021-09-11,2,4,38
2021-09-12,2,4,36
2021-09-13,2,4,48
2021-09-14,2,4,50
2021-09-15,2,4,52
2021-09-16,2,4,49
2021-09-17,2,4,42
2021-09-18,2,4,39
2021-09-19,2,4,39
2021-09-20,2,4,46
2021-09-21,2,4,49
2021-09-22,2,4,48
2021-09-23,2,4,42
2021-09-24,2,4,34
2021-09-25,2,4,43
2021-09-26,2,4,29
2021-09-27,2,4,49
2021-09-28,2,4,47
2021-09-29,2,4,57
2021-09-30,2,4,39
2021-10-01,2,4,40
2021-10-02,2,4,42
2021-10-03,2,4,41
2021-10-04,2,4,43
2021-10-05,2,4,43
2021-10-06,2,4,47
2021-10-07,2,4,53
2021-10-08,2,4,39
2021-10-09,2,4,36
2021-10-10,2,4,39
2021-10-11,2,4,39
2021-10-12,2,4,52
2021-10-13,2,4,51
2021-10-14,2,4,49
2021-10-15,2,4,39
2021-10-16,2,4,31
2021-10-17,2,4,37
2021-10-18,2,4,48
2021-10-19,2,4,53
2021-10-20,2,4,53
2021-10-21,2,4,52
2021-10-22,2,4,41
2021-10-23,2,4,38
2021-10-24,2,4,37
2021-10-25,2,4,49
2021-10-26,2,4,53
2021-10-27,2,4,51
2021-10-28,2,4,44
2021-10-29,2,4,47
2021-10-30,2,4,35
2021-10-31,2,4,40
2021-11-01,2,4,56
2021-11-02,2,4,56
2021-11-03,2,4,61
2021-11-04,2,4,48
2021-11-05,2,4,48
2021-11-06,2,4,40
2021-11-07,2,4,43
2021-11-08,2,4,56
2021-11-09,2,4,53
2021-11-10,2,4,56
2021-11-11,2,4,48
2021-11-12,2,4,48
2021-11-13,2,4,38
2021-11-14,2,4,47
2021-11-15,2,4,42
2021-11-16,2,4,58
2021-11-17,2,4,55
2021-11-18,2,4,56
2021-11-19,2,4,46
2021-11-20,2,4,40
2021-11-21,2,4,42
2021-11-22,2,4,47
2021-11-23,2,4,60
2021-11-24,2,4,54
2021-11-25,2,4,53
2021-11-26,2,4,49
2021-11-27,2,4,50
2021-11-28,2,4,45
2021-11-29,2,4,51
2021-11-30,2,4,59
2021-12-01,2,4,52
2021-12-02,2,4,51
2021-12-03,2,4,48
2021-12-04,2,4,42
2021-12-05,2,4,41
2021-12-06,2,4,57
2021-12-07,2,4,61
2021-12-08,2,4,62
2021-12-09,2,4,55
2021-12-10,2,4,51
2021-12-11,2,4,49
2021-12-12,2,4,48
2021-12-13,2,4,57
2021-12-14,2,4,59
2021-12-15,2,4,64
2021-12-16,2,4,64
2021-12-17,2,4,58
2021-12-18,2,4,54
2021-12-19,2,4,52
2021-12-20,2,4,57
2021-12-21,2,4,62
2021-12-22,2,4,58
2021-12-23,2,4,56
2021-12-24,2,4,54
2021-12-25,2,4,50
2021-12-26,2,4,58
2021-12-27,2,4,64
2021-12-28,2,4,63
2021-12-29,2,4,71
2021-12-30,2,4,61
2021-12-31,2,4,59
2022-01-01,2,4,56
2022-01-02,2,4,59
2022-01-03,2,4,59
2022-01-04,2,4,71
2022-01-05,2,4,62
2022-01-06,2,4,70
2022-01-07,2,4,58
2022-01-08,2,4,54
2022-01-09,2,4,48
2022-01-10,2,4,61
2022-01-11,2,4,75
2022-01-12,2,4,69
2022-01-13,2,4,70
2022-01-14,2,4,60
2022-01-15,2,4,60
2022-01-16,2,4,59
2022-01-17,2,4,61
2022-01-18,2,4,71
2022-01-19,2,4,79
2022-01-20,2,4,71
2022-01-21,2,4,62
2022-01-22,2,4,67
2022-01-23,2,4,64
2022-01-24,2,4,70
2022-01-25,2,4,74
2022-01-26,2,4,77
2022-01-27,2,4,74
2022-01-28,2,4,55
2022-01-29,2,4,61
2022-01-30,2,4,61
2022-01-31,2,4,66
2022-02-01,2,4,74
2022-02-02,2,4,70
2022-02-03,2,4,65
2022-02-04,2,4,70
2022-02-05,2,4,63
2022-02-06,2,4,53
2022-02-07,2,4,67
2022-02-08,2,4,80
2022-02-09,2,4,77
2022-02-10,2,4,79
2022-02-11,2,4,71
2022-02-12,2,4,57
2022-02-13,2,4,64
2022-02-14,2,4,69
2022-02-15,2,4,72
2022-02-16,2,4,73
2022-02-17,2,4,72
2022-02-18,2,4,66
2022-02-19,2,4,65
2022-02-20,2,4,70
2022-02-21,2,4,74
2022-02-22,2,4,82
2022-02-23,2,4,79
2022-02-24,2,4,79
2022-02-25,2,4,69
2022-02-26,2,4,63
2022-02-27,2,4,75
2022-02-28,2,4,64
2022-03-01,2,4,72
2022-03-02,2,4,83
2022-03-03,2,4,76
2022-03-04,2,4,65
2022-03-05,2,4,62
2022-03-06,2,4,64
2022-03-07,2,4,78
2022-03-08,2,4,85
2022-03-09,2,4,89
2022-03-10,2,4,72
2022-03-11,2,4,66
2022-03-12,2,4,61
2022-03-13,2,4,74
2022-03-14,2,4,77
2022-03-15,2,4,82
2022-03-16,2,4,84
2022-03-17,2,4,78
2022-03-18,2,4,67
2022-03-19,2,4,70
2022-03-20,2,4,68
2022-03-21,2,4,71
2022-03-22,2,4,84
2022-03-23,2,4,82
2022-03-24,2,4,80
2022-03-25,2,4,72
2022-03-26,2,4,72
2022-03-27,2,4,70
2022-03-28,2,4,72
2022-03-29,2,4,83
2022-03-30,2,4,85
2022-03-31,2,4,81
2022-04-01,2,4,77
2022-04-02,2,4,66
2022-04-03,2,4,72
2022-04-04,2,4,69
2022-04-05,2,4,82
2022-04-06,2,4,83
2022-04-07,2,4,85
2022-04-08,2,4,72
2022-04-09,2,4,70
2022-04-10,2,4,63
2022-04-11,2,4,74
2022-04-12,2,4,79
2022-04-13,2,4,93
2022-04-14,2,4,76
2022-04-15,2,4,72
2022-04-16,2,4,68
2022-04-17,2,4,63
2022-04-18,2,4,73
2022-04-19,2,4,83
2022-04-20,2,4,83
2022-04-21,2,4,70
2022-04-22,2,4,69
2022-04-23,2,4,71
2022-04-24,2,4,71
2022-04-25,2,4,80
2022-04-26,2,4,77
2022-04-27,2,4,88
2022-04-28,2,4,78
2022-04-29,2,4,77
2022-04-30,2,4,67
2022-05-01,2,4,60
2022-05-02,2,4,78
2022-05-03,2,4,79
2022-05-04,2,4,80
2022-05-05,2,4,71
2022-05-06,2,4,77
2022-05-07,2,4,64
2022-05-08,2,4,73
2022-05-09,2,4,72
2022-05-10,2,4,76
2022-05-11,2,4,86
2022-05-12,2,4,76
2022-05-13,2,4,69
2022-05-14,2,4,60
2022-05-15,2,4,64
2022-05-16,2,4,74
2022-05-17,2,4,73
2022-05-18,2,4,77
2022-05-19,2,4,73
2022-05-20,2,4,68
2022-05-21,2,4,69
2022-05-22,2,4,64
2022-05-23,2,4,68
2022-05-24,2,4,88
2022-05-25,2,4,77
2022-05-26,2,4,73
2022-05-27,2,4,65
2022-05-28,2,4,61
2022-05-29,2,4,64
2022-05-30,2,4,73
2022-05-31,2,4,77
2022-06-01,2,4,81
2022-06-02,2,4,76
2022-06-03,2,4,66
2022-06-04,2,4,62
2022-06-05,2,4,66
2022-06-06,2,4,63
2022-06-07,2,4,84
2022-06-08,2,4,73
2022-06-09,2,4,69
2022-06-10,2,4,59
2022-06-11,2,4,54
2022-06-12,2,4,64
2022-06-13,2,4,75
2022-06-14,2,4,70
2022-06-15,2,4,75
2022-06-16,2,4,70
2022-06-17,2,4,66
2022-06-18,2,4,66
2022-06-19,2,4,65
2022-06-20,2,4,64
2022-06-21,2,4,73
2022-06-22,2,4,74
2022-06-23,2,4,67
2022-06-24,2,4,56
2022-06-25,2,4,52
2022-06-26,2,4,62
2022-06-27,2,4,68
2022-06-28,2,4,68
2022-06-29,2,4,71
2022-06-30,2,4,70
2022-07-01,2,4,52
2022-07-02,2,4,52
2022-07-03,2,4,63
2022-07-04,2,4,62
2022-07-05,2,4,63
2022-07-06,2,4,69
2022-07-07,2,4,68
2022-07-08,2,4,47
2022-07-09,2,4,53
2022-07-10,2,4,52
2022-07-11,2,4,53
2022-07-12,2,4,66
2022-07-13,2,4,66
2022-07-14,2,4,62
2022-07-15,2,4,54
2022-07-16,2,4,46
2022-07-17,2,4,46
2022-07-18,2,4,55
2022-07-19,2,4,67
2022-07-20,2,4,66
2022-07-21,2,4,60
2022-07-22,2,4,49
2022-07-23,2,4,47
2022-07-24,2,4,53
2022-07-25,2,4,58
2022-07-26,2,4,60
2022-07-27,2,4,53
2022-07-28,2,4,56
2022-07-29,2,4,50
2022-07-30,2,4,44
2022-07-31,2,4,47
2022-08-01,2,4,58
2022-08-02,2,4,60
2022-08-03,2,4,66
2022-08-04,2,4,51
2022-08-05,2,4,49
2022-08-06,2,4,38
2022-08-07,2,4,45
2022-08-08,2,4,49
2022-08-09,2,4,64
2022-08-10,2,4,62
2022-08-11,2,4,60
2022-08-12,2,4,47
2022-08-13,2,4,40
2022-08-14,2,4,42
2022-08-15,2,4,53
2022-08-16,2,4,65
2022-08-17,2,4,61
2022-08-18,2,4,53
2022-08-19,2,4,47
2022-08-20,2,4,43
2022-08-21,2,4,53
2022-08-22,2,4,56
2022-08-23,2,4,58
2022-08-24,2,4,59
2022-08-25,2,4,55
2022-08-26,2,4,49
2022-08-27,2,4,41
2022-08-28,2,4,40
2022-08-29,2,4,54
2022-08-30,2,4,56
2022-08-31,2,4,61
2022-09-01,2,4,59
2022-09-02,2,4,48
2022-09-03,2,4,43
2022-09-04,2,4,56
2022-09-05,2,4,50
2022-09-06,2,4,51
2022-09-07,2,4,55
2022-09-08,2,4,58
2022-09-09,2,4,40
2022-09-10,2,4,38
2022-09-11,2,4,47
2022-09-12,2,4,47
2022-09-13,2,4,54
2022-09-14,2,4,60
2022-09-15,2,4,49
2022-09-16,2,4,39
2022-09-17,2,4,35
2022-09-18,2,4,44
2022-09-19,2,4,49
2022-09-20,2,4,51
2022-09-21,2,4,51
2022-09-22,2,4,50
2022-09-23,2,4,49
2022-09-24,2,4,37
2022-09-25,2,4,39
2022-09-26,2,4,43
2022-09-27,2,4,52
2022-09-28,2,4,57
2022-09-29,2,4,60
2022-09-30,2,4,45
2022-10-01,2,4,40
2022-10-02,2,4,45
2022-10-03,2,4,51
2022-10-04,2,4,52
2022-10-05,2,4,65
2022-10-06,2,4,51
2022-10-07,2,4,45
2022-10-08,2,4,42
2022-10-09,2,4,43
2022-10-10,2,4,54
2022-10-11,2,4,52
2022-10-12,2,4,59
2022-10-13,2,4,52
2022-10-14,2,4,49
2022-10-15,2,4,40
2022-10-16,2,4,41
2022-10-17,2,4,51
2022-10-18,2,4,56
2022-10-19,2,4,53
2022-10-20,2,4,58
2022-10-21,2,4,48
2022-10-22,2,4,41
2022-10-23,2,4,41
2022-10-24,2,4,51
2022-10-25,2,4,58
2022-10-26,2,4,51
2022-10-27,2,4,54
2022-10-28,2,4,49
2022-10-29,2,4,33
2022-10-30,2,4,44
2022-10-31,2,4,53
2022-11-01,2,4,59
2022-11-02,2,4,61
2022-11-03,2,4,53
2022-11-04,2,4,43
2022-11-05,2,4,36
2022-11-06,2,4,49
2022-11-07,2,4,54
2022-11-08,2,4,62
2022-11-09,2,4,56
2022-11-10,2,4,58
2022-11-11,2,4,42
2022-11-12,2,4,41
2022-11-13,2,4,46
2022-11-14,2,4,55
2022-11-15,2,4,65
2022-11-16,2,4,60
2022-11-17,2,4,53
2022-11-18,2,4,46
2022-11-19,2,4,43
2022-11-20,2,4,56
2022-11-21,2,4,57
2022-11-22,2,4,65
2022-11-23,2,4,61
2022-11-24,2,4,58
2022-11-25,2,4,54
2022-11-26,2,4,45
2022-11-27,2,4,48
2022-11-28,2,4,53
2022-11-29,2,4,60
2022-11-30,2,4,64
2022-12-01,2,4,56
2022-12-02,2,4,54
2022-12-03,2,4,50
2022-12-04,2,4,50
2022-12-05,2,4,54
2022-12-06,2,4,64
2022-12-07,2,4,63
2022-12-08,2,4,61
2022-12-09,2,4,59
2022-12-10,2,4,45
2022-12-11,2,4,61
2022-12-12,2,4,58
2022-12-13,2,4,67
2022-12-14,2,4,64
2022-12-15,2,4,67
2022-12-16,2,4,56
2022-12-17,2,4,51
2022-12-18,2,4,52
2022-12-19,2,4,59
2022-12-20,2,4,69
2022-12-21,2,4,69
2022-12-22,2,4,65
2022-12-23,2,4,55
2022-12-24,2,4,51
2022-12-25,2,4,54
2022-12-26,2,4,64
2022-12-27,2,4,71
2022-12-28,2,4,74
2022-12-29,2,4,67
2022-12-30,2,4,61
2022-12-31,2,4,55
2018-01-01,2,5,29
2018-01-02,2,5,32
2018-01-03,2,5,36
2018-01-04,2,5,35
2018-01-05,2,5,23
2018-01-06,2,5,21
2018-01-07,2,5,32
2018-01-08,2,5,26
2018-01-09,2,5,38
2018-01-10,2,5,36
2018-01-11,2,5,33
2018-01-12,2,5,29
2018-01-13,2,5,21
2018-01-14,2,5,30
2018-01-15,2,5,39
2018-01-16,2,5,44
2018-01-17,2,5,46
2018-01-18,2,5,32
2018-01-19,2,5,30
2018-01-20,2,5,29
2018-01-21,2,5,33
2018-01-22,2,5,43
2018-01-23,2,5,46
2018-01-24,2,5,47
2018-01-25,2,5,50
2018-01-26,2,5,33
2018-01-27,2,5,28
2018-01-28,2,5,31
2018-01-29,2,5,34
2018-01-30,2,5,44
2018-01-31,2,5,39
2018-02-01,2,5,39
2018-02-02,2,5,34
2018-02-03,2,5,34
2018-02-04,2,5,37
2018-02-05,2,5,35
2018-02-06,2,5,54
2018-02-07,2,5,48
2018-02-08,2,5,44
2018-02-09,2,5,30
2018-02-10,2,5,30
2018-02-11,2,5,38
2018-02-12,2,5,41
2018-02-13,2,5,47
2018-02-14,2,5,49
2018-02-15,2,5,39
2018-02-16,2,5,37
2018-02-17,2,5,39
2018-02-18,2,5,40
2018-02-19,2,5,41
2018-02-20,2,5,54
2018-02-21,2,5,45
2018-02-22,2,5,42
2018-02-23,2,5,46
2018-02-24,2,5,37
2018-02-25,2,5,35
2018-02-26,2,5,43
2018-02-27,2,5,46
2018-02-28,2,5,52
2018-03-01,2,5,47
2018-03-02,2,5,40
2018-03-03,2,5,31
2018-03-04,2,5,38
2018-03-05,2,5,42
2018-03-06,2,5,46
2018-03-07,2,5,57
2018-03-08,2,5,56
2018-03-09,2,5,49
2018-03-10,2,5,39
2018-03-11,2,5,37
2018-03-12,2,5,44
2018-03-13,2,5,53
2018-03-14,2,5,51
2018-03-15,2,5,54
2018-03-16,2,5,33
2018-03-17,2,5,36
2018-03-18,2,5,42
2018-03-19,2,5,42
2018-03-20,2,5,50
2018-03-21,2,5,55
2018-03-22,2,5,55
2018-03-23,2,5,37
2018-03-24,2,5,32
2018-03-25,2,5,35
2018-03-26,2,5,39
2018-03-27,2,5,46
2018-03-28,2,5,49
2018-03-29,2,5,54
2018-03-30,2,5,41
2018-03-31,2,5,38
2018-04-01,2,5,36
2018-04-02,2,5,48
2018-04-03,2,5,59
2018-04-04,2,5,50
2018-04-05,2,5,56
2018-04-06,2,5,44
2018-04-07,2,5,38
2018-04-08,2,5,41
2018-04-09,2,5,47
2018-04-10,2,5,59
2018-04-11,2,5,55
2018-04-12,2,5,51
2018-04-13,2,5,40
2018-04-14,2,5,41
2018-04-15,2,5,35
2018-04-16,2,5,46
2018-04-17,2,5,63
2018-04-18,2,5,43
2018-04-19,2,5,49
2018-04-20,2,5,43
2018-04-21,2,5,36
2018-04-22,2,5,38
2018-04-23,2,5,45
2018-04-24,2,5,50
2018-04-25,2,5,53
2018-04-26,2,5,46
2018-04-27,2,5,49
2018-04-28,2,5,35
2018-04-29,2,5,40
2018-04-30,2,5,41
2018-05-01,2,5,54
2018-05-02,2,5,55
2018-05-03,2,5,49
2018-05-04,2,5,36
2018-05-05,2,5,33
2018-05-06,2,5,44
2018-05-07,2,5,40
2018-05-08,2,5,52
2018-05-09,2,5,47
2018-05-10,2,5,50
2018-05-11,2,5,36
2018-05-12,2,5,31
2018-05-13,2,5,33
2018-05-14,2,5,40
2018-05-15,2,5,50
2018-05-16,2,5,50
2018-05-17,2,5,41
2018-05-18,2,5,38
2018-05-19,2,5,29
2018-05-20,2,5,37
2018-05-21,2,5,44
2018-05-22,2,5,47
2018-05-23,2,5,49
2018-05-24,2,5,51
2018-05-25,2,5,36
2018-05-26,2,5,28
2018-05-27,2,5,36
2018-05-28,2,5,35
2018-05-29,2,5,45
2018-05-30,2,5,45
2018-05-31,2,5,40
2018-06-01,2,5,34
2018-06-02,2,5,34
2018-06-03,2,5,36
2018-06-04,2,5,42
2018-06-05,2,5,45
2018-06-06,2,5,44
2018-06-07,2,5,31
2018-06-08,2,5,35
2018-06-09,2,5,20
2018-06-10,2,5,23
2018-06-11,2,5,36
2018-06-12,2,5,44
2018-06-13,2,5,42
2018-06-14,2,5,45
2018-06-15,2,5,34
2018-06-16,2,5,26
2018-06-17,2,5,34
2018-06-18,2,5,41
2018-06-19,2,5,43
2018-06-20,2,5,39
2018-06-21,2,5,35
2018-06-22,2,5,25
2018-06-23,2,5,26
2018-06-24,2,5,23
2018-06-25,2,5,32
2018-06-26,2,5,40
2018-06-27,2,5,32
2018-06-28,2,5,31
2018-06-29,2,5,27
2018-06-30,2,5,24
2018-07-01,2,5,23
2018-07-02,2,5,30
2018-07-03,2,5,34
2018-07-04,2,5,33
2018-07-05,2,5,32
2018-07-06,2,5,26
2018-07-07,2,5,21
2018-07-08,2,5,24
2018-07-09,2,5,31
2018-07-10,2,5,38
2018-07-11,2,5,34
2018-07-12,2,5,26
2018-07-13,2,5,30
2018-07-14,2,5,22
2018-07-15,2,5,18
2018-07-16,2,5,29
2018-07-17,2,5,38
2018-07-18,2,5,42
2018-07-19,2,5,32
2018-07-20,2,5,28
2018-07-21,2,5,14
2018-07-22,2,5,20
2018-07-23,2,5,25
2018-07-24,2,5,34
2018-07-25,2,5,40
2018-07-26,2,5,30
2018-07-27,2,5,18
2018-07-28,2,5,12
2018-07-29,2,5,25
2018-07-30,2,5,27
2018-07-31,2,5,32
2018-08-01,2,5,31
2018-08-02,2,5,29
2018-08-03,2,5,16
2018-08-04,2,5,17
2018-08-05,2,5,12
2018-08-06,2,5,22
2018-08-07,2,5,27
2018-08-08,2,5,18
2018-08-09,2,5,25
2018-08-10,2,5,15
2018-08-11,2,5,14
2018-08-12,2,5,16
2018-08-13,2,5,29
2018-08-14,2,5,29
2018-08-15,2,5,31
2018-08-16,2,5,27
2018-08-17,2,5,21
2018-08-18,2,5,15
2018-08-19,2,5,16
2018-08-20,2,5,23
2018-08-21,2,5,17
2018-08-22,2,5,36
2018-08-23,2,5,30
2018-08-24,2,5,17
2018-08-25,2,5,6
2018-08-26,2,5,18
2018-08-27,2,5,17
2018-08-28,2,5,28
2018-08-29,2,5,22
2018-08-30,2,5,32
2018-08-31,2,5,10
2018-09-01,2,5,11
2018-09-02,2,5,4
2018-09-03,2,5,19
2018-09-04,2,5,23
2018-09-05,2,5,31
2018-09-06,2,5,20
2018-09-07,2,5,19
2018-09-08,2,5,6
2018-09-09,2,5,11
2018-09-10,2,5,17
2018-09-11,2,5,26
2018-09-12,2,5,27
2018-09-13,2,5,24
2018-09-14,2,5,15
2018-09-15,2,5,13
2018-09-16,2,5,8
2018-09-17,2,5,19
2018-09-18,2,5,30
2018-09-19,2,5,19
2018-09-20,2,5,23
2018-09-21,2,5,17
2018-09-22,2,5,15
2018-09-23,2,5,14
2018-09-24,2,5,18
2018-09-25,2,5,25
2018-09-26,2,5,22
2018-09-27,2,5,19
2018-09-28,2,5,8
2018-09-29,2,5,15
2018-09-30,2,5,13
2018-10-01,2,5,14
2018-10-02,2,5,25
2018-10-03,2,5,30
2018-10-04,2,5,25
2018-10-05,2,5,10
2018-10-06,2,5,0
2018-10-07,2,5,13
2018-10-08,2,5,14
2018-10-09,2,5,26
2018-10-10,2,5,29
2018-10-11,2,5,26
2018-10-12,2,5,21
2018-10-13,2,5,15
2018-10-14,2,5,19
2018-10-15,2,5,23
2018-10-16,2,5,30
2018-10-17,2,5,26
2018-10-18,2,5,16
2018-10-19,2,5,25
2018-10-20,2,5,11
2018-10-21,2,5,17
2018-10-22,2,5,16
2018-10-23,2,5,29
2018-10-24,2,5,17
2018-10-25,2,5,21
2018-10-26,2,5,15
2018-10-27,2,5,13
2018-10-28,2,5,17
2018-10-29,2,5,15
2018-10-30,2,5,28
2018-10-31,2,5,32
2018-11-01,2,5,33
2018-11-02,2,5,19
2018-11-03,2,5,10
2018-11-04,2,5,9
2018-11-05,2,5,28
2018-11-06,2,5,30
2018-11-07,2,5,28
2018-11-08,2,5,18
2018-11-09,2,5,14
2018-11-10,2,5,16
2018-11-11,2,5,16
2018-11-12,2,5,14
2018-11-13,2,5,30
2018-11-14,2,5,23
2018-11-15,2,5,31
2018-11-16,2,5,20
2018-11-17,2,5,13
2018-11-18,2,5,20
2018-11-19,2,5,24
2018-11-20,2,5,35
2018-11-21,2,5,31
2018-11-22,2,5,27
2018-11-23,2,5,19
2018-11-24,2,5,17
2018-11-25,2,5,25
2018-11-26,2,5,22
2018-11-27,2,5,33
2018-11-28,2,5,29
2018-11-29,2,5,20
2018-11-30,2,5,23
2018-12-01,2,5,19
2018-12-02,2,5,19
2018-12-03,2,5,20
2018-12-04,2,5,34
2018-12-05,2,5,35
2018-12-06,2,5,27
2018-12-07,2,5,18
2018-12-08,2,5,18
2018-12-09,2,5,24
2018-12-10,2,5,29
2018-12-11,2,5,31
2018-12-12,2,5,36
2018-12-13,2,5,35
2018-12-14,2,5,20
2018-12-15,2,5,21
2018-12-16,2,5,28
2018-12-17,2,5,24
2018-12-18,2,5,41
2018-12-19,2,5,44
2018-12-20,2,5,33
2018-12-21,2,5,26
2018-12-22,2,5,27
2018-12-23,2,5,24
2018-12-24,2,5,22
2018-12-25,2,5,37
2018-12-26,2,5,41
2018-12-27,2,5,38
2018-12-28,2,5,25
2018-12-29,2,5,24
2018-12-30,2,5,30
2018-12-31,2,5,33
2019-01-01,2,5,33
2019-01-02,2,5,46
2019-01-03,2,5,36
2019-01-04,2,5,35
2019-01-05,2,5,21
2019-01-06,2,5,28
2019-01-07,2,5,37
2019-01-08,2,5,41
2019-01-09,2,5,39
2019-01-10,2,5,30
2019-01-11,2,5,39
2019-01-12,2,5,29
2019-01-13,2,5,35
2019-01-14,2,5,41
2019-01-15,2,5,46
2019-01-16,2,5,44
2019-01-17,2,5,43
2019-01-18,2,5,40
2019-01-19,2,5,31
2019-01-20,2,5,40
2019-01-21,2,5,33
2019-01-22,2,5,39
2019-01-23,2,5,51
2019-01-24,2,5,40
2019-01-25,2,5,44
2019-01-26,2,5,37
2019-01-27,2,5,40
2019-01-28,2,5,44
2019-01-29,2,5,43
2019-01-30,2,5,42
2019-01-31,2,5,50
2019-02-01,2,5,32
2019-02-02,2,5,40
2019-02-03,2,5,38
2019-02-04,2,5,42
2019-02-05,2,5,50
2019-02-06,2,5,52
2019-02-07,2,5,45
2019-02-08,2,5,45
2019-02-09,2,5,41
2019-02-10,2,5,38
2019-02-11,2,5,41
2019-02-12,2,5,55
2019-02-13,2,5,43
2019-02-14,2,5,49
2019-02-15,2,5,44
2019-02-16,2,5,33
2019-02-17,2,5,42
2019-02-18,2,5,45
2019-02-19,2,5,49
2019-02-20,2,5,57
2019-02-21,2,5,44
2019-02-22,2,5,45
2019-02-23,2,5,30
2019-02-24,2,5,41
2019-02-25,2,5,46
2019-02-26,2,5,50
2019-02-27,2,5,56
2019-02-28,2,5,50
2019-03-01,2,5,47
2019-03-02,2,5,41
2019-03-03,2,5,42
2019-03-04,2,5,48
2019-03-05,2,5,51
2019-03-06,2,5,54
2019-03-07,2,5,52
2019-03-08,2,5,43
2019-03-09,2,5,44
2019-03-10,2,5,42
2019-03-11,2,5,49
2019-03-12,2,5,48
2019-03-13,2,5,59
2019-03-14,2,5,49
2019-03-15,2,5,40
2019-03-16,2,5,47
2019-03-17,2,5,45
2019-03-18,2,5,52
2019-03-19,2,5,56
2019-03-20,2,5,56
2019-03-21,2,5,51
2019-03-22,2,5,48
2019-03-23,2,5,45
2019-03-24,2,5,42
2019-03-25,2,5,57
2019-03-26,2,5,54
2019-03-27,2,5,51
2019-03-28,2,5,45
2019-03-29,2,5,39
2019-03-30,2,5,39
2019-03-31,2,5,42
2019-04-01,2,5,52
2019-04-02,2,5,55
2019-04-03,2,5,60
2019-04-04,2,5,53
2019-04-05,2,5,45
2019-04-06,2,5,39
2019-04-07,2,5,48
2019-04-08,2,5,43
2019-04-09,2,5,56
2019-04-10,2,5,56
2019-04-11,2,5,55
2019-04-12,2,5,45
2019-04-13,2,5,41
2019-04-14,2,5,41
2019-04-15,2,5,54
2019-04-16,2,5,55
2019-04-17,2,5,64
2019-04-18,2,5,53
2019-04-19,2,5,45
2019-04-20,2,5,40
2019-04-21,2,5,44
2019-04-22,2,5,46
2019-04-23,2,5,55
2019-04-24,2,5,56
2019-04-25,2,5,53
2019-04-26,2,5,46
2019-04-27,2,5,41
2019-04-28,2,5,42
2019-04-29,2,5,54
2019-04-30,2,5,55
2019-05-01,2,5,65
2019-05-02,2,5,51
2019-05-03,2,5,47
2019-05-04,2,5,36
2019-05-05,2,5,46
2019-05-06,2,5,44
2019-05-07,2,5,55
2019-05-08,2,5,53
2019-05-09,2,5,51
2019-05-10,2,5,42
2019-05-11,2,5,35
2019-05-12,2,5,38
2019-05-13,2,5,52
2019-05-14,2,5,54
2019-05-15,2,5,48
2019-05-16,2,5,53
2019-05-17,2,5,38
2019-05-18,2,5,40
2019-05-19,2,5,41
2019-05-20,2,5,47
2019-05-21,2,5,58
2019-05-22,2,5,48
2019-05-23,2,5,50
2019-05-24,2,5,45
2019-05-25,2,5,33
2019-05-26,2,5,34
2019-05-27,2,5,42
2019-05-28,2,5,50
2019-05-29,2,5,45
2019-05-30,2,5,48
2019-05-31,2,5,33
2019-06-01,2,5,39
2019-06-02,2,5,38
2019-06-03,2,5,49
2019-06-04,2,5,50
2019-06-05,2,5,48
2019-06-06,2,5,41
2019-06-07,2,5,38
2019-06-08,2,5,33
2019-06-09,2,5,39
2019-06-10,2,5,36
2019-06-11,2,5,54
2019-06-12,2,5,52
2019-06-13,2,5,42
2019-06-14,2,5,43
2019-06-15,2,5,28
2019-06-16,2,5,33
2019-06-17,2,5,33
2019-06-18,2,5,52
2019-06-19,2,5,39
2019-06-20,2,5,35
2019-06-21,2,5,31
2019-06-22,2,5,35
2019-06-23,2,5,34
2019-06-24,2,5,37
2019-06-25,2,5,47
2019-06-26,2,5,43
2019-06-27,2,5,41
2019-06-28,2,5,39
2019-06-29,2,5,27
2019-06-30,2,5,26
2019-07-01,2,5,37
2019-07-02,2,5,44
2019-07-03,2,5,43
2019-07-04,2,5,42
2019-07-05,2,5,30
2019-07-06,2,5,26
2019-07-07,2,5,29
2019-07-08,2,5,34
2019-07-09,2,5,46
2019-07-10,2,5,42
2019-07-11,2,5,35
2019-07-12,2,5,31
2019-07-13,2,5,28
2019-07-14,2,5,28
2019-07-15,2,5,34
2019-07-16,2,5,31
2019-07-17,2,5,29
2019-07-18,2,5,39
2019-07-19,2,5,29
2019-07-20,2,5,22
2019-07-21,2,5,26
2019-07-22,2,5,37
2019-07-23,2,5,41
2019-07-24,2,5,41
2019-07-25,2,5,29
2019-07-26,2,5,22
2019-07-27,2,5,11
2019-07-28,2,5,25
2019-07-29,2,5,33
2019-07-30,2,5,39
2019-07-31,2,5,38
2019-08-01,2,5,30
2019-08-02,2,5,22
2019-08-03,2,5,16
2019-08-04,2,5,20
2019-08-05,2,5,23
2019-08-06,2,5,40
2019-08-07,2,5,29
2019-08-08,2,5,29
2019-08-09,2,5,15
2019-08-10,2,5,19
2019-08-11,2,5,19
2019-08-12,2,5,24
2019-08-13,2,5,28
2019-08-14,2,5,33
2019-08-15,2,5,26
2019-08-16,2,5,21
2019-08-17,2,5,24
2019-08-18,2,5,19
2019-08-19,2,5,26
2019-08-20,2,5,28
2019-08-21,2,5,28
2019-08-22,2,5,27
2019-08-23,2,5,30
2019-08-24,2,5,14
2019-08-25,2,5,18
2019-08-26,2,5,20
2019-08-27,2,5,18
2019-08-28,2,5,27
2019-08-29,2,5,36
2019-08-30,2,5,21
2019-08-31,2,5,21
2019-09-01,2,5,15
2019-09-02,2,5,13
2019-09-03,2,5,24
2019-09-04,2,5,31
2019-09-05,2,5,26
2019-09-06,2,5,18
2019-09-07,2,5,12
2019-09-08,2,5,19
2019-09-09,2,5,19
2019-09-10,2,5,29
2019-09-11,2,5,30
2019-09-12,2,5,23
2019-09-13,2,5,14
2019-09-14,2,5,12
2019-09-15,2,5,22
2019-09-16,2,5,25
2019-09-17,2,5,31
2019-09-18,2,5,25
2019-09-19,2,5,18
2019-09-20,2,5,22
2019-09-21,2,5,16
2019-09-22,2,5,15
2019-09-23,2,5,19
2019-09-24,2,5,21
2019-09-25,2,5,32
2019-09-26,2,5,29
2019-09-27,2,5,14
2019-09-28,2,5,10
2019-09-29,2,5,19
2019-09-30,2,5,18
2019-10-01,2,5,34
2019-10-02,2,5,28
2019-10-03,2,5,23
2019-10-04,2,5,17
2019-10-05,2,5,11
2019-10-06,2,5,19
2019-10-07,2,5,24
2019-10-08,2,5,31
2019-10-09,2,5,29
2019-10-10,2,5,22
2019-10-11,2,5,17
2019-10-12,2,5,11
2019-10-13,2,5,21
2019-10-14,2,5,25
2019-10-15,2,5,27
2019-10-16,2,5,25
2019-10-17,2,5,31
2019-10-18,2,5,18
2019-10-19,2,5,13
2019-10-20,2,5,21
2019-10-21,2,5,20
2019-10-22,2,5,27
2019-10-23,2,5,29
2019-10-24,2,5,20
2019-10-25,2,5,20
2019-10-26,2,5,11
2019-10-27,2,5,14
2019-10-28,2,5,20
2019-10-29,2,5,26
2019-10-30,2,5,27
2019-10-31,2,5,27
2019-11-01,2,5,19
2019-11-02,2,5,15
2019-11-03,2,5,26
2019-11-04,2,5,23
2019-11-05,2,5,32
2019-11-06,2,5,34
2019-11-07,2,5,27
2019-11-08,2,5,22
2019-11-09,2,5,16
2019-11-10,2,5,19
2019-11-11,2,5,22
2019-11-12,2,5,29
2019-11-13,2,5,33
2019-11-14,2,5,21
2019-11-15,2,5,28
2019-11-16,2,5,26
2019-11-17,2,5,20
2019-11-18,2,5,29
2019-11-19,2,5,37
2019-11-20,2,5,29
2019-11-21,2,5,34
2019-11-22,2,5,22
2019-11-23,2,5,28
2019-11-24,2,5,20
2019-11-25,2,5,31
2019-11-26,2,5,33
2019-11-27,2,5,44
2019-11-28,2,5,29
2019-11-29,2,5,29
2019-11-30,2,5,23
2019-12-01,2,5,24
2019-12-02,2,5,30
2019-12-03,2,5,33
2019-12-04,2,5,27
2019-12-05,2,5,37
2019-12-06,2,5,24
2019-12-07,2,5,27
2019-12-08,2,5,26
2019-12-09,2,5,35
2019-12-10,2,5,40
2019-12-11,2,5,29
2019-12-12,2,5,37
2019-12-13,2,5,27
2019-12-14,2,5,29
2019-12-15,2,5,28
2019-12-16,2,5,35
2019-12-17,2,5,38
2019-12-18,2,5,37
2019-12-19,2,5,35
2019-12-20,2,5,23
2019-12-21,2,5,24
2019-12-22,2,5,22
2019-12-23,2,5,28
2019-12-24,2,5,41
2019-12-25,2,5,45
2019-12-26,2,5,38
2019-12-27,2,5,30
2019-12-28,2,5,24
2019-12-29,2,5,28
2019-12-30,2,5,33
2019-12-31,2,5,42
2020-01-01,2,5,38
2020-01-02,2,5,43
2020-01-03,2,5,31
2020-01-04,2,5,31
2020-01-05,2,5,35
2020-01-06,2,5,39
2020-01-07,2,5,48
2020-01-08,2,5,38
2020-01-09,2,5,40
2020-01-10,2,5,40
2020-01-11,2,5,34
2020-01-12,2,5,41
2020-01-13,2,5,47
2020-01-14,2,5,48
2020-01-15,2,5,47
2020-01-16,2,5,40
2020-01-17,2,5,35
2020-01-18,2,5,32
2020-01-19,2,5,33
2020-01-20,2,5,38
2020-01-21,2,5,50
2020-01-22,2,5,57
2020-01-23,2,5,50
2020-01-24,2,5,38
2020-01-25,2,5,39
2020-01-26,2,5,38
2020-01-27,2,5,43
2020-01-28,2,5,49
2020-01-29,2,5,51
2020-01-30,2,5,50
2020-01-31,2,5,41
2020-02-01,2,5,34
2020-02-02,2,5,35
2020-02-03,2,5,46
2020-02-04,2,5,53
2020-02-05,2,5,52
2020-02-06,2,5,45
2020-02-07,2,5,47
2020-02-08,2,5,42
2020-02-09,2,5,32
2020-02-10,2,5,52
2020-02-11,2,5,52
2020-02-12,2,5,55
2020-02-13,2,5,55
2020-02-14,2,5,50
2020-02-15,2,5,44
2020-02-16,2,5,42
2020-02-17,2,5,42
2020-02-18,2,5,46
2020-02-19,2,5,60
2020-02-20,2,5,57
2020-02-21,2,5,42
2020-02-22,2,5,40
2020-02-23,2,5,40
2020-02-24,2,5,47
2020-02-25,2,5,60
2020-02-26,2,5,58
2020-02-27,2,5,52
2020-02-28,2,5,57
2020-02-29,2,5,36
2020-03-01,2,5,46
2020-03-02,2,5,46
2020-03-03,2,5,56
2020-03-04,2,5,59
2020-03-05,2,5,57
2020-03-06,2,5,46
2020-03-07,2,5,41
2020-03-08,2,5,43
2020-03-09,2,5,47
2020-03-10,2,5,60
2020-03-11,2,5,60
2020-03-12,2,5,56
2020-03-13,2,5,48
2020-03-14,2,5,43
2020-03-15,2,5,50
2020-03-16,2,5,56
2020-03-17,2,5,64
2020-03-18,2,5,61
2020-03-19,2,5,61
2020-03-20,2,5,47
2020-03-21,2,5,43
2020-03-22,2,5,50
2020-03-23,2,5,55
2020-03-24,2,5,57
2020-03-25,2,5,56
2020-03-26,2,5,55
2020-03-27,2,5,46
2020-03-28,2,5,51
2020-03-29,2,5,49
2020-03-30,2,5,49
2020-03-31,2,5,54
2020-04-01,2,5,57
2020-04-02,2,5,53
2020-04-03,2,5,48
2020-04-04,2,5,49
2020-04-05,2,5,42
2020-04-06,2,5,61
2020-04-07,2,5,55
2020-04-08,2,5,54
2020-04-09,2,5,62
2020-04-10,2,5,54
2020-04-11,2,5,44
2020-04-12,2,5,47
2020-04-13,2,5,54
2020-04-14,2,5,59
2020-04-15,2,5,54
2020-04-16,2,5,45
2020-04-17,2,5,45
2020-04-18,2,5,51
2020-04-19,2,5,53
2020-04-20,2,5,50
2020-04-21,2,5,54
2020-04-22,2,5,60
2020-04-23,2,5,56
2020-04-24,2,5,50
2020-04-25,2,5,33
2020-04-26,2,5,57
2020-04-27,2,5,55
2020-04-28,2,5,56
2020-04-29,2,5,56
2020-04-30,2,5,58
2020-05-01,2,5,49
2020-05-02,2,5,43
2020-05-03,2,5,46
2020-05-04,2,5,50
2020-05-05,2,5,58
2020-05-06,2,5,60
2020-05-07,2,5,54
2020-05-08,2,5,47
2020-05-09,2,5,47
2020-05-10,2,5,37
2020-05-11,2,5,46
2020-05-12,2,5,55
2020-05-13,2,5,54
2020-05-14,2,5,50
2020-05-15,2,5,50
2020-05-16,2,5,40
2020-05-17,2,5,34
2020-05-18,2,5,46
2020-05-19,2,5,54
2020-05-20,2,5,55
2020-05-21,2,5,53
2020-05-22,2,5,46
2020-05-23,2,5,39
2020-05-24,2,5,36
2020-05-25,2,5,45
2020-05-26,2,5,50
2020-05-27,2,5,53
2020-05-28,2,5,52
2020-05-29,2,5,44
2020-05-30,2,5,41
2020-05-31,2,5,37
2020-06-01,2,5,51
2020-06-02,2,5,54
2020-06-03,2,5,53
2020-06-04,2,5,50
2020-06-05,2,5,38
2020-06-06,2,5,28
2020-06-07,2,5,35
2020-06-08,2,5,46
2020-06-09,2,5,50
2020-06-10,2,5,50
2020-06-11,2,5,43
2020-06-12,2,5,31
2020-06-13,2,5,40
2020-06-14,2,5,35
2020-06-15,2,5,40
2020-06-16,2,5,45
2020-06-17,2,5,54
2020-06-18,2,5,48
2020-06-19,2,5,34
2020-06-20,2,5,37
2020-06-21,2,5,34
2020-06-22,2,5,38
2020-06-23,2,5,45
2020-06-24,2,5,44
2020-06-25,2,5,38
2020-06-26,2,5,39
2020-06-27,2,5,30
2020-06-28,2,5,35
2020-06-29,2,5,40
2020-06-30,2,5,47
2020-07-01,2,5,38
2020-07-02,2,5,38
2020-07-03,2,5,36
2020-07-04,2,5,24
2020-07-05,2,5,32
2020-07-06,2,5,31
2020-07-07,2,5,43
2020-07-08,2,5,50
2020-07-09,2,5,42
2020-07-10,2,5,25
2020-07-11,2,5,31
2020-07-12,2,5,36
2020-07-13,2,5,46
2020-07-14,2,5,43
2020-07-15,2,5,37
2020-07-16,2,5,39
2020-07-17,2,5,37
2020-07-18,2,5,25
2020-07-19,2,5,31
2020-07-20,2,5,30
2020-07-21,2,5,41
2020-07-22,2,5,31
2020-07-23,2,5,32
2020-07-24,2,5,29
2020-07-25,2,5,23
2020-07-26,2,5,20
2020-07-27,2,5,30
2020-07-28,2,5,39
2020-07-29,2,5,39
2020-07-30,2,5,35
2020-07-31,2,5,30
2020-08-01,2,5,21
2020-08-02,2,5,30
2020-08-03,2,5,26
2020-08-04,2,5,44
2020-08-05,2,5,42
2020-08-06,2,5,32
2020-08-07,2,5,25
2020-08-08,2,5,22
2020-08-09,2,5,25
2020-08-10,2,5,33
2020-08-11,2,5,29
2020-08-12,2,5,38
2020-08-13,2,5,23
2020-08-14,2,5,24
2020-08-15,2,5,26
2020-08-16,2,5,16
2020-08-17,2,5,21
2020-08-18,2,5,34
2020-08-19,2,5,41
2020-08-20,2,5,32
2020-08-21,2,5,16
2020-08-22,2,5,12
2020-08-23,2,5,21
2020-08-24,2,5,22
2020-08-25,2,5,33
2020-08-26,2,5,35
2020-08-27,2,5,28
2020-08-28,2,5,30
2020-08-29,2,5,20
2020-08-30,2,5,24
2020-08-31,2,5,29
2020-09-01,2,5,31
2020-09-02,2,5,32
2020-09-03,2,5,27
2020-09-04,2,5,24
2020-09-05,2,5,15
2020-09-06,2,5,26
2020-09-07,2,5,22
2020-09-08,2,5,32
2020-09-09,2,5,31
2020-09-10,2,5,26
2020-09-11,2,5,30
2020-09-12,2,5,15
2020-09-13,2,5,17
2020-09-14,2,5,22
2020-09-15,2,5,31
2020-09-16,2,5,32
2020-09-17,2,5,23
2020-09-18,2,5,19
2020-09-19,2,5,19
2020-09-20,2,5,22
2020-09-21,2,5,24
2020-09-22,2,5,30
2020-09-23,2,5,30
2020-09-24,2,5,25
2020-09-25,2,5,17
2020-09-26,2,5,10
2020-09-27,2,5,15
2020-09-28,2,5,27
2020-09-29,2,5,28
2020-09-30,2,5,30
2020-10-01,2,5,26
2020-10-02,2,5,25
2020-10-03,2,5,12
2020-10-04,2,5,19
2020-10-05,2,5,24
2020-10-06,2,5,31
2020-10-07,2,5,33
2020-10-08,2,5,28
2020-10-09,2,5,24
2020-10-10,2,5,16
2020-10-11,2,5,25
2020-10-12,2,5,24
2020-10-13,2,5,24
2020-10-14,2,5,35
2020-10-15,2,5,30
2020-10-16,2,5,21
2020-10-17,2,5,16
2020-10-18,2,5,10
2020-10-19,2,5,17
2020-10-20,2,5,38
2020-10-21,2,5,30
2020-10-22,2,5,32
2020-10-23,2,5,15
2020-10-24,2,5,13
2020-10-25,2,5,22
2020-10-26,2,5,25
2020-10-27,2,5,34
2020-10-28,2,5,34
2020-10-29,2,5,29
2020-10-30,2,5,20
2020-10-31,2,5,14
2020-11-01,2,5,26
2020-11-02,2,5,33
2020-11-03,2,5,29
2020-11-04,2,5,30
2020-11-05,2,5,29
2020-11-06,2,5,25
2020-11-07,2,5,19
2020-11-08,2,5,23
2020-11-09,2,5,27
2020-11-10,2,5,34
2020-11-11,2,5,45
2020-11-12,2,5,30
2020-11-13,2,5,31
2020-11-14,2,5,27
2020-11-15,2,5,25
2020-11-16,2,5,21
2020-11-17,2,5,36
2020-11-18,2,5,35
2020-11-19,2,5,33
2020-11-20,2,5,22
2020-11-21,2,5,25
2020-11-22,2,5,28
2020-11-23,2,5,35
2020-11-24,2,5,35
2020-11-25,2,5,34
2020-11-26,2,5,36
2020-11-27,2,5,35
2020-11-28,2,5,24
2020-11-29,2,5,27
2020-11-30,2,5,31
2020-12-01,2,5,36
2020-12-02,2,5,43
2020-12-03,2,5,36
2020-12-04,2,5,31
2020-12-05,2,5,27
2020-12-06,2,5,29
2020-12-07,2,5,36
2020-12-08,2,5,37
2020-12-09,2,5,38
2020-12-10,2,5,38
2020-12-11,2,5,31
2020-12-12,2,5,25
2020-12-13,2,5,30
2020-12-14,2,5,39
2020-12-15,2,5,47
2020-12-16,2,5,49
2020-12-17,2,5,34
2020-12-18,2,5,28
2020-12-19,2,5,28
2020-12-20,2,5,31
2020-12-21,2,5,36
2020-12-22,2,5,42
2020-12-23,2,5,44
2020-12-24,2,5,43
2020-12-25,2,5,30
2020-12-26,2,5,40
2020-12-27,2,5,33
2020-12-28,2,5,43
2020-12-29,2,5,43
2020-12-30,2,5,50
2020-12-31,2,5,44
2021-01-01,2,5,40
2021-01-02,2,5,32
2021-01-03,2,5,40
2021-01-04,2,5,35
2021-01-05,2,5,51
2021-01-06,2,5,50
2021-01-07,2,5,41
2021-01-08,2,5,46
2021-01-09,2,5,42
2021-01-10,2,5,28
2021-01-11,2,5,43
2021-01-12,2,5,52
2021-01-13,2,5,53
2021-01-14,2,5,53
2021-01-15,2,5,45
2021-01-16,2,5,37
2021-01-17,2,5,47
2021-01-18,2,5,48
2021-01-19,2,5,50
2021-01-20,2,5,51
2021-01-21,2,5,54
2021-01-22,2,5,39
2021-01-23,2,5,36
2021-01-24,2,5,39
2021-01-25,2,5,48
2021-01-26,2,5,52
2021-01-27,2,5,49
2021-01-28,2,5,55
2021-01-29,2,5,42
2021-01-30,2,5,48
2021-01-31,2,5,43
2021-02-01,2,5,53
2021-02-02,2,5,57
2021-02-03,2,5,61
2021-02-04,2,5,54
2021-02-05,2,5,46
2021-02-06,2,5,46
2021-02-07,2,5,53
2021-02-08,2,5,48
2021-02-09,2,5,59
2021-02-10,2,5,58
2021-02-11,2,5,55
2021-02-12,2,5,47
2021-02-13,2,5,34
2021-02-14,2,5,44
2021-02-15,2,5,55
2021-02-16,2,5,54
2021-02-17,2,5,63
2021-02-18,2,5,56
2021-02-19,2,5,47
2021-02-20,2,5,48
2021-02-21,2,5,48
2021-02-22,2,5,54
2021-02-23,2,5,63
2021-02-24,2,5,61
2021-02-25,2,5,49
2021-02-26,2,5,48
2021-02-27,2,5,38
2021-02-28,2,5,49
2021-03-01,2,5,57
2021-03-02,2,5,63
2021-03-03,2,5,63
2021-03-04,2,5,61
2021-03-05,2,5,44
2021-03-06,2,5,46
2021-03-07,2,5,42
2021-03-08,2,5,53
2021-03-09,2,5,67
2021-03-10,2,5,66
2021-03-11,2,5,60
2021-03-12,2,5,50
2021-03-13,2,5,43
2021-03-14,2,5,49
2021-03-15,2,5,59
2021-03-16,2,5,63
2021-03-17,2,5,56
2021-03-18,2,5,59
2021-03-19,2,5,44
2021-03-20,2,5,50
2021-03-21,2,5,46
2021-03-22,2,5,50
2021-03-23,2,5,65
2021-03-24,2,5,65
2021-03-25,2,5,60
2021-03-26,2,5,61
2021-03-27,2,5,50
2021-03-28,2,5,47
2021-03-29,2,5,58
2021-03-30,2,5,61
2021-03-31,2,5,68
2021-04-01,2,5,60
2021-04-02,2,5,54
2021-04-03,2,5,42
2021-04-04,2,5,49
2021-04-05,2,5,55
2021-04-06,2,5,58
2021-04-07,2,5,62
2021-04-08,2,5,61
2021-04-09,2,5,52
2021-04-10,2,5,42
2021-04-11,2,5,48
2021-04-12,2,5,53
2021-04-13,2,5,62
2021-04-14,2,5,63
2021-04-15,2,5,57
2021-04-16,2,5,50
2021-04-17,2,5,48
2021-04-18,2,5,53
2021-04-19,2,5,56
2021-04-20,2,5,67
2021-04-21,2,5,67
2021-04-22,2,5,64
2021-04-23,2,5,57
2021-04-24,2,5,53
2021-04-25,2,5,44
2021-04-26,2,5,57
2021-04-27,2,5,65
2021-04-28,2,5,68
2021-04-29,2,5,54
2021-04-30,2,5,53
2021-05-01,2,5,46
2021-05-02,2,5,55
2021-05-03,2,5,48
2021-05-04,2,5,57
2021-05-05,2,5,54
2021-05-06,2,5,57
2021-05-07,2,5,59
2021-05-08,2,5,45
2021-05-09,2,5,47
2021-05-10,2,5,55
2021-05-11,2,5,58
2021-05-12,2,5,62
2021-05-13,2,5,57
2021-05-14,2,5,45
2021-05-15,2,5,44
2021-05-16,2,5,48
2021-05-17,2,5,55
2021-05-18,2,5,63
2021-05-19,2,5,60
2021-05-20,2,5,56
2021-05-21,2,5,50
2021-05-22,2,5,40
2021-05-23,2,5,42
2021-05-24,2,5,50
2021-05-25,2,5,51
2021-05-26,2,5,59
2021-05-27,2,5,57
2021-05-28,2,5,43
2021-05-29,2,5,43
2021-05-30,2,5,40
2021-05-31,2,5,45
2021-06-01,2,5,63
2021-06-02,2,5,52
2021-06-03,2,5,46
2021-06-04,2,5,45
2021-06-05,2,5,41
2021-06-06,2,5,44
2021-06-07,2,5,55
2021-06-08,2,5,50
2021-06-09,2,5,52
2021-06-10,2,5,56
2021-06-11,2,5,47
2021-06-12,2,5,41
2021-06-13,2,5,37
2021-06-14,2,5,50
2021-06-15,2,5,55
2021-06-16,2,5,54
2021-06-17,2,5,46
2021-06-18,2,5,42
2021-06-19,2,5,43
2021-06-20,2,5,34
2021-06-21,2,5,41
2021-06-22,2,5,47
2021-06-23,2,5,50
2021-06-24,2,5,47
2021-06-25,2,5,43
2021-06-26,2,5,37
2021-06-27,2,5,36
2021-06-28,2,5,43
2021-06-29,2,5,51
2021-06-30,2,5,43
2021-07-01,2,5,49
2021-07-02,2,5,34
2021-07-03,2,5,31
2021-07-04,2,5,36
2021-07-05,2,5,40
2021-07-06,2,5,48
2021-07-07,2,5,48
2021-07-08,2,5,42
2021-07-09,2,5,42
2021-07-10,2,5,34
2021-07-11,2,5,34
2021-07-12,2,5,41
2021-07-13,2,5,42
2021-07-14,2,5,55
2021-07-15,2,5,37
2021-07-16,2,5,35
2021-07-17,2,5,29
2021-07-18,2,5,30
2021-07-19,2,5,35
2021-07-20,2,5,40
2021-07-21,2,5,49
2021-07-22,2,5,35
2021-07-23,2,5,37
2021-07-24,2,5,31
2021-07-25,2,5,28
2021-07-26,2,5,38
2021-07-27,2,5,41
2021-07-28,2,5,38
2021-07-29,2,5,34
2021-07-30,2,5,34
2021-07-31,2,5,29
2021-08-01,2,5,29
2021-08-02,2,5,32
2021-08-03,2,5,39
2021-08-04,2,5,40
2021-08-05,2,5,30
2021-08-06,2,5,30
2021-08-07,2,5,27
2021-08-08,2,5,27
2021-08-09,2,5,40
2021-08-10,2,5,34
2021-08-11,2,5,37
2021-08-12,2,5,36
2021-08-13,2,5,29
2021-08-14,2,5,16
2021-08-15,2,5,27
2021-08-16,2,5,32
2021-08-17,2,5,29
2021-08-18,2,5,38
2021-08-19,2,5,31
2021-08-20,2,5,25
2021-08-21,2,5,17
2021-08-22,2,5,26
2021-08-23,2,5,37
2021-08-24,2,5,37
2021-08-25,2,5,29
2021-08-26,2,5,34
2021-08-27,2,5,25
2021-08-28,2,5,17
2021-08-29,2,5,24
2021-08-30,2,5,33
2021-08-31,2,5,33
2021-09-01,2,5,30
2021-09-02,2,5,24
2021-09-03,2,5,22
2021-09-04,2,5,20
2021-09-05,2,5,20
2021-09-06,2,5,26
2021-09-07,2,5,37
2021-09-08,2,5,38
2021-09-09,2,5,32
2021-09-10,2,5,28
2021-09-11,2,5,17
2021-09-12,2,5,17
2021-09-13,2,5,26
2021-09-14,2,5,32
2021-09-15,2,5,27
2021-09-16,2,5,29
2021-09-17,2,5,28
2021-09-18,2,5,23
2021-09-19,2,5,23
2021-09-20,2,5,28
2021-09-21,2,5,39
2021-09-22,2,5,31
2021-09-23,2,5,27
2021-09-24,2,5,28
2021-09-25,2,5,19
2021-09-26,2,5,18
2021-09-27,2,5,29
2021-09-28,2,5,32
2021-09-29,2,5,32
2021-09-30,2,5,27
2021-10-01,2,5,25
2021-10-02,2,5,20
2021-10-03,2,5,27
2021-10-04,2,5,26
2021-10-05,2,5,32
2021-10-06,2,5,41
2021-10-07,2,5,35
2021-10-08,2,5,24
2021-10-09,2,5,13
2021-10-10,2,5,18
2021-10-11,2,5,23
2021-10-12,2,5,34
2021-10-13,2,5,33
2021-10-14,2,5,38
2021-10-15,2,5,18
2021-10-16,2,5,15
2021-10-17,2,5,23
2021-10-18,2,5,30
2021-10-19,2,5,24
2021-10-20,2,5,29
2021-10-21,2,5,31
2021-10-22,2,5,30
2021-10-23,2,5,28
2021-10-24,2,5,21
2021-10-25,2,5,28
2021-10-26,2,5,32
2021-10-27,2,5,39
2021-10-28,2,5,39
2021-10-29,2,5,31
2021-10-30,2,5,21
2021-10-31,2,5,20
2021-11-01,2,5,30
2021-11-02,2,5,41
2021-11-03,2,5,36
2021-11-04,2,5,26
2021-11-05,2,5,25
2021-11-06,2,5,21
2021-11-07,2,5,17
2021-11-08,2,5,32
2021-11-09,2,5,39
2021-11-10,2,5,46
2021-11-11,2,5,29
2021-11-12,2,5,31
2021-11-13,2,5,28
2021-11-14,2,5,28
2021-11-15,2,5,28
2021-11-16,2,5,34
2021-11-17,2,5,40
2021-11-18,2,5,36
2021-11-19,2,5,27
2021-11-20,2,5,30
2021-11-21,2,5,25
2021-11-22,2,5,26
2021-11-23,2,5,39
2021-11-24,2,5,43
2021-11-25,2,5,39
2021-11-26,2,5,32
2021-11-27,2,5,33
2021-11-28,2,5,24
2021-11-29,2,5,33
2021-11-30,2,5,47
2021-12-01,2,5,35
2021-12-02,2,5,39
2021-12-03,2,5,37
2021-12-04,2,5,33
2021-12-05,2,5,33
2021-12-06,2,5,39
2021-12-07,2,5,39
2021-12-08,2,5,50
2021-12-09,2,5,36
2021-12-10,2,5,29
2021-12-11,2,5,31
2021-12-12,2,5,30
2021-12-13,2,5,39
2021-12-14,2,5,46
2021-12-15,2,5,54
2021-12-16,2,5,44
2021-12-17,2,5,33
2021-12-18,2,5,34
2021-12-19,2,5,30
2021-12-20,2,5,44
2021-12-21,2,5,47
2021-12-22,2,5,50
2021-12-23,2,5,37
2021-12-24,2,5,29
2021-12-25,2,5,28
2021-12-26,2,5,42
2021-12-27,2,5,37
2021-12-28,2,5,51
2021-12-29,2,5,48
2021-12-30,2,5,45
2021-12-31,2,5,39
2022-01-01,2,5,42
2022-01-02,2,5,40
2022-01-03,2,5,45
2022-01-04,2,5,55
2022-01-05,2,5,50
2022-01-06,2,5,52
2022-01-07,2,5,45
2022-01-08,2,5,41
2022-01-09,2,5,38
2022-01-10,2,5,44
2022-01-11,2,5,49
2022-01-12,2,5,51
2022-01-13,2,5,46
2022-01-14,2,5,45
2022-01-15,2,5,38
2022-01-16,2,5,43
2022-01-17,2,5,49
2022-01-18,2,5,50
2022-01-19,2,5,51
2022-01-20,2,5,51
2022-01-21,2,5,42
2022-01-22,2,5,37
2022-01-23,2,5,49
2022-01-24,2,5,43
2022-01-25,2,5,64
2022-01-26,2,5,59
2022-01-27,2,5,57
2022-01-28,2,5,50
2022-01-29,2,5,45
2022-01-30,2,5,51
2022-01-31,2,5,47
2022-02-01,2,5,57
2022-02-02,2,5,56
2022-02-03,2,5,48
2022-02-04,2,5,46
2022-02-05,2,5,52
2022-02-06,2,5,45
2022-02-07,2,5,60
2022-02-08,2,5,67
2022-02-09,2,5,73
2022-02-10,2,5,64
2022-02-11,2,5,59
2022-02-12,2,5,47
2022-02-13,2,5,48
2022-02-14,2,5,55
2022-02-15,2,5,60
2022-02-16,2,5,63
2022-02-17,2,5,61
2022-02-18,2,5,49
2022-02-19,2,5,41
2022-02-20,2,5,50
2022-02-21,2,5,52
2022-02-22,2,5,59
2022-02-23,2,5,63
2022-02-24,2,5,58
2022-02-25,2,5,57
2022-02-26,2,5,47
2022-02-27,2,5,54
2022-02-28,2,5,57
2022-03-01,2,5,62
2022-03-02,2,5,65
2022-03-03,2,5,55
2022-03-04,2,5,55
2022-03-05,2,5,53
2022-03-06,2,5,55
2022-03-07,2,5,52
2022-03-08,2,5,57
2022-03-09,2,5,63
2022-03-10,2,5,67
2022-03-11,2,5,55
2022-03-12,2,5,47
2022-03-13,2,5,46
2022-03-14,2,5,55
2022-03-15,2,5,61
2022-03-16,2,5,70
2022-03-17,2,5,66
2022-03-18,2,5,51
2022-03-19,2,5,53
2022-03-20,2,5,55
2022-03-21,2,5,54
2022-03-22,2,5,64
2022-03-23,2,5,68
2022-03-24,2,5,63
2022-03-25,2,5,48
2022-03-26,2,5,51
2022-03-27,2,5,55
2022-03-28,2,5,65
2022-03-29,2,5,62
2022-03-30,2,5,64
2022-03-31,2,5,61
2022-04-01,2,5,56
2022-04-02,2,5,51
2022-04-03,2,5,55
2022-04-04,2,5,54
2022-04-05,2,5,67
2022-04-06,2,5,64
2022-04-07,2,5,62
2022-04-08,2,5,62
2022-04-09,2,5,45
2022-04-10,2,5,51
2022-04-11,2,5,54
2022-04-12,2,5,65
2022-04-13,2,5,71
2022-04-14,2,5,63
2022-04-15,2,5,55
2022-04-16,2,5,56
2022-04-17,2,5,53
2022-04-18,2,5,62
2022-04-19,2,5,67
2022-04-20,2,5,54
2022-04-21,2,5,61
2022-04-22,2,5,50
2022-04-23,2,5,47
2022-04-24,2,5,58
2022-04-25,2,5,56
2022-04-26,2,5,71
2022-04-27,2,5,60
2022-04-28,2,5,57
2022-04-29,2,5,57
2022-04-30,2,5,48
2022-05-01,2,5,52
2022-05-02,2,5,57
2022-05-03,2,5,63
2022-05-04,2,5,63
2022-05-05,2,5,61
2022-05-06,2,5,56
2022-05-07,2,5,55
2022-05-08,2,5,49
2022-05-09,2,5,54
2022-05-10,2,5,60
2022-05-11,2,5,69
2022-05-12,2,5,62
2022-05-13,2,5,44
2022-05-14,2,5,40
2022-05-15,2,5,46
2022-05-16,2,5,56
2022-05-17,2,5,61
2022-05-18,2,5,64
2022-05-19,2,5,57
2022-05-20,2,5,56
2022-05-21,2,5,49
2022-05-22,2,5,48
2022-05-23,2,5,58
2022-05-24,2,5,53
2022-05-25,2,5,61
2022-05-26,2,5,57
2022-05-27,2,5,52
2022-05-28,2,5,38
2022-05-29,2,5,45
2022-05-30,2,5,54
2022-05-31,2,5,60
2022-06-01,2,5,64
2022-06-02,2,5,58
2022-06-03,2,5,48
2022-06-04,2,5,46
2022-06-05,2,5,44
2022-06-06,2,5,51
2022-06-07,2,5,60
2022-06-08,2,5,58
2022-06-09,2,5,55
2022-06-10,2,5,50
2022-06-11,2,5,45
2022-06-12,2,5,48
2022-06-13,2,5,58
2022-06-14,2,5,58
2022-06-15,2,5,55
2022-06-16,2,5,54
2022-06-17,2,5,47
2022-06-18,2,5,43
2022-06-19,2,5,47
2022-06-20,2,5,41
2022-06-21,2,5,60
2022-06-22,2,5,62
2022-06-23,2,5,52
2022-06-24,2,5,45
2022-06-25,2,5,37
2022-06-26,2,5,40
2022-06-27,2,5,49
2022-06-28,2,5,54
2022-06-29,2,5,56
2022-06-30,2,5,51
2022-07-01,2,5,45
2022-07-02,2,5,40
2022-07-03,2,5,34
2022-07-04,2,5,47
2022-07-05,2,5,57
2022-07-06,2,5,51
2022-07-07,2,5,53
2022-07-08,2,5,36
2022-07-09,2,5,35
2022-07-10,2,5,34
2022-07-11,2,5,48
2022-07-12,2,5,55
2022-07-13,2,5,49
2022-07-14,2,5,50
2022-07-15,2,5,44
2022-07-16,2,5,33
2022-07-17,2,5,35
2022-07-18,2,5,43
2022-07-19,2,5,43
2022-07-20,2,5,48
2022-07-21,2,5,52
2022-07-22,2,5,34
2022-07-23,2,5,35
2022-07-24,2,5,35
2022-07-25,2,5,38
2022-07-26,2,5,46
2022-07-27,2,5,53
2022-07-28,2,5,44
2022-07-29,2,5,37
2022-07-30,2,5,36
2022-07-31,2,5,30
2022-08-01,2,5,33
2022-08-02,2,5,50
2022-08-03,2,5,45
2022-08-04,2,5,44
2022-08-05,2,5,30
2022-08-06,2,5,30
2022-08-07,2,5,25
2022-08-08,2,5,36
2022-08-09,2,5,39
2022-08-10,2,5,40
2022-08-11,2,5,38
2022-08-12,2,5,23
2022-08-13,2,5,23
2022-08-14,2,5,32
2022-08-15,2,5,36
2022-08-16,2,5,36
2022-08-17,2,5,44
2022-08-18,2,5,34
2022-08-19,2,5,33
2022-08-20,2,5,26
2022-08-21,2,5,26
2022-08-22,2,5,33
2022-08-23,2,5,50
2022-08-24,2,5,38
2022-08-25,2,5,37
2022-08-26,2,5,33
2022-08-27,2,5,21
2022-08-28,2,5,20
2022-08-29,2,5,30
2022-08-30,2,5,42
2022-08-31,2,5,39
2022-09-01,2,5,35
2022-09-02,2,5,32
2022-09-03,2,5,21
2022-09-04,2,5,25
2022-09-05,2,5,26
2022-09-06,2,5,39
2022-09-07,2,5,40
2022-09-08,2,5,38
2022-09-09,2,5,23
2022-09-10,2,5,23
2022-09-11,2,5,20
2022-09-12,2,5,30
2022-09-13,2,5,43
2022-09-14,2,5,37
2022-09-15,2,5,29
2022-09-16,2,5,25
2022-09-17,2,5,16
2022-09-18,2,5,19
2022-09-19,2,5,33
2022-09-20,2,5,31
2022-09-21,2,5,40
2022-09-22,2,5,34
2022-09-23,2,5,25
2022-09-24,2,5,24
2022-09-25,2,5,20
2022-09-26,2,5,34
2022-09-27,2,5,34
2022-09-28,2,5,37
2022-09-29,2,5,32
2022-09-30,2,5,30
2022-10-01,2,5,25
2022-10-02,2,5,14
2022-10-03,2,5,31
2022-10-04,2,5,30
2022-10-05,2,5,37
2022-10-06,2,5,34
2022-10-07,2,5,26
2022-10-08,2,5,25
2022-10-09,2,5,27
2022-10-10,2,5,28
2022-10-11,2,5,34
2022-10-12,2,5,38
2022-10-13,2,5,28
2022-10-14,2,5,26
2022-10-15,2,5,29
2022-10-16,2,5,19
2022-10-17,2,5,30
2022-10-18,2,5,35
2022-10-19,2,5,47
2022-10-20,2,5,33
2022-10-21,2,5,26
2022-10-22,2,5,20
2022-10-23,2,5,26
2022-10-24,2,5,33
2022-10-25,2,5,35
2022-10-26,2,5,44
2022-10-27,2,5,37
2022-10-28,2,5,32
2022-10-29,2,5,23
2022-10-30,2,5,27
2022-10-31,2,5,32
2022-11-01,2,5,45
2022-11-02,2,5,41
2022-11-03,2,5,37
2022-11-04,2,5,28
2022-11-05,2,5,24
2022-11-06,2,5,28
2022-11-07,2,5,37
2022-11-08,2,5,37
2022-11-09,2,5,42
2022-11-10,2,5,38
2022-11-11,2,5,32
2022-11-12,2,5,20
2022-11-13,2,5,25
2022-11-14,2,5,30
2022-11-15,2,5,42
2022-11-16,2,5,40
2022-11-17,2,5,37
2022-11-18,2,5,28
2022-11-19,2,5,27
2022-11-20,2,5,25
2022-11-21,2,5,39
2022-11-22,2,5,45
2022-11-23,2,5,45
2022-11-24,2,5,39
2022-11-25,2,5,26
2022-11-26,2,5,28
2022-11-27,2,5,28
2022-11-28,2,5,39
2022-11-29,2,5,47
2022-11-30,2,5,47
2022-12-01,2,5,47
2022-12-02,2,5,33
2022-12-03,2,5,29
2022-12-04,2,5,37
2022-12-05,2,5,40
2022-12-06,2,5,45
2022-12-07,2,5,55
2022-12-08,2,5,46
2022-12-09,2,5,36
2022-12-10,2,5,30
2022-12-11,2,5,40
2022-12-12,2,5,42
2022-12-13,2,5,48
2022-12-14,2,5,52
2022-12-15,2,5,49
2022-12-16,2,5,41
2022-12-17,2,5,38
2022-12-18,2,5,38
2022-12-19,2,5,45
2022-12-20,2,5,47
2022-12-21,2,5,59
2022-12-22,2,5,42
2022-12-23,2,5,42
2022-12-24,2,5,31
2022-12-25,2,5,38
2022-12-26,2,5,43
2022-12-27,2,5,52
2022-12-28,2,5,55
2022-12-29,2,5,45
2022-12-30,2,5,42
2022-12-31,2,5,44
2018-01-01,3,1,51
2018-01-02,3,1,55
2018-01-03,3,1,57
2018-01-04,3,1,56
2018-01-05,3,1,42
2018-01-06,3,1,39
2018-01-07,3,1,41
2018-01-08,3,1,48
2018-01-09,3,1,62
2018-01-10,3,1,51
2018-01-11,3,1,49
2018-01-12,3,1,42
2018-01-13,3,1,49
2018-01-14,3,1,43
2018-01-15,3,1,50
2018-01-16,3,1,52
2018-01-17,3,1,59
2018-01-18,3,1,59
2018-01-19,3,1,50
2018-01-20,3,1,45
2018-01-21,3,1,41
2018-01-22,3,1,52
2018-01-23,3,1,60
2018-01-24,3,1,58
2018-01-25,3,1,60
2018-01-26,3,1,54
2018-01-27,3,1,45
2018-01-28,3,1,51
2018-01-29,3,1,55
2018-01-30,3,1,66
2018-01-31,3,1,71
2018-02-01,3,1,55
2018-02-02,3,1,55
2018-02-03,3,1,54
2018-02-04,3,1,46
2018-02-05,3,1,54
2018-02-06,3,1,61
2018-02-07,3,1,64
2018-02-08,3,1,59
2018-02-09,3,1,53
2018-02-10,3,1,53
2018-02-11,3,1,44
2018-02-12,3,1,54
2018-02-13,3,1,67
2018-02-14,3,1,68
2018-02-15,3,1,58
2018-02-16,3,1,58
2018-02-17,3,1,56
2018-02-18,3,1,53
2018-02-19,3,1,55
2018-02-20,3,1,69
2018-02-21,3,1,74
2018-02-22,3,1,60
2018-02-23,3,1,57
2018-02-24,3,1,57
2018-02-25,3,1,54
2018-02-26,3,1,53
2018-02-27,3,1,69
2018-02-28,3,1,65
2018-03-01,3,1,59
2018-03-02,3,1,51
2018-03-03,3,1,58
2018-03-04,3,1,52
2018-03-05,3,1,63
2018-03-06,3,1,70
2018-03-07,3,1,70
2018-03-08,3,1,66
2018-03-09,3,1,60
2018-03-10,3,1,55
2018-03-11,3,1,53
2018-03-12,3,1,59
2018-03-13,3,1,68
2018-03-14,3,1,70
2018-03-15,3,1,68
2018-03-16,3,1,63
2018-03-17,3,1,56
2018-03-18,3,1,53
2018-03-19,3,1,54
2018-03-20,3,1,66
2018-03-21,3,1,65
2018-03-22,3,1,63
2018-03-23,3,1,60
2018-03-24,3,1,55
2018-03-25,3,1,64
2018-03-26,3,1,65
2018-03-27,3,1,77
2018-03-28,3,1,74
2018-03-29,3,1,71
2018-03-30,3,1,58
2018-03-31,3,1,51
2018-04-01,3,1,55
2018-04-02,3,1,63
2018-04-03,3,1,67
2018-04-04,3,1,67
2018-04-05,3,1,68
2018-04-06,3,1,56
2018-04-07,3,1,49
2018-04-08,3,1,52
2018-04-09,3,1,62
2018-04-10,3,1,65
2018-04-11,3,1,70
2018-04-12,3,1,69
2018-04-13,3,1,62
2018-04-14,3,1,52
2018-04-15,3,1,51
2018-04-16,3,1,60
2018-04-17,3,1,72
2018-04-18,3,1,74
2018-04-19,3,1,67
2018-04-20,3,1,64
2018-04-21,3,1,62
2018-04-22,3,1,54
2018-04-23,3,1,68
2018-04-24,3,1,67
2018-04-25,3,1,74
2018-04-26,3,1,68
2018-04-27,3,1,50
2018-04-28,3,1,50
2018-04-29,3,1,50
2018-04-30,3,1,54
2018-05-01,3,1,71
2018-05-02,3,1,77
2018-05-03,3,1,64
2018-05-04,3,1,61
2018-05-05,3,1,59
2018-05-06,3,1,55
2018-05-07,3,1,60
2018-05-08,3,1,66
2018-05-09,3,1,70
2018-05-10,3,1,67
2018-05-11,3,1,58
2018-05-12,3,1,54
2018-05-13,3,1,53
2018-05-14,3,1,53
2018-05-15,3,1,69
2018-05-16,3,1,62
2018-05-17,3,1,65
2018-05-18,3,1,58
2018-05-19,3,1,46
2018-05-20,3,1,50
2018-05-21,3,1,67
2018-05-22,3,1,64
2018-05-23,3,1,61
2018-05-24,3,1,64
2018-05-25,3,1,51
2018-05-26,3,1,42
2018-05-27,3,1,53
2018-05-28,3,1,53
2018-05-29,3,1,64
2018-05-30,3,1,61
2018-05-31,3,1,62
2018-06-01,3,1,53
2018-06-02,3,1,38
2018-06-03,3,1,51
2018-06-04,3,1,54
2018-06-05,3,1,67
2018-06-06,3,1,64
2018-06-07,3,1,61
2018-06-08,3,1,48
2018-06-09,3,1,43
2018-06-10,3,1,48
2018-06-11,3,1,52
2018-06-12,3,1,65
2018-06-13,3,1,60
2018-06-14,3,1,52
2018-06-15,3,1,46
2018-06-16,3,1,49
2018-06-17,3,1,45
2018-06-18,3,1,51
2018-06-19,3,1,62
2018-06-20,3,1,56
2018-06-21,3,1,46
2018-06-22,3,1,44
2018-06-23,3,1,44
2018-06-24,3,1,43
2018-06-25,3,1,44
2018-06-26,3,1,60
2018-06-27,3,1,58
2018-06-28,3,1,55
2018-06-29,3,1,47
2018-06-30,3,1,36
2018-07-01,3,1,44
2018-07-02,3,1,52
2018-07-03,3,1,59
2018-07-04,3,1,59
2018-07-05,3,1,53
2018-07-06,3,1,37
2018-07-07,3,1,39
2018-07-08,3,1,37
2018-07-09,3,1,52
2018-07-10,3,1,57
2018-07-11,3,1,50
2018-07-12,3,1,49
2018-07-13,3,1,43
2018-07-14,3,1,41
2018-07-15,3,1,32
2018-07-16,3,1,36
2018-07-17,3,1,51
2018-07-18,3,1,42
2018-07-19,3,1,48
2018-07-20,3,1,43
2018-07-21,3,1,41
2018-07-22,3,1,35
2018-07-23,3,1,44
2018-07-24,3,1,52
2018-07-25,3,1,46
2018-07-26,3,1,50
2018-07-27,3,1,40
2018-07-28,3,1,32
2018-07-29,3,1,36
2018-07-30,3,1,41
2018-07-31,3,1,51
2018-08-01,3,1,48
2018-08-02,3,1,45
2018-08-03,3,1,35
2018-08-04,3,1,29
2018-08-05,3,1,35
2018-08-06,3,1,37
2018-08-07,3,1,49
2018-08-08,3,1,50
2018-08-09,3,1,40
2018-08-10,3,1,37
2018-08-11,3,1,28
2018-08-12,3,1,26
2018-08-13,3,1,36
2018-08-14,3,1,45
2018-08-15,3,1,48
2018-08-16,3,1,42
2018-08-17,3,1,38
2018-08-18,3,1,26
2018-08-19,3,1,30
2018-08-20,3,1,44
2018-08-21,3,1,36
2018-08-22,3,1,43
2018-08-23,3,1,36
2018-08-24,3,1,33
2018-08-25,3,1,27
2018-08-26,3,1,33
2018-08-27,3,1,38
2018-08-28,3,1,37
2018-08-29,3,1,42
2018-08-30,3,1,40
2018-08-31,3,1,35
2018-09-01,3,1,38
2018-09-02,3,1,32
2018-09-03,3,1,32
2018-09-04,3,1,41
2018-09-05,3,1,44
2018-09-06,3,1,37
2018-09-07,3,1,34
2018-09-08,3,1,18
2018-09-09,3,1,31
2018-09-10,3,1,33
2018-09-11,3,1,41
2018-09-12,3,1,48
2018-09-13,3,1,33
2018-09-14,3,1,32
2018-09-15,3,1,30
2018-09-16,3,1,29
2018-09-17,3,1,28
2018-09-18,3,1,46
2018-09-19,3,1,41
2018-09-20,3,1,36
2018-09-21,3,1,30
2018-09-22,3,1,25
2018-09-23,3,1,23
2018-09-24,3,1,35
2018-09-25,3,1,38
2018-09-26,3,1,45
2018-09-27,3,1,40
2018-09-28,3,1,37
2018-09-29,3,1,25
2018-09-30,3,1,25
2018-10-01,3,1,28
2018-10-02,3,1,49
2018-10-03,3,1,45
2018-10-04,3,1,35
2018-10-05,3,1,37
2018-10-06,3,1,32
2018-10-07,3,1,23
2018-10-08,3,1,31
2018-10-09,3,1,40
2018-10-10,3,1,38
2018-10-11,3,1,37
2018-10-12,3,1,34
2018-10-13,3,1,21
2018-10-14,3,1,29
2018-10-15,3,1,39
2018-10-16,3,1,43
2018-10-17,3,1,42
2018-10-18,3,1,36
2018-10-19,3,1,35
2018-10-20,3,1,23
2018-10-21,3,1,30
2018-10-22,3,1,35
2018-10-23,3,1,46
2018-10-24,3,1,41
2018-10-25,3,1,37
2018-10-26,3,1,27
2018-10-27,3,1,30
2018-10-28,3,1,28
2018-10-29,3,1,33
2018-10-30,3,1,39
2018-10-31,3,1,46
2018-11-01,3,1,35
2018-11-02,3,1,29
2018-11-03,3,1,32
2018-11-04,3,1,30
2018-11-05,3,1,41
2018-11-06,3,1,42
2018-11-07,3,1,45
2018-11-08,3,1,42
2018-11-09,3,1,40
2018-11-10,3,1,35
2018-11-11,3,1,36
2018-11-12,3,1,36
2018-11-13,3,1,41
2018-11-14,3,1,49
2018-11-15,3,1,48
2018-11-16,3,1,40
2018-11-17,3,1,31
2018-11-18,3,1,36
2018-11-19,3,1,42
2018-11-20,3,1,47
2018-11-21,3,1,48
2018-11-22,3,1,44
2018-11-23,3,1,34
2018-11-24,3,1,30
2018-11-25,3,1,32
2018-11-26,3,1,35
2018-11-27,3,1,48
2018-11-28,3,1,49
2018-11-29,3,1,48
2018-11-30,3,1,43
2018-12-01,3,1,40
2018-12-02,3,1,42
2018-12-03,3,1,39
2018-12-04,3,1,43
2018-12-05,3,1,55
2018-12-06,3,1,52
2018-12-07,3,1,46
2018-12-08,3,1,38
2018-12-09,3,1,30
2018-12-10,3,1,46
2018-12-11,3,1,53
2018-12-12,3,1,57
2018-12-13,3,1,54
2018-12-14,3,1,45
2018-12-15,3,1,35
2018-12-16,3,1,35
2018-12-17,3,1,48
2018-12-18,3,1,49
2018-12-19,3,1,60
2018-12-20,3,1,43
2018-12-21,3,1,46
2018-12-22,3,1,41
2018-12-23,3,1,40
2018-12-24,3,1,44
2018-12-25,3,1,46
2018-12-26,3,1,54
2018-12-27,3,1,50
2018-12-28,3,1,50
2018-12-29,3,1,38
2018-12-30,3,1,45
2018-12-31,3,1,44
2019-01-01,3,1,58
2019-01-02,3,1,49
2019-01-03,3,1,62
2019-01-04,3,1,47
2019-01-05,3,1,32
2019-01-06,3,1,42
2019-01-07,3,1,48
2019-01-08,3,1,55
2019-01-09,3,1,58
2019-01-10,3,1,53
2019-01-11,3,1,46
2019-01-12,3,1,40
2019-01-13,3,1,50
2019-01-14,3,1,58
2019-01-15,3,1,59
2019-01-16,3,1,62
2019-01-17,3,1,53
2019-01-18,3,1,51
2019-01-19,3,1,48
2019-01-20,3,1,48
2019-01-21,3,1,57
2019-01-22,3,1,63
2019-01-23,3,1,59
2019-01-24,3,1,64
2019-01-25,3,1,52
2019-01-26,3,1,55
2019-01-27,3,1,52
2019-01-28,3,1,65
2019-01-29,3,1,68
2019-01-30,3,1,66
2019-01-31,3,1,58
2019-02-01,3,1,51
2019-02-02,3,1,52
2019-02-03,3,1,52
2019-02-04,3,1,56
2019-02-05,3,1,68
2019-02-06,3,1,67
2019-02-07,3,1,66
2019-02-08,3,1,52
2019-02-09,3,1,56
2019-02-10,3,1,55
2019-02-11,3,1,65
2019-02-12,3,1,70
2019-02-13,3,1,68
2019-02-14,3,1,63
2019-02-15,3,1,64
2019-02-16,3,1,52
2019-02-17,3,1,58
2019-02-18,3,1,60
2019-02-19,3,1,60
2019-02-20,3,1,64
2019-02-21,3,1,67
2019-02-22,3,1,61
2019-02-23,3,1,56
2019-02-24,3,1,60
2019-02-25,3,1,64
2019-02-26,3,1,66
2019-02-27,3,1,73
2019-02-28,3,1,67
2019-03-01,3,1,57
2019-03-02,3,1,57
2019-03-03,3,1,57
2019-03-04,3,1,61
2019-03-05,3,1,69
2019-03-06,3,1,77
2019-03-07,3,1,73
2019-03-08,3,1,61
2019-03-09,3,1,56
2019-03-10,3,1,52
2019-03-11,3,1,71
2019-03-12,3,1,74
2019-03-13,3,1,75
2019-03-14,3,1,59
2019-03-15,3,1,61
2019-03-16,3,1,56
2019-03-17,3,1,61
2019-03-18,3,1,63
2019-03-19,3,1,70
2019-03-20,3,1,75
2019-03-21,3,1,65
2019-03-22,3,1,59
2019-03-23,3,1,58
2019-03-24,3,1,64
2019-03-25,3,1,68
2019-03-26,3,1,76
2019-03-27,3,1,73
2019-03-28,3,1,74
2019-03-29,3,1,55
2019-03-30,3,1,65
2019-03-31,3,1,67
2019-04-01,3,1,67
2019-04-02,3,1,75
2019-04-03,3,1,73
2019-04-04,3,1,68
2019-04-05,3,1,59
2019-04-06,3,1,57
2019-04-07,3,1,61
2019-04-08,3,1,67
2019-04-09,3,1,79
2019-04-10,3,1,73
2019-04-11,3,1,62
2019-04-12,3,1,68
2019-04-13,3,1,52
2019-04-14,3,1,56
2019-04-15,3,1,66
2019-04-16,3,1,73
2019-04-17,3,1,67
2019-04-18,3,1,65
2019-04-19,3,1,55
2019-04-20,3,1,59
2019-04-21,3,1,63
2019-04-22,3,1,59
2019-04-23,3,1,74
2019-04-24,3,1,76
2019-04-25,3,1,65
2019-04-26,3,1,52
2019-04-27,3,1,52
2019-04-28,3,1,55
2019-04-29,3,1,70
2019-04-30,3,1,69
2019-05-01,3,1,67
2019-05-02,3,1,67
2019-05-03,3,1,54
2019-05-04,3,1,57
2019-05-05,3,1,53
2019-05-06,3,1,59
2019-05-07,3,1,70
2019-05-08,3,1,77
2019-05-09,3,1,75
2019-05-10,3,1,54
2019-05-11,3,1,52
2019-05-12,3,1,58
2019-05-13,3,1,66
2019-05-14,3,1,59
2019-05-15,3,1,69
2019-05-16,3,1,63
2019-05-17,3,1,50
2019-05-18,3,1,48
2019-05-19,3,1,52
2019-05-20,3,1,61
2019-05-21,3,1,70
2019-05-22,3,1,69
2019-05-23,3,1,67
2019-05-24,3,1,56
2019-05-25,3,1,49
2019-05-26,3,1,52
2019-05-27,3,1,62
2019-05-28,3,1,69
2019-05-29,3,1,66
2019-05-30,3,1,58
2019-05-31,3,1,56
2019-06-01,3,1,52
2019-06-02,3,1,56
2019-06-03,3,1,55
2019-06-04,3,1,61
2019-06-05,3,1,68
2019-06-06,3,1,59
2019-06-07,3,1,51
2019-06-08,3,1,54
2019-06-09,3,1,44
2019-06-10,3,1,64
2019-06-11,3,1,59
2019-06-12,3,1,67
2019-06-13,3,1,58
2019-06-14,3,1,53
2019-06-15,3,1,46
2019-06-16,3,1,52
2019-06-17,3,1,53
2019-06-18,3,1,58
2019-06-19,3,1,69
2019-06-20,3,1,57
2019-06-21,3,1,47
2019-06-22,3,1,39
2019-06-23,3,1,54
2019-06-24,3,1,50
2019-06-25,3,1,67
2019-06-26,3,1,61
2019-06-27,3,1,56
2019-06-28,3,1,49
2019-06-29,3,1,52
2019-06-30,3,1,36
2019-07-01,3,1,52
2019-07-02,3,1,56
2019-07-03,3,1,57
2019-07-04,3,1,54
2019-07-05,3,1,45
2019-07-06,3,1,42
2019-07-07,3,1,43
2019-07-08,3,1,44
2019-07-09,3,1,56
2019-07-10,3,1,59
2019-07-11,3,1,50
2019-07-12,3,1,52
2019-07-13,3,1,45
2019-07-14,3,1,45
2019-07-15,3,1,51
2019-07-16,3,1,53
2019-07-17,3,1,59
2019-07-18,3,1,56
2019-07-19,3,1,46
2019-07-20,3,1,36
2019-07-21,3,1,39
2019-07-22,3,1,48
2019-07-23,3,1,55
2019-07-24,3,1,53
2019-07-25,3,1,46
2019-07-26,3,1,47
2019-07-27,3,1,32
2019-07-28,3,1,34
2019-07-29,3,1,39
2019-07-30,3,1,46
2019-07-31,3,1,56
2019-08-01,3,1,52
2019-08-02,3,1,39
2019-08-03,3,1,37
2019-08-04,3,1,36
2019-08-05,3,1,38
2019-08-06,3,1,57
2019-08-07,3,1,55
2019-08-08,3,1,47
2019-08-09,3,1,35
2019-08-10,3,1,33
2019-08-11,3,1,32
2019-08-12,3,1,41
2019-08-13,3,1,48
2019-08-14,3,1,47
2019-08-15,3,1,38
2019-08-16,3,1,45
2019-08-17,3,1,33
2019-08-18,3,1,35
2019-08-19,3,1,38
2019-08-20,3,1,40
2019-08-21,3,1,47
2019-08-22,3,1,41
2019-08-23,3,1,38
2019-08-24,3,1,35
2019-08-25,3,1,36
2019-08-26,3,1,43
2019-08-27,3,1,52
2019-08-28,3,1,48
2019-08-29,3,1,46
2019-08-30,3,1,37
2019-08-31,3,1,23
2019-09-01,3,1,31
2019-09-02,3,1,34
2019-09-03,3,1,45
2019-09-04,3,1,42
2019-09-05,3,1,43
2019-09-06,3,1,38
2019-09-07,3,1,34
2019-09-08,3,1,37
2019-09-09,3,1,30
2019-09-10,3,1,38
2019-09-11,3,1,56
2019-09-12,3,1,44
2019-09-13,3,1,34
2019-09-14,3,1,29
2019-09-15,3,1,30
2019-09-16,3,1,29
2019-09-17,3,1,40
2019-09-18,3,1,44
2019-09-19,3,1,37
2019-09-20,3,1,30
2019-09-21,3,1,39
2019-09-22,3,1,29
2019-09-23,3,1,37
2019-09-24,3,1,43
2019-09-25,3,1,46
2019-09-26,3,1,38
2019-09-27,3,1,38
2019-09-28,3,1,30
2019-09-29,3,1,25
2019-09-30,3,1,36
2019-10-01,3,1,42
2019-10-02,3,1,43
2019-10-03,3,1,42
2019-10-04,3,1,35
2019-10-05,3,1,30
2019-10-06,3,1,31
2019-10-07,3,1,37
2019-10-08,3,1,34
2019-10-09,3,1,47
2019-10-10,3,1,42
2019-10-11,3,1,29
2019-10-12,3,1,30
2019-10-13,3,1,33
2019-10-14,3,1,41
2019-10-15,3,1,45
2019-10-16,3,1,46
2019-10-17,3,1,44
2019-10-18,3,1,32
2019-10-19,3,1,31
2019-10-20,3,1,28
2019-10-21,3,1,42
2019-10-22,3,1,37
2019-10-23,3,1,48
2019-10-24,3,1,41
2019-10-25,3,1,38
2019-10-26,3,1,27
2019-10-27,3,1,32
2019-10-28,3,1,38
2019-10-29,3,1,46
2019-10-30,3,1,42
2019-10-31,3,1,44
2019-11-01,3,1,28
2019-11-02,3,1,28
2019-11-03,3,1,26
2019-11-04,3,1,42
2019-11-05,3,1,47
2019-11-06,3,1,49
2019-11-07,3,1,49
2019-11-08,3,1,35
2019-11-09,3,1,34
2019-11-10,3,1,34
2019-11-11,3,1,40
2019-11-12,3,1,52
2019-11-13,3,1,56
2019-11-14,3,1,42
2019-11-15,3,1,41
2019-11-16,3,1,34
2019-11-17,3,1,36
2019-11-18,3,1,42
2019-11-19,3,1,46
2019-11-20,3,1,35
2019-11-21,3,1,51
2019-11-22,3,1,36
2019-11-23,3,1,33
2019-11-24,3,1,35
2019-11-25,3,1,40
2019-11-26,3,1,50
2019-11-27,3,1,51
2019-11-28,3,1,44
2019-11-29,3,1,41
2019-11-30,3,1,36
2019-12-01,3,1,41
2019-12-02,3,1,39
2019-12-03,3,1,48
2019-12-04,3,1,55
2019-12-05,3,1,46
2019-12-06,3,1,38
2019-12-07,3,1,35
2019-12-08,3,1,39
2019-12-09,3,1,46
2019-12-10,3,1,52
2019-12-11,3,1,50
2019-12-12,3,1,53
2019-12-13,3,1,49
2019-12-14,3,1,32
2019-12-15,3,1,35
2019-12-16,3,1,52
2019-12-17,3,1,60
2019-12-18,3,1,47
2019-12-19,3,1,55
2019-12-20,3,1,52
2019-12-21,3,1,38
2019-12-22,3,1,49
2019-12-23,3,1,49
2019-12-24,3,1,57
2019-12-25,3,1,55
2019-12-26,3,1,58
2019-12-27,3,1,50
2019-12-28,3,1,50
2019-12-29,3,1,51
2019-12-30,3,1,51
2019-12-31,3,1,70
2020-01-01,3,1,65
2020-01-02,3,1,58
2020-01-03,3,1,45
2020-01-04,3,1,39
2020-01-05,3,1,41
2020-01-06,3,1,49
2020-01-07,3,1,65
2020-01-08,3,1,63
2020-01-09,3,1,55
2020-01-10,3,1,50
2020-01-11,3,1,46
2020-01-12,3,1,52
2020-01-13,3,1,51
2020-01-14,3,1,63
2020-01-15,3,1,64
2020-01-16,3,1,56
2020-01-17,3,1,59
2020-01-18,3,1,47
2020-01-19,3,1,46
2020-01-20,3,1,60
2020-01-21,3,1,63
2020-01-22,3,1,67
2020-01-23,3,1,56
2020-01-24,3,1,58
2020-01-25,3,1,59
2020-01-26,3,1,47
2020-01-27,3,1,60
2020-01-28,3,1,62
2020-01-29,3,1,77
2020-01-30,3,1,68
2020-01-31,3,1,57
2020-02-01,3,1,47
2020-02-02,3,1,50
2020-02-03,3,1,63
2020-02-04,3,1,61
2020-02-05,3,1,63
2020-02-06,3,1,64
2020-02-07,3,1,58
2020-02-08,3,1,55
2020-02-09,3,1,53
2020-02-10,3,1,65
2020-02-11,3,1,65
2020-02-12,3,1,72
2020-02-13,3,1,66
2020-02-14,3,1,61
2020-02-15,3,1,59
2020-02-16,3,1,55
2020-02-17,3,1,60
2020-02-18,3,1,63
2020-02-19,3,1,63
2020-02-20,3,1,66
2020-02-21,3,1,60
2020-02-22,3,1,52
2020-02-23,3,1,54
2020-02-24,3,1,70
2020-02-25,3,1,74
2020-02-26,3,1,67
2020-02-27,3,1,66
2020-02-28,3,1,63
2020-02-29,3,1,54
2020-03-01,3,1,55
2020-03-02,3,1,64
2020-03-03,3,1,76
2020-03-04,3,1,78
2020-03-05,3,1,66
2020-03-06,3,1,64
2020-03-07,3,1,58
2020-03-08,3,1,55
2020-03-09,3,1,65
2020-03-10,3,1,67
2020-03-11,3,1,79
2020-03-12,3,1,76
2020-03-13,3,1,61
2020-03-14,3,1,56
2020-03-15,3,1,64
2020-03-16,3,1,71
2020-03-17,3,1,68
2020-03-18,3,1,74
2020-03-19,3,1,70
2020-03-20,3,1,60
2020-03-21,3,1,61
2020-03-22,3,1,58
2020-03-23,3,1,65
2020-03-24,3,1,73
2020-03-25,3,1,69
2020-03-26,3,1,62
2020-03-27,3,1,67
2020-03-28,3,1,56
2020-03-29,3,1,69
2020-03-30,3,1,75
2020-03-31,3,1,71
2020-04-01,3,1,84
2020-04-02,3,1,74
2020-04-03,3,1,61
2020-04-04,3,1,49
2020-04-05,3,1,64
2020-04-06,3,1,67
2020-04-07,3,1,75
2020-04-08,3,1,74
2020-04-09,3,1,66
2020-04-10,3,1,62
2020-04-11,3,1,62
2020-04-12,3,1,59
2020-04-13,3,1,65
2020-04-14,3,1,67
2020-04-15,3,1,75
2020-04-16,3,1,66
2020-04-17,3,1,67
2020-04-18,3,1,56
2020-04-19,3,1,59
2020-04-20,3,1,75
2020-04-21,3,1,71
2020-04-22,3,1,72
2020-04-23,3,1,72
2020-04-24,3,1,55
2020-04-25,3,1,63
2020-04-26,3,1,63
2020-04-27,3,1,68
2020-04-28,3,1,58
2020-04-29,3,1,72
2020-04-30,3,1,64
2020-05-01,3,1,66
2020-05-02,3,1,61
2020-05-03,3,1,60
2020-05-04,3,1,60
2020-05-05,3,1,77
2020-05-06,3,1,71
2020-05-07,3,1,75
2020-05-08,3,1,62
2020-05-09,3,1,58
2020-05-10,3,1,56
2020-05-11,3,1,69
2020-05-12,3,1,72
2020-05-13,3,1,77
2020-05-14,3,1,67
2020-05-15,3,1,59
2020-05-16,3,1,57
2020-05-17,3,1,62
2020-05-18,3,1,67
2020-05-19,3,1,69
2020-05-20,3,1,63
2020-05-21,3,1,69
2020-05-22,3,1,53
2020-05-23,3,1,54
2020-05-24,3,1,55
2020-05-25,3,1,56
2020-05-26,3,1,69
2020-05-27,3,1,77
2020-05-28,3,1,63
2020-05-29,3,1,60
2020-05-30,3,1,62
2020-05-31,3,1,57
2020-06-01,3,1,57
2020-06-02,3,1,67
2020-06-03,3,1,69
2020-06-04,3,1,68
2020-06-05,3,1,60
2020-06-06,3,1,40
2020-06-07,3,1,49
2020-06-08,3,1,58
2020-06-09,3,1,60
2020-06-10,3,1,51
2020-06-11,3,1,58
2020-06-12,3,1,54
2020-06-13,3,1,47
2020-06-14,3,1,46
2020-06-15,3,1,57
2020-06-16,3,1,64
2020-06-17,3,1,62
2020-06-18,3,1,65
2020-06-19,3,1,52
2020-06-20,3,1,44
2020-06-21,3,1,44
2020-06-22,3,1,54
2020-06-23,3,1,65
2020-06-24,3,1,59
2020-06-25,3,1,60
2020-06-26,3,1,51
2020-06-27,3,1,54
2020-06-28,3,1,48
2020-06-29,3,1,50
2020-06-30,3,1,62
2020-07-01,3,1,63
2020-07-02,3,1,54
2020-07-03,3,1,44
2020-07-04,3,1,46
2020-07-05,3,1,45
2020-07-06,3,1,45
2020-07-07,3,1,58
2020-07-08,3,1,56
2020-07-09,3,1,48
2020-07-10,3,1,45
2020-07-11,3,1,47
2020-07-12,3,1,48
2020-07-13,3,1,53
2020-07-14,3,1,57
2020-07-15,3,1,59
2020-07-16,3,1,53
2020-07-17,3,1,41
2020-07-18,3,1,37
2020-07-19,3,1,39
2020-07-20,3,1,53
2020-07-21,3,1,58
2020-07-22,3,1,51
2020-07-23,3,1,51
2020-07-24,3,1,42
2020-07-25,3,1,38
2020-07-26,3,1,38
2020-07-27,3,1,52
2020-07-28,3,1,52
2020-07-29,3,1,54
2020-07-30,3,1,50
2020-07-31,3,1,38
2020-08-01,3,1,38
2020-08-02,3,1,43
2020-08-03,3,1,50
2020-08-04,3,1,46
2020-08-05,3,1,46
2020-08-06,3,1,48
2020-08-07,3,1,45
2020-08-08,3,1,37
2020-08-09,3,1,40
2020-08-10,3,1,38
2020-08-11,3,1,47
2020-08-12,3,1,42
2020-08-13,3,1,45
2020-08-14,3,1,30
2020-08-15,3,1,40
2020-08-16,3,1,42
2020-08-17,3,1,42
2020-08-18,3,1,42
2020-08-19,3,1,51
2020-08-20,3,1,52
2020-08-21,3,1,40
2020-08-22,3,1,38
2020-08-23,3,1,33
2020-08-24,3,1,37
2020-08-25,3,1,47
2020-08-26,3,1,41
2020-08-27,3,1,53
2020-08-28,3,1,37
2020-08-29,3,1,36
2020-08-30,3,1,32
2020-08-31,3,1,34
2020-09-01,3,1,52
2020-09-02,3,1,43
2020-09-03,3,1,44
2020-09-04,3,1,38
2020-09-05,3,1,32
2020-09-06,3,1,30
2020-09-07,3,1,38
2020-09-08,3,1,41
2020-09-09,3,1,50
2020-09-10,3,1,45
2020-09-11,3,1,35
2020-09-12,3,1,29
2020-09-13,3,1,41
2020-09-14,3,1,33
2020-09-15,3,1,39
2020-09-16,3,1,46
2020-09-17,3,1,41
2020-09-18,3,1,39
2020-09-19,3,1,33
2020-09-20,3,1,32
2020-09-21,3,1,40
2020-09-22,3,1,46
2020-09-23,3,1,54
2020-09-24,3,1,43
2020-09-25,3,1,32
2020-09-26,3,1,31
2020-09-27,3,1,21
2020-09-28,3,1,38
2020-09-29,3,1,49
2020-09-30,3,1,48
2020-10-01,3,1,43
2020-10-02,3,1,37
2020-10-03,3,1,35
2020-10-04,3,1,38
2020-10-05,3,1,40
2020-10-06,3,1,43
2020-10-07,3,1,37
2020-10-08,3,1,46
2020-10-09,3,1,37
2020-10-10,3,1,31
2020-10-11,3,1,29
2020-10-12,3,1,42
2020-10-13,3,1,44
2020-10-14,3,1,46
2020-10-15,3,1,42
2020-10-16,3,1,37
2020-10-17,3,1,26
2020-10-18,3,1,35
2020-10-19,3,1,36
2020-10-20,3,1,43
2020-10-21,3,1,50
2020-10-22,3,1,39
2020-10-23,3,1,39
2020-10-24,3,1,32
2020-10-25,3,1,27
2020-10-26,3,1,45
2020-10-27,3,1,47
2020-10-28,3,1,49
2020-10-29,3,1,48
2020-10-30,3,1,43
2020-10-31,3,1,33
2020-11-01,3,1,37
2020-11-02,3,1,42
2020-11-03,3,1,46
2020-11-04,3,1,42
2020-11-05,3,1,45
2020-11-06,3,1,43
2020-11-07,3,1,36
2020-11-08,3,1,31
2020-11-09,3,1,46
2020-11-10,3,1,47
2020-11-11,3,1,42
2020-11-12,3,1,50
2020-11-13,3,1,35
2020-11-14,3,1,42
2020-11-15,3,1,41
2020-11-16,3,1,42
2020-11-17,3,1,51
2020-11-18,3,1,61
2020-11-19,3,1,51
2020-11-20,3,1,41
2020-11-21,3,1,48
2020-11-22,3,1,38
2020-11-23,3,1,47
2020-11-24,3,1,47
2020-11-25,3,1,46
2020-11-26,3,1,47
2020-11-27,3,1,42
2020-11-28,3,1,39
2020-11-29,3,1,34
2020-11-30,3,1,49
2020-12-01,3,1,49
2020-12-02,3,1,57
2020-12-03,3,1,54
2020-12-04,3,1,42
2020-12-05,3,1,35
2020-12-06,3,1,47
2020-12-07,3,1,51
2020-12-08,3,1,55
2020-12-09,3,1,62
2020-12-10,3,1,52
2020-12-11,3,1,43
2020-12-12,3,1,37
2020-12-13,3,1,42
2020-12-14,3,1,52
2020-12-15,3,1,61
2020-12-16,3,1,58
2020-12-17,3,1,58
2020-12-18,3,1,46
2020-12-19,3,1,40
2020-12-20,3,1,39
2020-12-21,3,1,49
2020-12-22,3,1,53
2020-12-23,3,1,68
2020-12-24,3,1,57
2020-12-25,3,1,48
2020-12-26,3,1,52
2020-12-27,3,1,41
2020-12-28,3,1,52
2020-12-29,3,1,68
2020-12-30,3,1,61
2020-12-31,3,1,67
2021-01-01,3,1,53
2021-01-02,3,1,51
2021-01-03,3,1,53
2021-01-04,3,1,55
2021-01-05,3,1,59
2021-01-06,3,1,62
2021-01-07,3,1,55
2021-01-08,3,1,52
2021-01-09,3,1,48
2021-01-10,3,1,57
2021-01-11,3,1,59
2021-01-12,3,1,72
2021-01-13,3,1,56
2021-01-14,3,1,56
2021-01-15,3,1,53
2021-01-16,3,1,56
2021-01-17,3,1,51
2021-01-18,3,1,52
2021-01-19,3,1,64
2021-01-20,3,1,62
2021-01-21,3,1,57
2021-01-22,3,1,64
2021-01-23,3,1,50
2021-01-24,3,1,54
2021-01-25,3,1,60
2021-01-26,3,1,65
2021-01-27,3,1,65
2021-01-28,3,1,63
2021-01-29,3,1,59
2021-01-30,3,1,59
2021-01-31,3,1,59
2021-02-01,3,1,57
2021-02-02,3,1,72
2021-02-03,3,1,72
2021-02-04,3,1,63
2021-02-05,3,1,60
2021-02-06,3,1,57
2021-02-07,3,1,57
2021-02-08,3,1,65
2021-02-09,3,1,66
2021-02-10,3,1,79
2021-02-11,3,1,59
2021-02-12,3,1,63
2021-02-13,3,1,58
2021-02-14,3,1,61
2021-02-15,3,1,62
2021-02-16,3,1,76
2021-02-17,3,1,72
2021-02-18,3,1,64
2021-02-19,3,1,57
2021-02-20,3,1,58
2021-02-21,3,1,53
2021-02-22,3,1,73
2021-02-23,3,1,76
2021-02-24,3,1,81
2021-02-25,3,1,77
2021-02-26,3,1,61
2021-02-27,3,1,55
2021-02-28,3,1,50
2021-03-01,3,1,65
2021-03-02,3,1,80
2021-03-03,3,1,72
2021-03-04,3,1,70
2021-03-05,3,1,62
2021-03-06,3,1,61
2021-03-07,3,1,66
2021-03-08,3,1,61
2021-03-09,3,1,69
2021-03-10,3,1,82
2021-03-11,3,1,74
2021-03-12,3,1,64
2021-03-13,3,1,67
2021-03-14,3,1,56
2021-03-15,3,1,72
2021-03-16,3,1,74
2021-03-17,3,1,79
2021-03-18,3,1,62
2021-03-19,3,1,64
2021-03-20,3,1,64
2021-03-21,3,1,62
2021-03-22,3,1,74
2021-03-23,3,1,80
2021-03-24,3,1,73
2021-03-25,3,1,76
2021-03-26,3,1,61
2021-03-27,3,1,61
2021-03-28,3,1,65
2021-03-29,3,1,66
2021-03-30,3,1,78
2021-03-31,3,1,75
2021-04-01,3,1,70
2021-04-02,3,1,68
2021-04-03,3,1,58
2021-04-04,3,1,59
2021-04-05,3,1,73
2021-04-06,3,1,76
2021-04-07,3,1,71
2021-04-08,3,1,76
2021-04-09,3,1,64
2021-04-10,3,1,56
2021-04-11,3,1,53
2021-04-12,3,1,72
2021-04-13,3,1,72
2021-04-14,3,1,72
2021-04-15,3,1,75
2021-04-16,3,1,68
2021-04-17,3,1,58
2021-04-18,3,1,66
2021-04-19,3,1,77
2021-04-20,3,1,80
2021-04-21,3,1,81
2021-04-22,3,1,73
2021-04-23,3,1,63
2021-04-24,3,1,60
2021-04-25,3,1,63
2021-04-26,3,1,63
2021-04-27,3,1,71
2021-04-28,3,1,70
2021-04-29,3,1,72
2021-04-30,3,1,64
2021-05-01,3,1,57
2021-05-02,3,1,64
2021-05-03,3,1,63
2021-05-04,3,1,70
2021-05-05,3,1,78
2021-05-06,3,1,74
2021-05-07,3,1,60
2021-05-08,3,1,59
2021-05-09,3,1,57
2021-05-10,3,1,65
2021-05-11,3,1,73
2021-05-12,3,1,76
2021-05-13,3,1,70
2021-05-14,3,1,63
2021-05-15,3,1,53
2021-05-16,3,1,60
2021-05-17,3,1,67
2021-05-18,3,1,74
2021-05-19,3,1,69
2021-05-20,3,1,71
2021-05-21,3,1,55
2021-05-22,3,1,54
2021-05-23,3,1,56
2021-05-24,3,1,59
2021-05-25,3,1,68
2021-05-26,3,1,72
2021-05-27,3,1,59
2021-05-28,3,1,58
2021-05-29,3,1,48
2021-05-30,3,1,64
2021-05-31,3,1,63
2021-06-01,3,1,69
2021-06-02,3,1,70
2021-06-03,3,1,67
2021-06-04,3,1,62
2021-06-05,3,1,47
2021-06-06,3,1,60
2021-06-07,3,1,66
2021-06-08,3,1,66
2021-06-09,3,1,67
2021-06-10,3,1,51
2021-06-11,3,1,51
2021-06-12,3,1,54
2021-06-13,3,1,58
2021-06-14,3,1,62
2021-06-15,3,1,65
2021-06-16,3,1,74
2021-06-17,3,1,66
2021-06-18,3,1,53
2021-06-19,3,1,59
2021-06-20,3,1,47
2021-06-21,3,1,51
2021-06-22,3,1,61
2021-06-23,3,1,61
2021-06-24,3,1,58
2021-06-25,3,1,56
2021-06-26,3,1,48
2021-06-27,3,1,49
2021-06-28,3,1,56
2021-06-29,3,1,52
2021-06-30,3,1,57
2021-07-01,3,1,57
2021-07-02,3,1,48
2021-07-03,3,1,45
2021-07-04,3,1,53
2021-07-05,3,1,53
2021-07-06,3,1,54
2021-07-07,3,1,58
2021-07-08,3,1,63
2021-07-09,3,1,55
2021-07-10,3,1,47
2021-07-11,3,1,40
2021-07-12,3,1,53
2021-07-13,3,1,59
2021-07-14,3,1,59
2021-07-15,3,1,52
2021-07-16,3,1,46
2021-07-17,3,1,40
2021-07-18,3,1,40
2021-07-19,3,1,56
2021-07-20,3,1,60
2021-07-21,3,1,56
2021-07-22,3,1,54
2021-07-23,3,1,47
2021-07-24,3,1,51
2021-07-25,3,1,46
2021-07-26,3,1,52
2021-07-27,3,1,55
2021-07-28,3,1,54
2021-07-29,3,1,57
2021-07-30,3,1,47
2021-07-31,3,1,36
2021-08-01,3,1,43
2021-08-02,3,1,50
2021-08-03,3,1,45
2021-08-04,3,1,51
2021-08-05,3,1,51
2021-08-06,3,1,35
2021-08-07,3,1,31
2021-08-08,3,1,38
2021-08-09,3,1,47
2021-08-10,3,1,54
2021-08-11,3,1,59
2021-08-12,3,1,49
2021-08-13,3,1,40
2021-08-14,3,1,32
2021-08-15,3,1,37
2021-08-16,3,1,47
2021-08-17,3,1,53
2021-08-18,3,1,53
2021-08-19,3,1,49
2021-08-20,3,1,45
2021-08-21,3,1,36
2021-08-22,3,1,42
2021-08-23,3,1,40
2021-08-24,3,1,49
2021-08-25,3,1,49
2021-08-26,3,1,49
2021-08-27,3,1,35
2021-08-28,3,1,33
2021-08-29,3,1,28
2021-08-30,3,1,44
2021-08-31,3,1,53
2021-09-01,3,1,53
2021-09-02,3,1,48
2021-09-03,3,1,41
2021-09-04,3,1,36
2021-09-05,3,1,38
2021-09-06,3,1,44
2021-09-07,3,1,45
2021-09-08,3,1,48
2021-09-09,3,1,45
2021-09-10,3,1,36
2021-09-11,3,1,27
2021-09-12,3,1,29
2021-09-13,3,1,42
2021-09-14,3,1,50
2021-09-15,3,1,48
2021-09-16,3,1,55
2021-09-17,3,1,33
2021-09-18,3,1,34
2021-09-19,3,1,39
2021-09-20,3,1,44
2021-09-21,3,1,49
2021-09-22,3,1,52
2021-09-23,3,1,44
2021-09-24,3,1,43
2021-09-25,3,1,37
2021-09-26,3,1,30
2021-09-27,3,1,41
2021-09-28,3,1,40
2021-09-29,3,1,54
2021-09-30,3,1,44
2021-10-01,3,1,42
2021-10-02,3,1,32
2021-10-03,3,1,26
2021-10-04,3,1,51
2021-10-05,3,1,47
2021-10-06,3,1,44
2021-10-07,3,1,48
2021-10-08,3,1,45
2021-10-09,3,1,32
2021-10-10,3,1,34
2021-10-11,3,1,41
2021-10-12,3,1,42
2021-10-13,3,1,45
2021-10-14,3,1,51
2021-10-15,3,1,37
2021-10-16,3,1,29
2021-10-17,3,1,33
2021-10-18,3,1,45
2021-10-19,3,1,39
2021-10-20,3,1,50
2021-10-21,3,1,54
2021-10-22,3,1,46
2021-10-23,3,1,36
2021-10-24,3,1,40
2021-10-25,3,1,47
2021-10-26,3,1,47
2021-10-27,3,1,53
2021-10-28,3,1,52
2021-10-29,3,1,33
2021-10-30,3,1,37
2021-10-31,3,1,37
2021-11-01,3,1,43
2021-11-02,3,1,49
2021-11-03,3,1,51
2021-11-04,3,1,47
2021-11-05,3,1,44
2021-11-06,3,1,37
2021-11-07,3,1,36
2021-11-08,3,1,40
2021-11-09,3,1,48
2021-11-10,3,1,53
2021-11-11,3,1,45
2021-11-12,3,1,44
2021-11-13,3,1,38
2021-11-14,3,1,43
2021-11-15,3,1,42
2021-11-16,3,1,48
2021-11-17,3,1,57
2021-11-18,3,1,49
2021-11-19,3,1,41
2021-11-20,3,1,41
2021-11-21,3,1,42
2021-11-22,3,1,41
2021-11-23,3,1,58
2021-11-24,3,1,53
2021-11-25,3,1,57
2021-11-26,3,1,38
2021-11-27,3,1,41
2021-11-28,3,1,40
2021-11-29,3,1,40
2021-11-30,3,1,57
2021-12-01,3,1,48
2021-12-02,3,1,50
2021-12-03,3,1,49
2021-12-04,3,1,39
2021-12-05,3,1,39
2021-12-06,3,1,52
2021-12-07,3,1,55
2021-12-08,3,1,56
2021-12-09,3,1,58
2021-12-10,3,1,42
2021-12-11,3,1,41
2021-12-12,3,1,48
2021-12-13,3,1,46
2021-12-14,3,1,64
2021-12-15,3,1,58
2021-12-16,3,1,59
2021-12-17,3,1,52
2021-12-18,3,1,44
2021-12-19,3,1,44
2021-12-20,3,1,52
2021-12-21,3,1,62
2021-12-22,3,1,57
2021-12-23,3,1,52
2021-12-24,3,1,56
2021-12-25,3,1,43
2021-12-26,3,1,49
2021-12-27,3,1,54
2021-12-28,3,1,60
2021-12-29,3,1,69
2021-12-30,3,1,58
2021-12-31,3,1,51
2022-01-01,3,1,47
2022-01-02,3,1,48
2022-01-03,3,1,54
2022-01-04,3,1,61
2022-01-05,3,1,71
2022-01-06,3,1,63
2022-01-07,3,1,52
2022-01-08,3,1,54
2022-01-09,3,1,45
2022-01-10,3,1,64
2022-01-11,3,1,70
2022-01-12,3,1,75
2022-01-13,3,1,66
2022-01-14,3,1,57
2022-01-15,3,1,57
2022-01-16,3,1,51
2022-01-17,3,1,58
2022-01-18,3,1,66
2022-01-19,3,1,74
2022-01-20,3,1,61
2022-01-21,3,1,54
2022-01-22,3,1,54
2022-01-23,3,1,58
2022-01-24,3,1,59
2022-01-25,3,1,71
2022-01-26,3,1,75
2022-01-27,3,1,71
2022-01-28,3,1,61
2022-01-29,3,1,55
2022-01-30,3,1,64
2022-01-31,3,1,63
2022-02-01,3,1,74
2022-02-02,3,1,79
2022-02-03,3,1,71
2022-02-04,3,1,57
2022-02-05,3,1,52
2022-02-06,3,1,57
2022-02-07,3,1,68
2022-02-08,3,1,73
2022-02-09,3,1,82
2022-02-10,3,1,71
2022-02-11,3,1,61
2022-02-12,3,1,54
2022-02-13,3,1,65
2022-02-14,3,1,66
2022-02-15,3,1,67
2022-02-16,3,1,75
2022-02-17,3,1,66
2022-02-18,3,1,62
2022-02-19,3,1,59
2022-02-20,3,1,57
2022-02-21,3,1,66
2022-02-22,3,1,71
2022-02-23,3,1,73
2022-02-24,3,1,67
2022-02-25,3,1,63
2022-02-26,3,1,57
2022-02-27,3,1,65
2022-02-28,3,1,69
2022-03-01,3,1,80
2022-03-02,3,1,84
2022-03-03,3,1,75
2022-03-04,3,1,67
2022-03-05,3,1,64
2022-03-06,3,1,65
2022-03-07,3,1,70
2022-03-08,3,1,76
2022-03-09,3,1,73
2022-03-10,3,1,77
2022-03-11,3,1,66
2022-03-12,3,1,68
2022-03-13,3,1,67
2022-03-14,3,1,68
2022-03-15,3,1,81
2022-03-16,3,1,68
2022-03-17,3,1,82
2022-03-18,3,1,62
2022-03-19,3,1,65
2022-03-20,3,1,66
2022-03-21,3,1,75
2022-03-22,3,1,76
2022-03-23,3,1,70
2022-03-24,3,1,73
2022-03-25,3,1,66
2022-03-26,3,1,55
2022-03-27,3,1,65
2022-03-28,3,1,67
2022-03-29,3,1,80
2022-03-30,3,1,78
2022-03-31,3,1,82
2022-04-01,3,1,67
2022-04-02,3,1,65
2022-04-03,3,1,64
2022-04-04,3,1,65
2022-04-05,3,1,76
2022-04-06,3,1,82
2022-04-07,3,1,77
2022-04-08,3,1,66
2022-04-09,3,1,57
2022-04-10,3,1,67
2022-04-11,3,1,73
2022-04-12,3,1,80
2022-04-13,3,1,77
2022-04-14,3,1,67
2022-04-15,3,1,69
2022-04-16,3,1,63
2022-04-17,3,1,70
2022-04-18,3,1,71
2022-04-19,3,1,76
2022-04-20,3,1,80
2022-04-21,3,1,71
2022-04-22,3,1,64
2022-04-23,3,1,62
2022-04-24,3,1,60
2022-04-25,3,1,69
2022-04-26,3,1,84
2022-04-27,3,1,82
2022-04-28,3,1,74
2022-04-29,3,1,72
2022-04-30,3,1,58
2022-05-01,3,1,73
2022-05-02,3,1,67
2022-05-03,3,1,83
2022-05-04,3,1,85
2022-05-05,3,1,65
2022-05-06,3,1,71
2022-05-07,3,1,60
2022-05-08,3,1,60
2022-05-09,3,1,70
2022-05-10,3,1,70
2022-05-11,3,1,78
2022-05-12,3,1,67
2022-05-13,3,1,65
2022-05-14,3,1,65
2022-05-15,3,1,62
2022-05-16,3,1,66
2022-05-17,3,1,75
2022-05-18,3,1,69
2022-05-19,3,1,67
2022-05-20,3,1,61
2022-05-21,3,1,61
2022-05-22,3,1,61
2022-05-23,3,1,68
2022-05-24,3,1,72
2022-05-25,3,1,70
2022-05-26,3,1,75
2022-05-27,3,1,59
2022-05-28,3,1,59
2022-05-29,3,1,58
2022-05-30,3,1,67
2022-05-31,3,1,68
2022-06-01,3,1,76
2022-06-02,3,1,73
2022-06-03,3,1,64
2022-06-04,3,1,56
2022-06-05,3,1,55
2022-06-06,3,1,74
2022-06-07,3,1,65
2022-06-08,3,1,74
2022-06-09,3,1,67
2022-06-10,3,1,58
2022-06-11,3,1,55
2022-06-12,3,1,53
2022-06-13,3,1,63
2022-06-14,3,1,68
2022-06-15,3,1,79
2022-06-16,3,1,68
2022-06-17,3,1,59
2022-06-18,3,1,54
2022-06-19,3,1,61
2022-06-20,3,1,55
2022-06-21,3,1,65
2022-06-22,3,1,59
2022-06-23,3,1,64
2022-06-24,3,1,58
2022-06-25,3,1,46
2022-06-26,3,1,57
2022-06-27,3,1,55
2022-06-28,3,1,62
2022-06-29,3,1,65
2022-06-30,3,1,67
2022-07-01,3,1,50
2022-07-02,3,1,50
2022-07-03,3,1,53
2022-07-04,3,1,58
2022-07-05,3,1,64
2022-07-06,3,1,66
2022-07-07,3,1,56
2022-07-08,3,1,58
2022-07-09,3,1,46
2022-07-10,3,1,47
2022-07-11,3,1,59
2022-07-12,3,1,58
2022-07-13,3,1,63
2022-07-14,3,1,54
2022-07-15,3,1,60
2022-07-16,3,1,54
2022-07-17,3,1,46
2022-07-18,3,1,54
2022-07-19,3,1,58
2022-07-20,3,1,58
2022-07-21,3,1,56
2022-07-22,3,1,48
2022-07-23,3,1,37
2022-07-24,3,1,46
2022-07-25,3,1,51
2022-07-26,3,1,58
2022-07-27,3,1,58
2022-07-28,3,1,52
2022-07-29,3,1,50
2022-07-30,3,1,44
2022-07-31,3,1,49
2022-08-01,3,1,51
2022-08-02,3,1,54
2022-08-03,3,1,59
2022-08-04,3,1,44
2022-08-05,3,1,53
2022-08-06,3,1,41
2022-08-07,3,1,50
2022-08-08,3,1,44
2022-08-09,3,1,49
2022-08-10,3,1,57
2022-08-11,3,1,52
2022-08-12,3,1,45
2022-08-13,3,1,40
2022-08-14,3,1,38
2022-08-15,3,1,40
2022-08-16,3,1,54
2022-08-17,3,1,49
2022-08-18,3,1,44
2022-08-19,3,1,41
2022-08-20,3,1,39
2022-08-21,3,1,47
2022-08-22,3,1,49
2022-08-23,3,1,57
2022-08-24,3,1,55
2022-08-25,3,1,50
2022-08-26,3,1,51
2022-08-27,3,1,31
2022-08-28,3,1,36
2022-08-29,3,1,43
2022-08-30,3,1,54
2022-08-31,3,1,48
2022-09-01,3,1,50
2022-09-02,3,1,42
2022-09-03,3,1,39
2022-09-04,3,1,40
2022-09-05,3,1,49
2022-09-06,3,1,49
2022-09-07,3,1,53
2022-09-08,3,1,44
2022-09-09,3,1,36
2022-09-10,3,1,42
2022-09-11,3,1,33
2022-09-12,3,1,45
2022-09-13,3,1,51
2022-09-14,3,1,55
2022-09-15,3,1,39
2022-09-16,3,1,42
2022-09-17,3,1,34
2022-09-18,3,1,34
2022-09-19,3,1,41
2022-09-20,3,1,53
2022-09-21,3,1,53
2022-09-22,3,1,45
2022-09-23,3,1,34
2022-09-24,3,1,30
2022-09-25,3,1,39
2022-09-26,3,1,37
2022-09-27,3,1,48
2022-09-28,3,1,61
2022-09-29,3,1,47
2022-09-30,3,1,41
2022-10-01,3,1,30
2022-10-02,3,1,31
2022-10-03,3,1,45
2022-10-04,3,1,47
2022-10-05,3,1,55
2022-10-06,3,1,46
2022-10-07,3,1,53
2022-10-08,3,1,32
2022-10-09,3,1,37
2022-10-10,3,1,39
2022-10-11,3,1,53
2022-10-12,3,1,52
2022-10-13,3,1,42
2022-10-14,3,1,38
2022-10-15,3,1,41
2022-10-16,3,1,42
2022-10-17,3,1,37
2022-10-18,3,1,48
2022-10-19,3,1,58
2022-10-20,3,1,46
2022-10-21,3,1,41
2022-10-22,3,1,40
2022-10-23,3,1,32
2022-10-24,3,1,40
2022-10-25,3,1,49
2022-10-26,3,1,57
2022-10-27,3,1,52
2022-10-28,3,1,44
2022-10-29,3,1,36
2022-10-30,3,1,43
2022-10-31,3,1,44
2022-11-01,3,1,53
2022-11-02,3,1,56
2022-11-03,3,1,55
2022-11-04,3,1,41
2022-11-05,3,1,36
2022-11-06,3,1,44
2022-11-07,3,1,51
2022-11-08,3,1,50
2022-11-09,3,1,49
2022-11-10,3,1,54
2022-11-11,3,1,36
2022-11-12,3,1,32
2022-11-13,3,1,39
2022-11-14,3,1,47
2022-11-15,3,1,49
2022-11-16,3,1,55
2022-11-17,3,1,51
2022-11-18,3,1,42
2022-11-19,3,1,48
2022-11-20,3,1,43
2022-11-21,3,1,52
2022-11-22,3,1,48
2022-11-23,3,1,50
2022-11-24,3,1,54
2022-11-25,3,1,53
2022-11-26,3,1,37
2022-11-27,3,1,43
2022-11-28,3,1,44
2022-11-29,3,1,53
2022-11-30,3,1,58
2022-12-01,3,1,51
2022-12-02,3,1,41
2022-12-03,3,1,37
2022-12-04,3,1,37
2022-12-05,3,1,53
2022-12-06,3,1,60
2022-12-07,3,1,61
2022-12-08,3,1,51
2022-12-09,3,1,52
2022-12-10,3,1,47
2022-12-11,3,1,46
2022-12-12,3,1,52
2022-12-13,3,1,56
2022-12-14,3,1,62
2022-12-15,3,1,63
2022-12-16,3,1,55
2022-12-17,3,1,45
2022-12-18,3,1,50
2022-12-19,3,1,50
2022-12-20,3,1,64
2022-12-21,3,1,59
2022-12-22,3,1,61
2022-12-23,3,1,64
2022-12-24,3,1,46
2022-12-25,3,1,61
2022-12-26,3,1,58
2022-12-27,3,1,60
2022-12-28,3,1,61
2022-12-29,3,1,70
2022-12-30,3,1,56
2022-12-31,3,1,47
2018-01-01,3,2,46
2018-01-02,3,2,54
2018-01-03,3,2,61
2018-01-04,3,2,46
2018-01-05,3,2,46
2018-01-06,3,2,39
2018-01-07,3,2,39
2018-01-08,3,2,52
2018-01-09,3,2,48
2018-01-10,3,2,46
2018-01-11,3,2,53
2018-01-12,3,2,45
2018-01-13,3,2,36
2018-01-14,3,2,36
2018-01-15,3,2,57
2018-01-16,3,2,58
2018-01-17,3,2,58
2018-01-18,3,2,62
2018-01-19,3,2,51
2018-01-20,3,2,50
2018-01-21,3,2,40
2018-01-22,3,2,46
2018-01-23,3,2,60
2018-01-24,3,2,61
2018-01-25,3,2,60
2018-01-26,3,2,42
2018-01-27,3,2,47
2018-01-28,3,2,50
2018-01-29,3,2,57
2018-01-30,3,2,58
2018-01-31,3,2,63
2018-02-01,3,2,54
2018-02-02,3,2,49
2018-02-03,3,2,42
2018-02-04,3,2,45
2018-02-05,3,2,54
2018-02-06,3,2,59
2018-02-07,3,2,60
2018-02-08,3,2,53
2018-02-09,3,2,60
2018-02-10,3,2,46
2018-02-11,3,2,51
2018-02-12,3,2,49
2018-02-13,3,2,68
2018-02-14,3,2,65
2018-02-15,3,2,58
2018-02-16,3,2,52
2018-02-17,3,2,53
2018-02-18,3,2,39
2018-02-19,3,2,54
2018-02-20,3,2,63
2018-02-21,3,2,65
2018-02-22,3,2,71
2018-02-23,3,2,53
2018-02-24,3,2,54
2018-02-25,3,2,59
2018-02-26,3,2,61
2018-02-27,3,2,62
2018-02-28,3,2,62
2018-03-01,3,2,65
2018-03-02,3,2,62
2018-03-03,3,2,54
2018-03-04,3,2,58
2018-03-05,3,2,70
2018-03-06,3,2,69
2018-03-07,3,2,63
2018-03-08,3,2,64
2018-03-09,3,2,62
2018-03-10,3,2,51
2018-03-11,3,2,60
2018-03-12,3,2,60
2018-03-13,3,2,68
2018-03-14,3,2,67
2018-03-15,3,2,65
2018-03-16,3,2,58
2018-03-17,3,2,47
2018-03-18,3,2,53
2018-03-19,3,2,56
2018-03-20,3,2,66
2018-03-21,3,2,66
2018-03-22,3,2,69
2018-03-23,3,2,62
2018-03-24,3,2,56
2018-03-25,3,2,50
2018-03-26,3,2,61
2018-03-27,3,2,62
2018-03-28,3,2,69
2018-03-29,3,2,67
2018-03-30,3,2,62
2018-03-31,3,2,56
2018-04-01,3,2,60
2018-04-02,3,2,62
2018-04-03,3,2,67
2018-04-04,3,2,73
2018-04-05,3,2,69
2018-04-06,3,2,56
2018-04-07,3,2,55
2018-04-08,3,2,54
2018-04-09,3,2,53
2018-04-10,3,2,69
2018-04-11,3,2,64
2018-04-12,3,2,66
2018-04-13,3,2,52
2018-04-14,3,2,51
2018-04-15,3,2,53
2018-04-16,3,2,66
2018-04-17,3,2,65
2018-04-18,3,2,64
2018-04-19,3,2,66
2018-04-20,3,2,57
2018-04-21,3,2,56
2018-04-22,3,2,50
2018-04-23,3,2,61
2018-04-24,3,2,77
2018-04-25,3,2,67
2018-04-26,3,2,65
2018-04-27,3,2,50
2018-04-28,3,2,49
2018-04-29,3,2,56
2018-04-30,3,2,59
2018-05-01,3,2,69
2018-05-02,3,2,69
2018-05-03,3,2,58
2018-05-04,3,2,60
2018-05-05,3,2,47
2018-05-06,3,2,50
2018-05-07,3,2,60
2018-05-08,3,2,71
2018-05-09,3,2,63
2018-05-10,3,2,63
2018-05-11,3,2,56
2018-05-12,3,2,53
2018-05-13,3,2,57
2018-05-14,3,2,56
2018-05-15,3,2,68
2018-05-16,3,2,71
2018-05-17,3,2,68
2018-05-18,3,2,56
2018-05-19,3,2,50
2018-05-20,3,2,49
2018-05-21,3,2,51
2018-05-22,3,2,62
2018-05-23,3,2,65
2018-05-24,3,2,59
2018-05-25,3,2,55
2018-05-26,3,2,42
2018-05-27,3,2,49
2018-05-28,3,2,63
2018-05-29,3,2,65
2018-05-30,3,2,65
2018-05-31,3,2,60
2018-06-01,3,2,50
2018-06-02,3,2,40
2018-06-03,3,2,50
2018-06-04,3,2,44
2018-06-05,3,2,59
2018-06-06,3,2,61
2018-06-07,3,2,55
2018-06-08,3,2,58
2018-06-09,3,2,52
2018-06-10,3,2,50
2018-06-11,3,2,49
2018-06-12,3,2,66
2018-06-13,3,2,62
2018-06-14,3,2,51
2018-06-15,3,2,48
2018-06-16,3,2,47
2018-06-17,3,2,42
2018-06-18,3,2,51
2018-06-19,3,2,58
2018-06-20,3,2,54
2018-06-21,3,2,52
2018-06-22,3,2,42
2018-06-23,3,2,45
2018-06-24,3,2,39
2018-06-25,3,2,50
2018-06-26,3,2,49
2018-06-27,3,2,52
2018-06-28,3,2,47
2018-06-29,3,2,43
2018-06-30,3,2,41
2018-07-01,3,2,43
2018-07-02,3,2,40
2018-07-03,3,2,53
2018-07-04,3,2,52
2018-07-05,3,2,52
2018-07-06,3,2,42
2018-07-07,3,2,38
2018-07-08,3,2,37
2018-07-09,3,2,52
2018-07-10,3,2,46
2018-07-11,3,2,51
2018-07-12,3,2,49
2018-07-13,3,2,40
2018-07-14,3,2,33
2018-07-15,3,2,31
2018-07-16,3,2,41
2018-07-17,3,2,46
2018-07-18,3,2,58
2018-07-19,3,2,56
2018-07-20,3,2,39
2018-07-21,3,2,29
2018-07-22,3,2,39
2018-07-23,3,2,38
2018-07-24,3,2,46
2018-07-25,3,2,47
2018-07-26,3,2,43
2018-07-27,3,2,36
2018-07-28,3,2,28
2018-07-29,3,2,32
2018-07-30,3,2,45
2018-07-31,3,2,47
2018-08-01,3,2,48
2018-08-02,3,2,35
2018-08-03,3,2,40
2018-08-04,3,2,29
2018-08-05,3,2,38
2018-08-06,3,2,40
2018-08-07,3,2,43
2018-08-08,3,2,40
2018-08-09,3,2,51
2018-08-10,3,2,38
2018-08-11,3,2,34
2018-08-12,3,2,39
2018-08-13,3,2,39
2018-08-14,3,2,49
2018-08-15,3,2,43
2018-08-16,3,2,44
2018-08-17,3,2,31
2018-08-18,3,2,27
2018-08-19,3,2,31
2018-08-20,3,2,32
2018-08-21,3,2,44
2018-08-22,3,2,43
2018-08-23,3,2,32
2018-08-24,3,2,31
2018-08-25,3,2,27
2018-08-26,3,2,33
2018-08-27,3,2,37
2018-08-28,3,2,47
2018-08-29,3,2,45
2018-08-30,3,2,36
2018-08-31,3,2,31
2018-09-01,3,2,26
2018-09-02,3,2,31
2018-09-03,3,2,35
2018-09-04,3,2,38
2018-09-05,3,2,42
2018-09-06,3,2,40
2018-09-07,3,2,27
2018-09-08,3,2,28
2018-09-09,3,2,22
2018-09-10,3,2,38
2018-09-11,3,2,42
2018-09-12,3,2,48
2018-09-13,3,2,33
2018-09-14,3,2,35
2018-09-15,3,2,30
2018-09-16,3,2,27
2018-09-17,3,2,32
2018-09-18,3,2,35
2018-09-19,3,2,36
2018-09-20,3,2,34
2018-09-21,3,2,25
2018-09-22,3,2,32
2018-09-23,3,2,21
2018-09-24,3,2,34
2018-09-25,3,2,41
2018-09-26,3,2,43
2018-09-27,3,2,39
2018-09-28,3,2,34
2018-09-29,3,2,24
2018-09-30,3,2,27
2018-10-01,3,2,32
2018-10-02,3,2,45
2018-10-03,3,2,50
2018-10-04,3,2,32
2018-10-05,3,2,22
2018-10-06,3,2,28
2018-10-07,3,2,32
2018-10-08,3,2,41
2018-10-09,3,2,43
2018-10-10,3,2,47
2018-10-11,3,2,44
2018-10-12,3,2,36
2018-10-13,3,2,30
2018-10-14,3,2,22
2018-10-15,3,2,34
2018-10-16,3,2,41
2018-10-17,3,2,41
2018-10-18,3,2,37
2018-10-19,3,2,37
2018-10-20,3,2,24
2018-10-21,3,2,31
2018-10-22,3,2,36
2018-10-23,3,2,37
2018-10-24,3,2,38
2018-10-25,3,2,32
2018-10-26,3,2,33
2018-10-27,3,2,27
2018-10-28,3,2,26
2018-10-29,3,2,28
2018-10-30,3,2,43
2018-10-31,3,2,43
2018-11-01,3,2,36
2018-11-02,3,2,29
2018-11-03,3,2,27
2018-11-04,3,2,32
2018-11-05,3,2,35
2018-11-06,3,2,38
2018-11-07,3,2,44
2018-11-08,3,2,45
2018-11-09,3,2,34
2018-11-10,3,2,30
2018-11-11,3,2,30
2018-11-12,3,2,34
2018-11-13,3,2,40
2018-11-14,3,2,39
2018-11-15,3,2,46
2018-11-16,3,2,37
2018-11-17,3,2,31
2018-11-18,3,2,34
2018-11-19,3,2,40
2018-11-20,3,2,42
2018-11-21,3,2,46
2018-11-22,3,2,41
2018-11-23,3,2,46
2018-11-24,3,2,36
2018-11-25,3,2,35
2018-11-26,3,2,46
2018-11-27,3,2,52
2018-11-28,3,2,43
2018-11-29,3,2,44
2018-11-30,3,2,38
2018-12-01,3,2,36
2018-12-02,3,2,35
2018-12-03,3,2,42
2018-12-04,3,2,47
2018-12-05,3,2,55
2018-12-06,3,2,40
2018-12-07,3,2,38
2018-12-08,3,2,28
2018-12-09,3,2,33
2018-12-10,3,2,45
2018-12-11,3,2,52
2018-12-12,3,2,51
2018-12-13,3,2,52
2018-12-14,3,2,47
2018-12-15,3,2,37
2018-12-16,3,2,40
2018-12-17,3,2,44
2018-12-18,3,2,55
2018-12-19,3,2,49
2018-12-20,3,2,57
2018-12-21,3,2,48
2018-12-22,3,2,34
2018-12-23,3,2,38
2018-12-24,3,2,49
2018-12-25,3,2,53
2018-12-26,3,2,58
2018-12-27,3,2,50
2018-12-28,3,2,51
2018-12-29,3,2,41
2018-12-30,3,2,52
2018-12-31,3,2,52
2019-01-01,3,2,50
2019-01-02,3,2,66
2019-01-03,3,2,58
2019-01-04,3,2,48
2019-01-05,3,2,45
2019-01-06,3,2,40
2019-01-07,3,2,44
2019-01-08,3,2,58
2019-01-09,3,2,65
2019-01-10,3,2,57
2019-01-11,3,2,56
2019-01-12,3,2,50
2019-01-13,3,2,47
2019-01-14,3,2,58
2019-01-15,3,2,66
2019-01-16,3,2,61
2019-01-17,3,2,56
2019-01-18,3,2,51
2019-01-19,3,2,37
2019-01-20,3,2,49
2019-01-21,3,2,58
2019-01-22,3,2,62
2019-01-23,3,2,64
2019-01-24,3,2,59
2019-01-25,3,2,44
2019-01-26,3,2,55
2019-01-27,3,2,49
2019-01-28,3,2,54
2019-01-29,3,2,68
2019-01-30,3,2,69
2019-01-31,3,2,62
2019-02-01,3,2,57
2019-02-02,3,2,45
2019-02-03,3,2,51
2019-02-04,3,2,63
2019-02-05,3,2,62
2019-02-06,3,2,62
2019-02-07,3,2,63
2019-02-08,3,2,56
2019-02-09,3,2,54
2019-02-10,3,2,48
2019-02-11,3,2,49
2019-02-12,3,2,70
2019-02-13,3,2,64
2019-02-14,3,2,61
2019-02-15,3,2,48
2019-02-16,3,2,57
2019-02-17,3,2,56
2019-02-18,3,2,62
2019-02-19,3,2,69
2019-02-20,3,2,61
2019-02-21,3,2,61
2019-02-22,3,2,56
2019-02-23,3,2,51
2019-02-24,3,2,55
2019-02-25,3,2,63
2019-02-26,3,2,73
2019-02-27,3,2,64
2019-02-28,3,2,66
2019-03-01,3,2,62
2019-03-02,3,2,51
2019-03-03,3,2,56
2019-03-04,3,2,65
2019-03-05,3,2,70
2019-03-06,3,2,74
2019-03-07,3,2,67
2019-03-08,3,2,59
2019-03-09,3,2,51
2019-03-10,3,2,59
2019-03-11,3,2,64
2019-03-12,3,2,66
2019-03-13,3,2,74
2019-03-14,3,2,73
2019-03-15,3,2,58
2019-03-16,3,2,54
2019-03-17,3,2,55
2019-03-18,3,2,58
2019-03-19,3,2,79
2019-03-20,3,2,71
2019-03-21,3,2,65
2019-03-22,3,2,57
2019-03-23,3,2,56
2019-03-24,3,2,56
2019-03-25,3,2,71
2019-03-26,3,2,66
2019-03-27,3,2,67
2019-03-28,3,2,71
2019-03-29,3,2,61
2019-03-30,3,2,56
2019-03-31,3,2,61
2019-04-01,3,2,66
2019-04-02,3,2,71
2019-04-03,3,2,67
2019-04-04,3,2,62
2019-04-05,3,2,59
2019-04-06,3,2,53
2019-04-07,3,2,60
2019-04-08,3,2,58
2019-04-09,3,2,70
2019-04-10,3,2,72
2019-04-11,3,2,68
2019-04-12,3,2,63
2019-04-13,3,2,56
2019-04-14,3,2,56
2019-04-15,3,2,70
2019-04-16,3,2,70
2019-04-17,3,2,78
2019-04-18,3,2,67
2019-04-19,3,2,61
2019-04-20,3,2,56
2019-04-21,3,2,59
2019-04-22,3,2,63
2019-04-23,3,2,71
2019-04-24,3,2,78
2019-04-25,3,2,72
2019-04-26,3,2,65
2019-04-27,3,2,51
2019-04-28,3,2,53
2019-04-29,3,2,65
2019-04-30,3,2,73
2019-05-01,3,2,69
2019-05-02,3,2,64
2019-05-03,3,2,65
2019-05-04,3,2,58
2019-05-05,3,2,61
2019-05-06,3,2,61
2019-05-07,3,2,67
2019-05-08,3,2,74
2019-05-09,3,2,65
2019-05-10,3,2,56
2019-05-11,3,2,51
2019-05-12,3,2,54
2019-05-13,3,2,65
2019-05-14,3,2,62
2019-05-15,3,2,72
2019-05-16,3,2,62
2019-05-17,3,2,57
2019-05-18,3,2,53
2019-05-19,3,2,54
2019-05-20,3,2,60
2019-05-21,3,2,65
2019-05-22,3,2,66
2019-05-23,3,2,69
2019-05-24,3,2,57
2019-05-25,3,2,52
2019-05-26,3,2,51
2019-05-27,3,2,58
2019-05-28,3,2,63
2019-05-29,3,2,70
2019-05-30,3,2,59
2019-05-31,3,2,46
2019-06-01,3,2,51
2019-06-02,3,2,51
2019-06-03,3,2,56
2019-06-04,3,2,68
2019-06-05,3,2,54
2019-06-06,3,2,67
2019-06-07,3,2,58
2019-06-08,3,2,47
2019-06-09,3,2,49
2019-06-10,3,2,58
2019-06-11,3,2,65
2019-06-12,3,2,61
2019-06-13,3,2,53
2019-06-14,3,2,60
2019-06-15,3,2,51
2019-06-16,3,2,49
2019-06-17,3,2,55
2019-06-18,3,2,63
2019-06-19,3,2,65
2019-06-20,3,2,49
2019-06-21,3,2,49
2019-06-22,3,2,44
2019-06-23,3,2,46
2019-06-24,3,2,56
2019-06-25,3,2,52
2019-06-26,3,2,55
2019-06-27,3,2,53
2019-06-28,3,2,49
2019-06-29,3,2,47
2019-06-30,3,2,52
2019-07-01,3,2,50
2019-07-02,3,2,61
2019-07-03,3,2,61
2019-07-04,3,2,56
2019-07-05,3,2,47
2019-07-06,3,2,41
2019-07-07,3,2,39
2019-07-08,3,2,45
2019-07-09,3,2,57
2019-07-10,3,2,57
2019-07-11,3,2,51
2019-07-12,3,2,48
2019-07-13,3,2,40
2019-07-14,3,2,38
2019-07-15,3,2,47
2019-07-16,3,2,57
2019-07-17,3,2,51
2019-07-18,3,2,51
2019-07-19,3,2,43
2019-07-20,3,2,36
2019-07-21,3,2,39
2019-07-22,3,2,40
2019-07-23,3,2,53
2019-07-24,3,2,48
2019-07-25,3,2,53
2019-07-26,3,2,41
2019-07-27,3,2,35
2019-07-28,3,2,43
2019-07-29,3,2,40
2019-07-30,3,2,48
2019-07-31,3,2,45
2019-08-01,3,2,53
2019-08-02,3,2,48
2019-08-03,3,2,29
2019-08-04,3,2,34
2019-08-05,3,2,43
2019-08-06,3,2,47
2019-08-07,3,2,50
2019-08-08,3,2,46
2019-08-09,3,2,41
2019-08-10,3,2,31
2019-08-11,3,2,36
2019-08-12,3,2,37
2019-08-13,3,2,46
2019-08-14,3,2,42
2019-08-15,3,2,43
2019-08-16,3,2,35
2019-08-17,3,2,37
2019-08-18,3,2,34
2019-08-19,3,2,41
2019-08-20,3,2,47
2019-08-21,3,2,40
2019-08-22,3,2,36
2019-08-23,3,2,35
2019-08-24,3,2,33
2019-08-25,3,2,32
2019-08-26,3,2,36
2019-08-27,3,2,45
2019-08-28,3,2,46
2019-08-29,3,2,46
2019-08-30,3,2,38
2019-08-31,3,2,29
2019-09-01,3,2,32
2019-09-02,3,2,40
2019-09-03,3,2,46
2019-09-04,3,2,53
2019-09-05,3,2,42
2019-09-06,3,2,39
2019-09-07,3,2,26
2019-09-08,3,2,29
2019-09-09,3,2,29
2019-09-10,3,2,45
2019-09-11,3,2,48
2019-09-12,3,2,31
2019-09-13,3,2,35
2019-09-14,3,2,32
2019-09-15,3,2,33
2019-09-16,3,2,33
2019-09-17,3,2,47
2019-09-18,3,2,45
2019-09-19,3,2,43
2019-09-20,3,2,33
2019-09-21,3,2,31
2019-09-22,3,2,35
2019-09-23,3,2,36
2019-09-24,3,2,45
2019-09-25,3,2,50
2019-09-26,3,2,40
2019-09-27,3,2,29
2019-09-28,3,2,32
2019-09-29,3,2,37
2019-09-30,3,2,42
2019-10-01,3,2,46
2019-10-02,3,2,36
2019-10-03,3,2,38
2019-10-04,3,2,31
2019-10-05,3,2,30
2019-10-06,3,2,38
2019-10-07,3,2,33
2019-10-08,3,2,53
2019-10-09,3,2,44
2019-10-10,3,2,38
2019-10-11,3,2,37
2019-10-12,3,2,33
2019-10-13,3,2,34
2019-10-14,3,2,35
2019-10-15,3,2,46
2019-10-16,3,2,41
2019-10-17,3,2,38
2019-10-18,3,2,34
2019-10-19,3,2,27
2019-10-20,3,2,36
2019-10-21,3,2,36
2019-10-22,3,2,44
2019-10-23,3,2,43
2019-10-24,3,2,46
2019-10-25,3,2,33
2019-10-26,3,2,36
2019-10-27,3,2,37
2019-10-28,3,2,37
2019-10-29,3,2,46
2019-10-30,3,2,45
2019-10-31,3,2,45
2019-11-01,3,2,35
2019-11-02,3,2,30
2019-11-03,3,2,34
2019-11-04,3,2,34
2019-11-05,3,2,46
2019-11-06,3,2,51
2019-11-07,3,2,45
2019-11-08,3,2,41
2019-11-09,3,2,32
2019-11-10,3,2,33
2019-11-11,3,2,37
2019-11-12,3,2,46
2019-11-13,3,2,57
2019-11-14,3,2,46
2019-11-15,3,2,36
2019-11-16,3,2,30
2019-11-17,3,2,30
2019-11-18,3,2,39
2019-11-19,3,2,52
2019-11-20,3,2,49
2019-11-21,3,2,43
2019-11-22,3,2,36
2019-11-23,3,2,38
2019-11-24,3,2,37
2019-11-25,3,2,41
2019-11-26,3,2,49
2019-11-27,3,2,61
2019-11-28,3,2,53
2019-11-29,3,2,47
2019-11-30,3,2,30
2019-12-01,3,2,38
2019-12-02,3,2,43
2019-12-03,3,2,54
2019-12-04,3,2,58
2019-12-05,3,2,51
2019-12-06,3,2,40
2019-12-07,3,2,36
2019-12-08,3,2,43
2019-12-09,3,2,50
2019-12-10,3,2,54
2019-12-11,3,2,56
2019-12-12,3,2,52
2019-12-13,3,2,46
2019-12-14,3,2,44
2019-12-15,3,2,45
2019-12-16,3,2,49
2019-12-17,3,2,55
2019-12-18,3,2,57
2019-12-19,3,2,50
2019-12-20,3,2,43
2019-12-21,3,2,45
2019-12-22,3,2,42
2019-12-23,3,2,54
2019-12-24,3,2,57
2019-12-25,3,2,63
2019-12-26,3,2,58
2019-12-27,3,2,52
2019-12-28,3,2,43
2019-12-29,3,2,48
2019-12-30,3,2,56
2019-12-31,3,2,53
2020-01-01,3,2,68
2020-01-02,3,2,66
2020-01-03,3,2,54
2020-01-04,3,2,50
2020-01-05,3,2,51
2020-01-06,3,2,53
2020-01-07,3,2,61
2020-01-08,3,2,67
2020-01-09,3,2,55
2020-01-10,3,2,48
2020-01-11,3,2,47
2020-01-12,3,2,53
2020-01-13,3,2,53
2020-01-14,3,2,62
2020-01-15,3,2,64
2020-01-16,3,2,57
2020-01-17,3,2,44
2020-01-18,3,2,46
2020-01-19,3,2,53
2020-01-20,3,2,60
2020-01-21,3,2,67
2020-01-22,3,2,69
2020-01-23,3,2,60
2020-01-24,3,2,53
2020-01-25,3,2,53
2020-01-26,3,2,53
2020-01-27,3,2,64
2020-01-28,3,2,68
2020-01-29,3,2,73
2020-01-30,3,2,62
2020-01-31,3,2,62
2020-02-01,3,2,62
2020-02-02,3,2,55
2020-02-03,3,2,64
2020-02-04,3,2,64
2020-02-05,3,2,74
2020-02-06,3,2,70
2020-02-07,3,2,57
2020-02-08,3,2,57
2020-02-09,3,2,58
2020-02-10,3,2,65
2020-02-11,3,2,73
2020-02-12,3,2,74
2020-02-13,3,2,67
2020-02-14,3,2,64
2020-02-15,3,2,61
2020-02-16,3,2,56
2020-02-17,3,2,65
2020-02-18,3,2,64
2020-02-19,3,2,75
2020-02-20,3,2,74
2020-02-21,3,2,61
2020-02-22,3,2,58
2020-02-23,3,2,59
2020-02-24,3,2,64
2020-02-25,3,2,73
2020-02-26,3,2,71
2020-02-27,3,2,69
2020-02-28,3,2,59
2020-02-29,3,2,61
2020-03-01,3,2,61
2020-03-02,3,2,65
2020-03-03,3,2,73
2020-03-04,3,2,74
2020-03-05,3,2,75
2020-03-06,3,2,62
2020-03-07,3,2,62
2020-03-08,3,2,59
2020-03-09,3,2,71
2020-03-10,3,2,78
2020-03-11,3,2,80
2020-03-12,3,2,77
2020-03-13,3,2,66
2020-03-14,3,2,65
2020-03-15,3,2,69
2020-03-16,3,2,64
2020-03-17,3,2,72
2020-03-18,3,2,70
2020-03-19,3,2,76
2020-03-20,3,2,59
2020-03-21,3,2,54
2020-03-22,3,2,58
2020-03-23,3,2,62
2020-03-24,3,2,76
2020-03-25,3,2,72
2020-03-26,3,2,66
2020-03-27,3,2,65
2020-03-28,3,2,61
2020-03-29,3,2,55
2020-03-30,3,2,66
2020-03-31,3,2,75
2020-04-01,3,2,75
2020-04-02,3,2,71
2020-04-03,3,2,70
2020-04-04,3,2,70
2020-04-05,3,2,62
2020-04-06,3,2,64
2020-04-07,3,2,74
2020-04-08,3,2,78
2020-04-09,3,2,72
2020-04-10,3,2,68
2020-04-11,3,2,70
2020-04-12,3,2,56
2020-04-13,3,2,67
2020-04-14,3,2,81
2020-04-15,3,2,74
2020-04-16,3,2,75
2020-04-17,3,2,68
2020-04-18,3,2,66
2020-04-19,3,2,70
2020-04-20,3,2,70
2020-04-21,3,2,68
2020-04-22,3,2,73
2020-04-23,3,2,80
2020-04-24,3,2,59
2020-04-25,3,2,62
2020-04-26,3,2,52
2020-04-27,3,2,62
2020-04-28,3,2,77
2020-04-29,3,2,75
2020-04-30,3,2,69
2020-05-01,3,2,61
2020-05-02,3,2,51
2020-05-03,3,2,64
2020-05-04,3,2,66
2020-05-05,3,2,67
2020-05-06,3,2,75
2020-05-07,3,2,72
2020-05-08,3,2,62
2020-05-09,3,2,59
2020-05-10,3,2,60
2020-05-11,3,2,63
2020-05-12,3,2,72
2020-05-13,3,2,76
2020-05-14,3,2,73
2020-05-15,3,2,65
2020-05-16,3,2,55
2020-05-17,3,2,61
2020-05-18,3,2,67
2020-05-19,3,2,68
2020-05-20,3,2,70
2020-05-21,3,2,70
2020-05-22,3,2,66
2020-05-23,3,2,49
2020-05-24,3,2,64
2020-05-25,3,2,68
2020-05-26,3,2,70
2020-05-27,3,2,70
2020-05-28,3,2,68
2020-05-29,3,2,57
2020-05-30,3,2,54
2020-05-31,3,2,50
2020-06-01,3,2,55
2020-06-02,3,2,77
2020-06-03,3,2,70
2020-06-04,3,2,66
2020-06-05,3,2,57
2020-06-06,3,2,50
2020-06-07,3,2,53
2020-06-08,3,2,61
2020-06-09,3,2,66
2020-06-10,3,2,65
2020-06-11,3,2,65
2020-06-12,3,2,57
2020-06-13,3,2,53
2020-06-14,3,2,56
2020-06-15,3,2,58
2020-06-16,3,2,64
2020-06-17,3,2,72
2020-06-18,3,2,58
2020-06-19,3,2,47
2020-06-20,3,2,52
2020-06-21,3,2,49
2020-06-22,3,2,53
2020-06-23,3,2,67
2020-06-24,3,2,64
2020-06-25,3,2,55
2020-06-26,3,2,60
2020-06-27,3,2,42
2020-06-28,3,2,49
2020-06-29,3,2,48
2020-06-30,3,2,62
2020-07-01,3,2,60
2020-07-02,3,2,61
2020-07-03,3,2,51
2020-07-04,3,2,52
2020-07-05,3,2,46
2020-07-06,3,2,47
2020-07-07,3,2,61
2020-07-08,3,2,60
2020-07-09,3,2,49
2020-07-10,3,2,45
2020-07-11,3,2,42
2020-07-12,3,2,52
2020-07-13,3,2,55
2020-07-14,3,2,57
2020-07-15,3,2,61
2020-07-16,3,2,46
2020-07-17,3,2,45
2020-07-18,3,2,45
2020-07-19,3,2,45
2020-07-20,3,2,48
2020-07-21,3,2,56
2020-07-22,3,2,59
2020-07-23,3,2,53
2020-07-24,3,2,49
2020-07-25,3,2,43
2020-07-26,3,2,45
2020-07-27,3,2,55
2020-07-28,3,2,58
2020-07-29,3,2,63
2020-07-30,3,2,49
2020-07-31,3,2,38
2020-08-01,3,2,39
2020-08-02,3,2,40
2020-08-03,3,2,53
2020-08-04,3,2,49
2020-08-05,3,2,54
2020-08-06,3,2,52
2020-08-07,3,2,43
2020-08-08,3,2,38
2020-08-09,3,2,41
2020-08-10,3,2,50
2020-08-11,3,2,58
2020-08-12,3,2,53
2020-08-13,3,2,45
2020-08-14,3,2,48
2020-08-15,3,2,33
2020-08-16,3,2,46
2020-08-17,3,2,50
2020-08-18,3,2,57
2020-08-19,3,2,55
2020-08-20,3,2,39
2020-08-21,3,2,36
2020-08-22,3,2,37
2020-08-23,3,2,35
2020-08-24,3,2,42
2020-08-25,3,2,52
2020-08-26,3,2,50
2020-08-27,3,2,42
2020-08-28,3,2,43
2020-08-29,3,2,37
2020-08-30,3,2,35
2020-08-31,3,2,45
2020-09-01,3,2,49
2020-09-02,3,2,55
2020-09-03,3,2,46
2020-09-04,3,2,44
2020-09-05,3,2,27
2020-09-06,3,2,37
2020-09-07,3,2,40
2020-09-08,3,2,45
2020-09-09,3,2,54
2020-09-10,3,2,49
2020-09-11,3,2,30
2020-09-12,3,2,36
2020-09-13,3,2,37
2020-09-14,3,2,38
2020-09-15,3,2,44
2020-09-16,3,2,43
2020-09-17,3,2,43
2020-09-18,3,2,37
2020-09-19,3,2,36
2020-09-20,3,2,36
2020-09-21,3,2,37
2020-09-22,3,2,48
2020-09-23,3,2,48
2020-09-24,3,2,41
2020-09-25,3,2,31
2020-09-26,3,2,36
2020-09-27,3,2,36
2020-09-28,3,2,43
2020-09-29,3,2,44
2020-09-30,3,2,49
2020-10-01,3,2,39
2020-10-02,3,2,34
2020-10-03,3,2,33
2020-10-04,3,2,36
2020-10-05,3,2,35
2020-10-06,3,2,43
2020-10-07,3,2,47
2020-10-08,3,2,48
2020-10-09,3,2,34
2020-10-10,3,2,34
2020-10-11,3,2,36
2020-10-12,3,2,40
2020-10-13,3,2,49
2020-10-14,3,2,44
2020-10-15,3,2,42
2020-10-16,3,2,44
2020-10-17,3,2,40
2020-10-18,3,2,39
2020-10-19,3,2,46
2020-10-20,3,2,41
2020-10-21,3,2,46
2020-10-22,3,2,44
2020-10-23,3,2,49
2020-10-24,3,2,33
2020-10-25,3,2,39
2020-10-26,3,2,44
2020-10-27,3,2,51
2020-10-28,3,2,51
2020-10-29,3,2,42
2020-10-30,3,2,29
2020-10-31,3,2,41
2020-11-01,3,2,35
2020-11-02,3,2,36
2020-11-03,3,2,52
2020-11-04,3,2,53
2020-11-05,3,2,51
2020-11-06,3,2,45
2020-11-07,3,2,33
2020-11-08,3,2,35
2020-11-09,3,2,44
2020-11-10,3,2,55
2020-11-11,3,2,45
2020-11-12,3,2,49
2020-11-13,3,2,46
2020-11-14,3,2,41
2020-11-15,3,2,42
2020-11-16,3,2,50
2020-11-17,3,2,42
2020-11-18,3,2,61
2020-11-19,3,2,52
2020-11-20,3,2,49
2020-11-21,3,2,35
2020-11-22,3,2,34
2020-11-23,3,2,55
2020-11-24,3,2,50
2020-11-25,3,2,55
2020-11-26,3,2,54
2020-11-27,3,2,48
2020-11-28,3,2,45
2020-11-29,3,2,44
2020-11-30,3,2,45
2020-12-01,3,2,58
2020-12-02,3,2,60
2020-12-03,3,2,46
2020-12-04,3,2,52
2020-12-05,3,2,33
2020-12-06,3,2,48
2020-12-07,3,2,48
2020-12-08,3,2,60
2020-12-09,3,2,61
2020-12-10,3,2,55
2020-12-11,3,2,50
2020-12-12,3,2,44
2020-12-13,3,2,49
2020-12-14,3,2,61
2020-12-15,3,2,54
2020-12-16,3,2,48
2020-12-17,3,2,55
2020-12-18,3,2,48
2020-12-19,3,2,45
2020-12-20,3,2,44
2020-12-21,3,2,58
2020-12-22,3,2,55
2020-12-23,3,2,65
2020-12-24,3,2,61
2020-12-25,3,2,53
2020-12-26,3,2,50
2020-12-27,3,2,54
2020-12-28,3,2,57
2020-12-29,3,2,61
2020-12-30,3,2,67
2020-12-31,3,2,63
2021-01-01,3,2,57
2021-01-02,3,2,43
2021-01-03,3,2,51
2021-01-04,3,2,54
2021-01-05,3,2,67
2021-01-06,3,2,69
2021-01-07,3,2,61
2021-01-08,3,2,53
2021-01-09,3,2,54
2021-01-10,3,2,53
2021-01-11,3,2,66
2021-01-12,3,2,73
2021-01-13,3,2,72
2021-01-14,3,2,65
2021-01-15,3,2,65
2021-01-16,3,2,54
2021-01-17,3,2,53
2021-01-18,3,2,59
2021-01-19,3,2,65
2021-01-20,3,2,70
2021-01-21,3,2,68
2021-01-22,3,2,54
2021-01-23,3,2,53
2021-01-24,3,2,58
2021-01-25,3,2,66
2021-01-26,3,2,70
2021-01-27,3,2,73
2021-01-28,3,2,63
2021-01-29,3,2,57
2021-01-30,3,2,57
2021-01-31,3,2,61
2021-02-01,3,2,66
2021-02-02,3,2,68
2021-02-03,3,2,72
2021-02-04,3,2,75
2021-02-05,3,2,65
2021-02-06,3,2,58
2021-02-07,3,2,56
2021-02-08,3,2,64
2021-02-09,3,2,73
2021-02-10,3,2,76
2021-02-11,3,2,73
2021-02-12,3,2,66
2021-02-13,3,2,58
2021-02-14,3,2,60
2021-02-15,3,2,76
2021-02-16,3,2,72
2021-02-17,3,2,71
2021-02-18,3,2,66
2021-02-19,3,2,64
2021-02-20,3,2,65
2021-02-21,3,2,61
2021-02-22,3,2,75
2021-02-23,3,2,76
2021-02-24,3,2,82
2021-02-25,3,2,70
2021-02-26,3,2,64
2021-02-27,3,2,63
2021-02-28,3,2,66
2021-03-01,3,2,70
2021-03-02,3,2,78
2021-03-03,3,2,81
2021-03-04,3,2,69
2021-03-05,3,2,66
2021-03-06,3,2,61
2021-03-07,3,2,63
2021-03-08,3,2,73
2021-03-09,3,2,76
2021-03-10,3,2,71
2021-03-11,3,2,74
2021-03-12,3,2,64
2021-03-13,3,2,66
2021-03-14,3,2,69
2021-03-15,3,2,63
2021-03-16,3,2,75
2021-03-17,3,2,81
2021-03-18,3,2,70
2021-03-19,3,2,72
2021-03-20,3,2,69
2021-03-21,3,2,66
2021-03-22,3,2,69
2021-03-23,3,2,70
2021-03-24,3,2,84
2021-03-25,3,2,84
2021-03-26,3,2,76
2021-03-27,3,2,64
2021-03-28,3,2,62
2021-03-29,3,2,76
2021-03-30,3,2,79
2021-03-31,3,2,83
2021-04-01,3,2,78
2021-04-02,3,2,70
2021-04-03,3,2,69
2021-04-04,3,2,71
2021-04-05,3,2,71
2021-04-06,3,2,75
2021-04-07,3,2,71
2021-04-08,3,2,75
2021-04-09,3,2,65
2021-04-10,3,2,67
2021-04-11,3,2,65
2021-04-12,3,2,72
2021-04-13,3,2,82
2021-04-14,3,2,82
2021-04-15,3,2,76
2021-04-16,3,2,76
2021-04-17,3,2,68
2021-04-18,3,2,64
2021-04-19,3,2,71
2021-04-20,3,2,82
2021-04-21,3,2,81
2021-04-22,3,2,71
2021-04-23,3,2,72
2021-04-24,3,2,69
2021-04-25,3,2,70
2021-04-26,3,2,78
2021-04-27,3,2,86
2021-04-28,3,2,86
2021-04-29,3,2,76
2021-04-30,3,2,67
2021-05-01,3,2,56
2021-05-02,3,2,65
2021-05-03,3,2,73
2021-05-04,3,2,77
2021-05-05,3,2,71
2021-05-06,3,2,73
2021-05-07,3,2,70
2021-05-08,3,2,58
2021-05-09,3,2,65
2021-05-10,3,2,72
2021-05-11,3,2,81
2021-05-12,3,2,84
2021-05-13,3,2,72
2021-05-14,3,2,67
2021-05-15,3,2,62
2021-05-16,3,2,65
2021-05-17,3,2,71
2021-05-18,3,2,81
2021-05-19,3,2,67
2021-05-20,3,2,74
2021-05-21,3,2,67
2021-05-22,3,2,59
2021-05-23,3,2,52
2021-05-24,3,2,67
2021-05-25,3,2,71
2021-05-26,3,2,82
2021-05-27,3,2,72
2021-05-28,3,2,60
2021-05-29,3,2,51
2021-05-30,3,2,63
2021-05-31,3,2,69
2021-06-01,3,2,71
2021-06-02,3,2,76
2021-06-03,3,2,68
2021-06-04,3,2,66
2021-06-05,3,2,61
2021-06-06,3,2,52
2021-06-07,3,2,59
2021-06-08,3,2,79
2021-06-09,3,2,76
2021-06-10,3,2,62
2021-06-11,3,2,54
2021-06-12,3,2,57
2021-06-13,3,2,52
2021-06-14,3,2,62
2021-06-15,3,2,69
2021-06-16,3,2,70
2021-06-17,3,2,70
2021-06-18,3,2,66
2021-06-19,3,2,52
2021-06-20,3,2,51
2021-06-21,3,2,63
2021-06-22,3,2,74
2021-06-23,3,2,67
2021-06-24,3,2,68
2021-06-25,3,2,54
2021-06-26,3,2,52
2021-06-27,3,2,49
2021-06-28,3,2,60
2021-06-29,3,2,65
2021-06-30,3,2,69
2021-07-01,3,2,69
2021-07-02,3,2,54
2021-07-03,3,2,43
2021-07-04,3,2,51
2021-07-05,3,2,59
2021-07-06,3,2,65
2021-07-07,3,2,65
2021-07-08,3,2,67
2021-07-09,3,2,54
2021-07-10,3,2,48
2021-07-11,3,2,47
2021-07-12,3,2,49
2021-07-13,3,2,64
2021-07-14,3,2,64
2021-07-15,3,2,55
2021-07-16,3,2,52
2021-07-17,3,2,47
2021-07-18,3,2,46
2021-07-19,3,2,51
2021-07-20,3,2,62
2021-07-21,3,2,61
2021-07-22,3,2,55
2021-07-23,3,2,47
2021-07-24,3,2,45
2021-07-25,3,2,51
2021-07-26,3,2,54
2021-07-27,3,2,58
2021-07-28,3,2,61
2021-07-29,3,2,61
2021-07-30,3,2,50
2021-07-31,3,2,45
2021-08-01,3,2,48
2021-08-02,3,2,51
2021-08-03,3,2,58
2021-08-04,3,2,57
2021-08-05,3,2,48
2021-08-06,3,2,48
2021-08-07,3,2,44
2021-08-08,3,2,43
2021-08-09,3,2,54
2021-08-10,3,2,53
2021-08-11,3,2,50
2021-08-12,3,2,50
2021-08-13,3,2,40
2021-08-14,3,2,43
2021-08-15,3,2,40
2021-08-16,3,2,53
2021-08-17,3,2,59
2021-08-18,3,2,52
2021-08-19,3,2,48
2021-08-20,3,2,47
2021-08-21,3,2,44
2021-08-22,3,2,33
2021-08-23,3,2,49
2021-08-24,3,2,45
2021-08-25,3,2,53
2021-08-26,3,2,55
2021-08-27,3,2,56
2021-08-28,3,2,38
2021-08-29,3,2,35
2021-08-30,3,2,45
2021-08-31,3,2,53
2021-09-01,3,2,51
2021-09-02,3,2,46
2021-09-03,3,2,41
2021-09-04,3,2,40
2021-09-05,3,2,39
2021-09-06,3,2,42
2021-09-07,3,2,49
2021-09-08,3,2,52
2021-09-09,3,2,45
2021-09-10,3,2,39
2021-09-11,3,2,40
2021-09-12,3,2,38
2021-09-13,3,2,38
2021-09-14,3,2,56
2021-09-15,3,2,55
2021-09-16,3,2,43
2021-09-17,3,2,40
2021-09-18,3,2,34
2021-09-19,3,2,41
2021-09-20,3,2,43
2021-09-21,3,2,51
2021-09-22,3,2,52
2021-09-23,3,2,42
2021-09-24,3,2,47
2021-09-25,3,2,40
2021-09-26,3,2,35
2021-09-27,3,2,45
2021-09-28,3,2,55
2021-09-29,3,2,53
2021-09-30,3,2,54
2021-10-01,3,2,53
2021-10-02,3,2,36
2021-10-03,3,2,36
2021-10-04,3,2,41
2021-10-05,3,2,42
2021-10-06,3,2,58
2021-10-07,3,2,47
2021-10-08,3,2,45
2021-10-09,3,2,41
2021-10-10,3,2,34
2021-10-11,3,2,41
2021-10-12,3,2,58
2021-10-13,3,2,53
2021-10-14,3,2,46
2021-10-15,3,2,38
2021-10-16,3,2,37
2021-10-17,3,2,45
2021-10-18,3,2,48
2021-10-19,3,2,53
2021-10-20,3,2,60
2021-10-21,3,2,55
2021-10-22,3,2,44
2021-10-23,3,2,49
2021-10-24,3,2,39
2021-10-25,3,2,51
2021-10-26,3,2,51
2021-10-27,3,2,58
2021-10-28,3,2,49
2021-10-29,3,2,45
2021-10-30,3,2,49
2021-10-31,3,2,45
2021-11-01,3,2,49
2021-11-02,3,2,50
2021-11-03,3,2,56
2021-11-04,3,2,47
2021-11-05,3,2,48
2021-11-06,3,2,44
2021-11-07,3,2,41
2021-11-08,3,2,55
2021-11-09,3,2,61
2021-11-10,3,2,57
2021-11-11,3,2,55
2021-11-12,3,2,43
2021-11-13,3,2,40
2021-11-14,3,2,39
2021-11-15,3,2,48
2021-11-16,3,2,56
2021-11-17,3,2,51
2021-11-18,3,2,56
2021-11-19,3,2,51
2021-11-20,3,2,43
2021-11-21,3,2,34
2021-11-22,3,2,50
2021-11-23,3,2,52
2021-11-24,3,2,57
2021-11-25,3,2,61
2021-11-26,3,2,39
2021-11-27,3,2,41
2021-11-28,3,2,49
2021-11-29,3,2,50
2021-11-30,3,2,56
2021-12-01,3,2,69
2021-12-02,3,2,58
2021-12-03,3,2,54
2021-12-04,3,2,48
2021-12-05,3,2,48
2021-12-06,3,2,59
2021-12-07,3,2,68
2021-12-08,3,2,56
2021-12-09,3,2,58
2021-12-10,3,2,52
2021-12-11,3,2,46
2021-12-12,3,2,53
2021-12-13,3,2,57
2021-12-14,3,2,70
2021-12-15,3,2,69
2021-12-16,3,2,66
2021-12-17,3,2,49
2021-12-18,3,2,46
2021-12-19,3,2,48
2021-12-20,3,2,63
2021-12-21,3,2,60
2021-12-22,3,2,62
2021-12-23,3,2,58
2021-12-24,3,2,66
2021-12-25,3,2,51
2021-12-26,3,2,55
2021-12-27,3,2,55
2021-12-28,3,2,70
2021-12-29,3,2,61
2021-12-30,3,2,60
2021-12-31,3,2,54
2022-01-01,3,2,54
2022-01-02,3,2,52
2022-01-03,3,2,68
2022-01-04,3,2,70
2022-01-05,3,2,67
2022-01-06,3,2,70
2022-01-07,3,2,58
2022-01-08,3,2,53
2022-01-09,3,2,60
2022-01-10,3,2,54
2022-01-11,3,2,73
2022-01-12,3,2,69
2022-01-13,3,2,65
2022-01-14,3,2,69
2022-01-15,3,2,55
2022-01-16,3,2,62
2022-01-17,3,2,66
2022-01-18,3,2,73
2022-01-19,3,2,72
2022-01-20,3,2,68
2022-01-21,3,2,69
2022-01-22,3,2,62
2022-01-23,3,2,58
2022-01-24,3,2,63
2022-01-25,3,2,71
2022-01-26,3,2,79
2022-01-27,3,2,76
2022-01-28,3,2,67
2022-01-29,3,2,54
2022-01-30,3,2,65
2022-01-31,3,2,74
2022-02-01,3,2,76
2022-02-02,3,2,85
2022-02-03,3,2,68
2022-02-04,3,2,69
2022-02-05,3,2,58
2022-02-06,3,2,68
2022-02-07,3,2,73
2022-02-08,3,2,84
2022-02-09,3,2,80
2022-02-10,3,2,73
2022-02-11,3,2,66
2022-02-12,3,2,62
2022-02-13,3,2,63
2022-02-14,3,2,77
2022-02-15,3,2,83
2022-02-16,3,2,74
2022-02-17,3,2,76
2022-02-18,3,2,69
2022-02-19,3,2,62
2022-02-20,3,2,68
2022-02-21,3,2,79
2022-02-22,3,2,83
2022-02-23,3,2,86
2022-02-24,3,2,74
2022-02-25,3,2,70
2022-02-26,3,2,63
2022-02-27,3,2,69
2022-02-28,3,2,75
2022-03-01,3,2,84
2022-03-02,3,2,87
2022-03-03,3,2,81
2022-03-04,3,2,68
2022-03-05,3,2,62
2022-03-06,3,2,71
2022-03-07,3,2,81
2022-03-08,3,2,81
2022-03-09,3,2,77
2022-03-10,3,2,87
2022-03-11,3,2,74
2022-03-12,3,2,68
2022-03-13,3,2,65
2022-03-14,3,2,76
2022-03-15,3,2,85
2022-03-16,3,2,86
2022-03-17,3,2,77
2022-03-18,3,2,72
2022-03-19,3,2,66
2022-03-20,3,2,77
2022-03-21,3,2,80
2022-03-22,3,2,80
2022-03-23,3,2,79
2022-03-24,3,2,81
2022-03-25,3,2,71
2022-03-26,3,2,67
2022-03-27,3,2,66
2022-03-28,3,2,72
2022-03-29,3,2,83
2022-03-30,3,2,83
2022-03-31,3,2,90
2022-04-01,3,2,76
2022-04-02,3,2,64
2022-04-03,3,2,64
2022-04-04,3,2,78
2022-04-05,3,2,81
2022-04-06,3,2,90
2022-04-07,3,2,81
2022-04-08,3,2,65
2022-04-09,3,2,65
2022-04-10,3,2,68
2022-04-11,3,2,78
2022-04-12,3,2,79
2022-04-13,3,2,85
2022-04-14,3,2,75
2022-04-15,3,2,73
2022-04-16,3,2,70
2022-04-17,3,2,76
2022-04-18,3,2,77
2022-04-19,3,2,79
2022-04-20,3,2,90
2022-04-21,3,2,79
2022-04-22,3,2,76
2022-04-23,3,2,66
2022-04-24,3,2,70
2022-04-25,3,2,72
2022-04-26,3,2,83
2022-04-27,3,2,86
2022-04-28,3,2,77
2022-04-29,3,2,70
2022-04-30,3,2,69
2022-05-01,3,2,65
2022-05-02,3,2,69
2022-05-03,3,2,82
2022-05-04,3,2,82
2022-05-05,3,2,77
2022-05-06,3,2,73
2022-05-07,3,2,69
2022-05-08,3,2,67
2022-05-09,3,2,69
2022-05-10,3,2,78
2022-05-11,3,2,84
2022-05-12,3,2,78
2022-05-13,3,2,68
2022-05-14,3,2,62
2022-05-15,3,2,69
2022-05-16,3,2,72
2022-05-17,3,2,82
2022-05-18,3,2,84
2022-05-19,3,2,75
2022-05-20,3,2,72
2022-05-21,3,2,65
2022-05-22,3,2,67
2022-05-23,3,2,63
2022-05-24,3,2,74
2022-05-25,3,2,75
2022-05-26,3,2,73
2022-05-27,3,2,68
2022-05-28,3,2,63
2022-05-29,3,2,65
2022-05-30,3,2,67
2022-05-31,3,2,79
2022-06-01,3,2,85
2022-06-02,3,2,72
2022-06-03,3,2,63
2022-06-04,3,2,59
2022-06-05,3,2,63
2022-06-06,3,2,67
2022-06-07,3,2,68
2022-06-08,3,2,70
2022-06-09,3,2,76
2022-06-10,3,2,69
2022-06-11,3,2,66
2022-06-12,3,2,62
2022-06-13,3,2,63
2022-06-14,3,2,71
2022-06-15,3,2,68
2022-06-16,3,2,64
2022-06-17,3,2,64
2022-06-18,3,2,60
2022-06-19,3,2,67
2022-06-20,3,2,65
2022-06-21,3,2,66
2022-06-22,3,2,72
2022-06-23,3,2,67
2022-06-24,3,2,59
2022-06-25,3,2,58
2022-06-26,3,2,53
2022-06-27,3,2,64
2022-06-28,3,2,72
2022-06-29,3,2,77
2022-06-30,3,2,68
2022-07-01,3,2,63
2022-07-02,3,2,53
2022-07-03,3,2,55
2022-07-04,3,2,67
2022-07-05,3,2,62
2022-07-06,3,2,68
2022-07-07,3,2,69
2022-07-08,3,2,57
2022-07-09,3,2,52
2022-07-10,3,2,53
2022-07-11,3,2,61
2022-07-12,3,2,71
2022-07-13,3,2,71
2022-07-14,3,2,63
2022-07-15,3,2,60
2022-07-16,3,2,53
2022-07-17,3,2,56
2022-07-18,3,2,54
2022-07-19,3,2,72
2022-07-20,3,2,67
2022-07-21,3,2,50
2022-07-22,3,2,61
2022-07-23,3,2,50
2022-07-24,3,2,49
2022-07-25,3,2,54
2022-07-26,3,2,65
2022-07-27,3,2,61
2022-07-28,3,2,57
2022-07-29,3,2,50
2022-07-30,3,2,47
2022-07-31,3,2,47
2022-08-01,3,2,59
2022-08-02,3,2,63
2022-08-03,3,2,64
2022-08-04,3,2,61
2022-08-05,3,2,51
2022-08-06,3,2,42
2022-08-07,3,2,55
2022-08-08,3,2,58
2022-08-09,3,2,66
2022-08-10,3,2,65
2022-08-11,3,2,55
2022-08-12,3,2,40
2022-08-13,3,2,40
2022-08-14,3,2,49
2022-08-15,3,2,52
2022-08-16,3,2,57
2022-08-17,3,2,50
2022-08-18,3,2,56
2022-08-19,3,2,44
2022-08-20,3,2,41
2022-08-21,3,2,49
2022-08-22,3,2,47
2022-08-23,3,2,54
2022-08-24,3,2,60
2022-08-25,3,2,58
2022-08-26,3,2,46
2022-08-27,3,2,49
2022-08-28,3,2,39
2022-08-29,3,2,45
2022-08-30,3,2,50
2022-08-31,3,2,51
2022-09-01,3,2,55
2022-09-02,3,2,43
2022-09-03,3,2,36
2022-09-04,3,2,45
2022-09-05,3,2,53
2022-09-06,3,2,60
2022-09-07,3,2,61
2022-09-08,3,2,49
2022-09-09,3,2,47
2022-09-10,3,2,43
2022-09-11,3,2,41
2022-09-12,3,2,50
2022-09-13,3,2,50
2022-09-14,3,2,54
2022-09-15,3,2,54
2022-09-16,3,2,51
2022-09-17,3,2,46
2022-09-18,3,2,45
2022-09-19,3,2,49
2022-09-20,3,2,55
2022-09-21,3,2,51
2022-09-22,3,2,49
2022-09-23,3,2,42
2022-09-24,3,2,43
2022-09-25,3,2,46
2022-09-26,3,2,51
2022-09-27,3,2,60
2022-09-28,3,2,57
2022-09-29,3,2,48
2022-09-30,3,2,45
2022-10-01,3,2,38
2022-10-02,3,2,45
2022-10-03,3,2,47
2022-10-04,3,2,54
2022-10-05,3,2,59
2022-10-06,3,2,49
2022-10-07,3,2,49
2022-10-08,3,2,36
2022-10-09,3,2,44
2022-10-10,3,2,48
2022-10-11,3,2,58
2022-10-12,3,2,51
2022-10-13,3,2,46
2022-10-14,3,2,49
2022-10-15,3,2,40
2022-10-16,3,2,43
2022-10-17,3,2,47
2022-10-18,3,2,59
2022-10-19,3,2,58
2022-10-20,3,2,54
2022-10-21,3,2,41
2022-10-22,3,2,44
2022-10-23,3,2,40
2022-10-24,3,2,47
2022-10-25,3,2,51
2022-10-26,3,2,57
2022-10-27,3,2,58
2022-10-28,3,2,48
2022-10-29,3,2,41
2022-10-30,3,2,45
2022-10-31,3,2,51
2022-11-01,3,2,57
2022-11-02,3,2,60
2022-11-03,3,2,51
2022-11-04,3,2,48
2022-11-05,3,2,37
2022-11-06,3,2,48
2022-11-07,3,2,47
2022-11-08,3,2,63
2022-11-09,3,2,50
2022-11-10,3,2,63
2022-11-11,3,2,43
2022-11-12,3,2,40
2022-11-13,3,2,48
2022-11-14,3,2,56
2022-11-15,3,2,58
2022-11-16,3,2,65
2022-11-17,3,2,54
2022-11-18,3,2,49
2022-11-19,3,2,45
2022-11-20,3,2,46
2022-11-21,3,2,47
2022-11-22,3,2,61
2022-11-23,3,2,62
2022-11-24,3,2,63
2022-11-25,3,2,47
2022-11-26,3,2,45
2022-11-27,3,2,54
2022-11-28,3,2,57
2022-11-29,3,2,65
2022-11-30,3,2,66
2022-12-01,3,2,62
2022-12-02,3,2,61
2022-12-03,3,2,50
2022-12-04,3,2,47
2022-12-05,3,2,60
2022-12-06,3,2,62
2022-12-07,3,2,66
2022-12-08,3,2,63
2022-12-09,3,2,52
2022-12-10,3,2,49
2022-12-11,3,2,55
2022-12-12,3,2,57
2022-12-13,3,2,70
2022-12-14,3,2,64
2022-12-15,3,2,60
2022-12-16,3,2,65
2022-12-17,3,2,47
2022-12-18,3,2,55
2022-12-19,3,2,69
2022-12-20,3,2,68
2022-12-21,3,2,75
2022-12-22,3,2,68
2022-12-23,3,2,59
2022-12-24,3,2,54
2022-12-25,3,2,48
2022-12-26,3,2,62
2022-12-27,3,2,71
2022-12-28,3,2,72
2022-12-29,3,2,77
2022-12-30,3,2,62
2022-12-31,3,2,59
2018-01-01,3,3,52
2018-01-02,3,3,59
2018-01-03,3,3,59
2018-01-04,3,3,59
2018-01-05,3,3,49
2018-01-06,3,3,49
2018-01-07,3,3,44
2018-01-08,3,3,55
2018-01-09,3,3,67
2018-01-10,3,3,62
2018-01-11,3,3,66
2018-01-12,3,3,53
2018-01-13,3,3,48
2018-01-14,3,3,50
2018-01-15,3,3,55
2018-01-16,3,3,55
2018-01-17,3,3,68
2018-01-18,3,3,69
2018-01-19,3,3,56
2018-01-20,3,3,52
2018-01-21,3,3,51
2018-01-22,3,3,63
2018-01-23,3,3,64
2018-01-24,3,3,67
2018-01-25,3,3,56
2018-01-26,3,3,53
2018-01-27,3,3,53
2018-01-28,3,3,57
2018-01-29,3,3,63
2018-01-30,3,3,60
2018-01-31,3,3,62
2018-02-01,3,3,66
2018-02-02,3,3,54
2018-02-03,3,3,56
2018-02-04,3,3,48
2018-02-05,3,3,61
2018-02-06,3,3,67
2018-02-07,3,3,71
2018-02-08,3,3,61
2018-02-09,3,3,51
2018-02-10,3,3,55
2018-02-11,3,3,58
2018-02-12,3,3,67
2018-02-13,3,3,68
2018-02-14,3,3,74
2018-02-15,3,3,69
2018-02-16,3,3,65
2018-02-17,3,3,55
2018-02-18,3,3,50
2018-02-19,3,3,64
2018-02-20,3,3,71
2018-02-21,3,3,74
2018-02-22,3,3,62
2018-02-23,3,3,60
2018-02-24,3,3,60
2018-02-25,3,3,58
2018-02-26,3,3,64
2018-02-27,3,3,79
2018-02-28,3,3,69
2018-03-01,3,3,74
2018-03-02,3,3,66
2018-03-03,3,3,57
2018-03-04,3,3,59
2018-03-05,3,3,66
2018-03-06,3,3,73
2018-03-07,3,3,72
2018-03-08,3,3,68
2018-03-09,3,3,61
2018-03-10,3,3,57
2018-03-11,3,3,59
2018-03-12,3,3,58
2018-03-13,3,3,73
2018-03-14,3,3,72
2018-03-15,3,3,63
2018-03-16,3,3,62
2018-03-17,3,3,58
2018-03-18,3,3,66
2018-03-19,3,3,65
2018-03-20,3,3,76
2018-03-21,3,3,81
2018-03-22,3,3,68
2018-03-23,3,3,64
2018-03-24,3,3,66
2018-03-25,3,3,62
2018-03-26,3,3,69
2018-03-27,3,3,72
2018-03-28,3,3,78
2018-03-29,3,3,71
2018-03-30,3,3,57
2018-03-31,3,3,58
2018-04-01,3,3,57
2018-04-02,3,3,68
2018-04-03,3,3,70
2018-04-04,3,3,77
2018-04-05,3,3,71
2018-04-06,3,3,59
2018-04-07,3,3,58
2018-04-08,3,3,64
2018-04-09,3,3,72
2018-04-10,3,3,70
2018-04-11,3,3,71
2018-04-12,3,3,79
2018-04-13,3,3,64
2018-04-14,3,3,60
2018-04-15,3,3,58
2018-04-16,3,3,68
2018-04-17,3,3,80
2018-04-18,3,3,76
2018-04-19,3,3,75
2018-04-20,3,3,63
2018-04-21,3,3,55
2018-04-22,3,3,58
2018-04-23,3,3,62
2018-04-24,3,3,74
2018-04-25,3,3,79
2018-04-26,3,3,70
2018-04-27,3,3,61
2018-04-28,3,3,55
2018-04-29,3,3,61
2018-04-30,3,3,61
2018-05-01,3,3,67
2018-05-02,3,3,77
2018-05-03,3,3,68
2018-05-04,3,3,61
2018-05-05,3,3,57
2018-05-06,3,3,62
2018-05-07,3,3,66
2018-05-08,3,3,68
2018-05-09,3,3,70
2018-05-10,3,3,67
2018-05-11,3,3,62
2018-05-12,3,3,56
2018-05-13,3,3,57
2018-05-14,3,3,64
2018-05-15,3,3,70
2018-05-16,3,3,68
2018-05-17,3,3,71
2018-05-18,3,3,58
2018-05-19,3,3,56
2018-05-20,3,3,48
2018-05-21,3,3,62
2018-05-22,3,3,64
2018-05-23,3,3,66
2018-05-24,3,3,75
2018-05-25,3,3,59
2018-05-26,3,3,59
2018-05-27,3,3,59
2018-05-28,3,3,65
2018-05-29,3,3,66
2018-05-30,3,3,75
2018-05-31,3,3,67
2018-06-01,3,3,57
2018-06-02,3,3,53
2018-06-03,3,3,53
2018-06-04,3,3,60
2018-06-05,3,3,65
2018-06-06,3,3,68
2018-06-07,3,3,69
2018-06-08,3,3,50
2018-06-09,3,3,55
2018-06-10,3,3,50
2018-06-11,3,3,63
2018-06-12,3,3,63
2018-06-13,3,3,67
2018-06-14,3,3,60
2018-06-15,3,3,47
2018-06-16,3,3,56
2018-06-17,3,3,46
2018-06-18,3,3,57
2018-06-19,3,3,58
2018-06-20,3,3,58
2018-06-21,3,3,58
2018-06-22,3,3,49
2018-06-23,3,3,43
2018-06-24,3,3,48
2018-06-25,3,3,49
2018-06-26,3,3,61
2018-06-27,3,3,61
2018-06-28,3,3,47
2018-06-29,3,3,48
2018-06-30,3,3,47
2018-07-01,3,3,42
2018-07-02,3,3,55
2018-07-03,3,3,60
2018-07-04,3,3,56
2018-07-05,3,3,55
2018-07-06,3,3,52
2018-07-07,3,3,40
2018-07-08,3,3,44
2018-07-09,3,3,56
2018-07-10,3,3,53
2018-07-11,3,3,60
2018-07-12,3,3,49
2018-07-13,3,3,46
2018-07-14,3,3,44
2018-07-15,3,3,34
2018-07-16,3,3,47
2018-07-17,3,3,57
2018-07-18,3,3,57
2018-07-19,3,3,50
2018-07-20,3,3,40
2018-07-21,3,3,43
2018-07-22,3,3,40
2018-07-23,3,3,50
2018-07-24,3,3,55
2018-07-25,3,3,53
2018-07-26,3,3,55
2018-07-27,3,3,41
2018-07-28,3,3,43
2018-07-29,3,3,45
2018-07-30,3,3,50
2018-07-31,3,3,51
2018-08-01,3,3,63
2018-08-02,3,3,49
2018-08-03,3,3,42
2018-08-04,3,3,37
2018-08-05,3,3,34
2018-08-06,3,3,50
2018-08-07,3,3,48
2018-08-08,3,3,55
2018-08-09,3,3,52
2018-08-10,3,3,42
2018-08-11,3,3,33
2018-08-12,3,3,36
2018-08-13,3,3,32
2018-08-14,3,3,49
2018-08-15,3,3,54
2018-08-16,3,3,45
2018-08-17,3,3,36
2018-08-18,3,3,33
2018-08-19,3,3,40
2018-08-20,3,3,41
2018-08-21,3,3,55
2018-08-22,3,3,47
2018-08-23,3,3,46
2018-08-24,3,3,36
2018-08-25,3,3,41
2018-08-26,3,3,35
2018-08-27,3,3,49
2018-08-28,3,3,45
2018-08-29,3,3,54
2018-08-30,3,3,44
2018-08-31,3,3,40
2018-09-01,3,3,27
2018-09-02,3,3,35
2018-09-03,3,3,35
2018-09-04,3,3,47
2018-09-05,3,3,41
2018-09-06,3,3,42
2018-09-07,3,3,40
2018-09-08,3,3,34
2018-09-09,3,3,28
2018-09-10,3,3,31
2018-09-11,3,3,47
2018-09-12,3,3,53
2018-09-13,3,3,38
2018-09-14,3,3,44
2018-09-15,3,3,31
2018-09-16,3,3,24
2018-09-17,3,3,32
2018-09-18,3,3,48
2018-09-19,3,3,47
2018-09-20,3,3,48
2018-09-21,3,3,30
2018-09-22,3,3,31
2018-09-23,3,3,32
2018-09-24,3,3,38
2018-09-25,3,3,43
2018-09-26,3,3,44
2018-09-27,3,3,42
2018-09-28,3,3,36
2018-09-29,3,3,31
2018-09-30,3,3,37
2018-10-01,3,3,33
2018-10-02,3,3,37
2018-10-03,3,3,50
2018-10-04,3,3,38
2018-10-05,3,3,33
2018-10-06,3,3,28
2018-10-07,3,3,29
2018-10-08,3,3,32
2018-10-09,3,3,42
2018-10-10,3,3,49
2018-10-11,3,3,42
2018-10-12,3,3,37
2018-10-13,3,3,29
2018-10-14,3,3,36
2018-10-15,3,3,37
2018-10-16,3,3,36
2018-10-17,3,3,48
2018-10-18,3,3,45
2018-10-19,3,3,33
2018-10-20,3,3,36
2018-10-21,3,3,29
2018-10-22,3,3,42
2018-10-23,3,3,53
2018-10-24,3,3,47
2018-10-25,3,3,42
2018-10-26,3,3,36
2018-10-27,3,3,38
2018-10-28,3,3,35
2018-10-29,3,3,49
2018-10-30,3,3,47
2018-10-31,3,3,45
2018-11-01,3,3,41
2018-11-02,3,3,37
2018-11-03,3,3,25
2018-11-04,3,3,33
2018-11-05,3,3,39
2018-11-06,3,3,48
2018-11-07,3,3,57
2018-11-08,3,3,45
2018-11-09,3,3,30
2018-11-10,3,3,30
2018-11-11,3,3,37
2018-11-12,3,3,42
2018-11-13,3,3,55
2018-11-14,3,3,54
2018-11-15,3,3,50
2018-11-16,3,3,38
2018-11-17,3,3,40
2018-11-18,3,3,33
2018-11-19,3,3,47
2018-11-20,3,3,49
2018-11-21,3,3,46
2018-11-22,3,3,50
2018-11-23,3,3,46
2018-11-24,3,3,35
2018-11-25,3,3,45
2018-11-26,3,3,38
2018-11-27,3,3,46
2018-11-28,3,3,52
2018-11-29,3,3,47
2018-11-30,3,3,40
2018-12-01,3,3,39
2018-12-02,3,3,38
2018-12-03,3,3,45
2018-12-04,3,3,54
2018-12-05,3,3,52
2018-12-06,3,3,50
2018-12-07,3,3,41
2018-12-08,3,3,35
2018-12-09,3,3,45
2018-12-10,3,3,55
2018-12-11,3,3,59
2018-12-12,3,3,58
2018-12-13,3,3,50
2018-12-14,3,3,44
2018-12-15,3,3,46
2018-12-16,3,3,34
2018-12-17,3,3,48
2018-12-18,3,3,59
2018-12-19,3,3,54
2018-12-20,3,3,56
2018-12-21,3,3,49
2018-12-22,3,3,37
2018-12-23,3,3,45
2018-12-24,3,3,49
2018-12-25,3,3,60
2018-12-26,3,3,63
2018-12-27,3,3,57
2018-12-28,3,3,49
2018-12-29,3,3,46
2018-12-30,3,3,42
2018-12-31,3,3,53
2019-01-01,3,3,57
2019-01-02,3,3,66
2019-01-03,3,3,60
2019-01-04,3,3,54
2019-01-05,3,3,54
2019-01-06,3,3,47
2019-01-07,3,3,53
2019-01-08,3,3,60
2019-01-09,3,3,57
2019-01-10,3,3,53
2019-01-11,3,3,55
2019-01-12,3,3,43
2019-01-13,3,3,46
2019-01-14,3,3,57
2019-01-15,3,3,62
2019-01-16,3,3,69
2019-01-17,3,3,61
2019-01-18,3,3,51
2019-01-19,3,3,54
2019-01-20,3,3,55
2019-01-21,3,3,53
2019-01-22,3,3,66
2019-01-23,3,3,64
2019-01-24,3,3,60
2019-01-25,3,3,64
2019-01-26,3,3,53
2019-01-27,3,3,53
2019-01-28,3,3,61
2019-01-29,3,3,70
2019-01-30,3,3,66
2019-01-31,3,3,62
2019-02-01,3,3,60
2019-02-02,3,3,48
2019-02-03,3,3,59
2019-02-04,3,3,56
2019-02-05,3,3,67
2019-02-06,3,3,64
2019-02-07,3,3,62
2019-02-08,3,3,65
2019-02-09,3,3,59
2019-02-10,3,3,62
2019-02-11,3,3,58
2019-02-12,3,3,66
2019-02-13,3,3,73
2019-02-14,3,3,70
2019-02-15,3,3,58
2019-02-16,3,3,54
2019-02-17,3,3,54
2019-02-18,3,3,71
2019-02-19,3,3,69
2019-02-20,3,3,73
2019-02-21,3,3,69
2019-02-22,3,3,66
2019-02-23,3,3,54
2019-02-24,3,3,64
2019-02-25,3,3,61
2019-02-26,3,3,77
2019-02-27,3,3,67
2019-02-28,3,3,69
2019-03-01,3,3,69
2019-03-02,3,3,62
2019-03-03,3,3,62
2019-03-04,3,3,63
2019-03-05,3,3,70
2019-03-06,3,3,80
2019-03-07,3,3,73
2019-03-08,3,3,67
2019-03-09,3,3,60
2019-03-10,3,3,60
2019-03-11,3,3,71
2019-03-12,3,3,75
2019-03-13,3,3,75
2019-03-14,3,3,66
2019-03-15,3,3,68
2019-03-16,3,3,62
2019-03-17,3,3,59
2019-03-18,3,3,73
2019-03-19,3,3,75
2019-03-20,3,3,77
2019-03-21,3,3,75
2019-03-22,3,3,68
2019-03-23,3,3,62
2019-03-24,3,3,61
2019-03-25,3,3,76
2019-03-26,3,3,72
2019-03-27,3,3,79
2019-03-28,3,3,72
2019-03-29,3,3,67
2019-03-30,3,3,66
2019-03-31,3,3,61
2019-04-01,3,3,71
2019-04-02,3,3,76
2019-04-03,3,3,74
2019-04-04,3,3,77
2019-04-05,3,3,68
2019-04-06,3,3,59
2019-04-07,3,3,67
2019-04-08,3,3,65
2019-04-09,3,3,75
2019-04-10,3,3,75
2019-04-11,3,3,75
2019-04-12,3,3,63
2019-04-13,3,3,64
2019-04-14,3,3,64
2019-04-15,3,3,67
2019-04-16,3,3,82
2019-04-17,3,3,73
2019-04-18,3,3,66
2019-04-19,3,3,68
2019-04-20,3,3,52
2019-04-21,3,3,68
2019-04-22,3,3,68
2019-04-23,3,3,68
2019-04-24,3,3,72
2019-04-25,3,3,64
2019-04-26,3,3,65
2019-04-27,3,3,54
2019-04-28,3,3,63
2019-04-29,3,3,66
2019-04-30,3,3,71
2019-05-01,3,3,77
2019-05-02,3,3,73
2019-05-03,3,3,68
2019-05-04,3,3,56
2019-05-05,3,3,60
2019-05-06,3,3,64
2019-05-07,3,3,73
2019-05-08,3,3,71
2019-05-09,3,3,67
2019-05-10,3,3,60
2019-05-11,3,3,59
2019-05-12,3,3,59
2019-05-13,3,3,67
2019-05-14,3,3,71
2019-05-15,3,3,70
2019-05-16,3,3,69
2019-05-17,3,3,57
2019-05-18,3,3,59
2019-05-19,3,3,57
2019-05-20,3,3,65
2019-05-21,3,3,71
2019-05-22,3,3,78
2019-05-23,3,3,68
2019-05-24,3,3,60
2019-05-25,3,3,52
2019-05-26,3,3,60
2019-05-27,3,3,61
2019-05-28,3,3,62
2019-05-29,3,3,69
2019-05-30,3,3,66
2019-05-31,3,3,55
2019-06-01,3,3,53
2019-06-02,3,3,55
2019-06-03,3,3,61
2019-06-04,3,3,72
2019-06-05,3,3,63
2019-06-06,3,3,72
2019-06-07,3,3,56
2019-06-08,3,3,54
2019-06-09,3,3,54
2019-06-10,3,3,52
2019-06-11,3,3,61
2019-06-12,3,3,65
2019-06-13,3,3,66
2019-06-14,3,3,49
2019-06-15,3,3,47
2019-06-16,3,3,52
2019-06-17,3,3,59
2019-06-18,3,3,65
2019-06-19,3,3,61
2019-06-20,3,3,54
2019-06-21,3,3,55
2019-06-22,3,3,54
2019-06-23,3,3,48
2019-06-24,3,3,51
2019-06-25,3,3,60
2019-06-26,3,3,65
2019-06-27,3,3,58
2019-06-28,3,3,57
2019-06-29,3,3,50
2019-06-30,3,3,49
2019-07-01,3,3,46
2019-07-02,3,3,57
2019-07-03,3,3,59
2019-07-04,3,3,54
2019-07-05,3,3,50
2019-07-06,3,3,46
2019-07-07,3,3,40
2019-07-08,3,3,56
2019-07-09,3,3,58
2019-07-10,3,3,61
2019-07-11,3,3,58
2019-07-12,3,3,45
2019-07-13,3,3,48
2019-07-14,3,3,44
2019-07-15,3,3,57
2019-07-16,3,3,53
2019-07-17,3,3,64
2019-07-18,3,3,50
2019-07-19,3,3,56
2019-07-20,3,3,38
2019-07-21,3,3,47
2019-07-22,3,3,47
2019-07-23,3,3,58
2019-07-24,3,3,56
2019-07-25,3,3,47
2019-07-26,3,3,33
2019-07-27,3,3,50
2019-07-28,3,3,41
2019-07-29,3,3,35
2019-07-30,3,3,54
2019-07-31,3,3,57
2019-08-01,3,3,47
2019-08-02,3,3,40
2019-08-03,3,3,38
2019-08-04,3,3,44
2019-08-05,3,3,46
2019-08-06,3,3,58
2019-08-07,3,3,58
2019-08-08,3,3,48
2019-08-09,3,3,35
2019-08-10,3,3,36
2019-08-11,3,3,40
2019-08-12,3,3,44
2019-08-13,3,3,53
2019-08-14,3,3,55
2019-08-15,3,3,49
2019-08-16,3,3,39
2019-08-17,3,3,38
2019-08-18,3,3,46
2019-08-19,3,3,37
2019-08-20,3,3,51
2019-08-21,3,3,58
2019-08-22,3,3,41
2019-08-23,3,3,43
2019-08-24,3,3,39
2019-08-25,3,3,30
2019-08-26,3,3,45
2019-08-27,3,3,47
2019-08-28,3,3,49
2019-08-29,3,3,44
2019-08-30,3,3,43
2019-08-31,3,3,33
2019-09-01,3,3,33
2019-09-02,3,3,39
2019-09-03,3,3,46
2019-09-04,3,3,44
2019-09-05,3,3,42
2019-09-06,3,3,37
2019-09-07,3,3,34
2019-09-08,3,3,39
2019-09-09,3,3,41
2019-09-10,3,3,44
2019-09-11,3,3,44
2019-09-12,3,3,45
2019-09-13,3,3,36
2019-09-14,3,3,32
2019-09-15,3,3,35
2019-09-16,3,3,42
2019-09-17,3,3,47
2019-09-18,3,3,47
2019-09-19,3,3,40
2019-09-20,3,3,34
2019-09-21,3,3,35
2019-09-22,3,3,31
2019-09-23,3,3,34
2019-09-24,3,3,50
2019-09-25,3,3,43
2019-09-26,3,3,43
2019-09-27,3,3,38
2019-09-28,3,3,31
2019-09-29,3,3,23
2019-09-30,3,3,41
2019-10-01,3,3,51
2019-10-02,3,3,50
2019-10-03,3,3,34
2019-10-04,3,3,44
2019-10-05,3,3,26
2019-10-06,3,3,29
2019-10-07,3,3,42
2019-10-08,3,3,47
2019-10-09,3,3,48
2019-10-10,3,3,41
2019-10-11,3,3,41
2019-10-12,3,3,32
2019-10-13,3,3,27
2019-10-14,3,3,45
2019-10-15,3,3,47
2019-10-16,3,3,52
2019-10-17,3,3,46
2019-10-18,3,3,46
2019-10-19,3,3,31
2019-10-20,3,3,34
2019-10-21,3,3,43
2019-10-22,3,3,45
2019-10-23,3,3,51
2019-10-24,3,3,32
2019-10-25,3,3,37
2019-10-26,3,3,32
2019-10-27,3,3,34
2019-10-28,3,3,37
2019-10-29,3,3,51
2019-10-30,3,3,47
2019-10-31,3,3,46
2019-11-01,3,3,38
2019-11-02,3,3,36
2019-11-03,3,3,41
2019-11-04,3,3,43
2019-11-05,3,3,52
2019-11-06,3,3,51
2019-11-07,3,3,44
2019-11-08,3,3,38
2019-11-09,3,3,34
2019-11-10,3,3,39
2019-11-11,3,3,43
2019-11-12,3,3,46
2019-11-13,3,3,50
2019-11-14,3,3,41
2019-11-15,3,3,39
2019-11-16,3,3,36
2019-11-17,3,3,45
2019-11-18,3,3,50
2019-11-19,3,3,47
2019-11-20,3,3,53
2019-11-21,3,3,49
2019-11-22,3,3,41
2019-11-23,3,3,37
2019-11-24,3,3,38
2019-11-25,3,3,53
2019-11-26,3,3,50
2019-11-27,3,3,55
2019-11-28,3,3,40
2019-11-29,3,3,46
2019-11-30,3,3,44
2019-12-01,3,3,37
2019-12-02,3,3,45
2019-12-03,3,3,56
2019-12-04,3,3,56
2019-12-05,3,3,53
2019-12-06,3,3,44
2019-12-07,3,3,48
2019-12-08,3,3,40
2019-12-09,3,3,60
2019-12-10,3,3,60
2019-12-11,3,3,61
2019-12-12,3,3,49
2019-12-13,3,3,50
2019-12-14,3,3,45
2019-12-15,3,3,36
2019-12-16,3,3,45
2019-12-17,3,3,59
2019-12-18,3,3,58
2019-12-19,3,3,53
2019-12-20,3,3,52
2019-12-21,3,3,41
2019-12-22,3,3,44
2019-12-23,3,3,50
2019-12-24,3,3,61
2019-12-25,3,3,54
2019-12-26,3,3,55
2019-12-27,3,3,43
2019-12-28,3,3,45
2019-12-29,3,3,51
2019-12-30,3,3,57
2019-12-31,3,3,58
2020-01-01,3,3,65
2020-01-02,3,3,58
2020-01-03,3,3,57
2020-01-04,3,3,47
2020-01-05,3,3,38
2020-01-06,3,3,60
2020-01-07,3,3,61
2020-01-08,3,3,63
2020-01-09,3,3,62
2020-01-10,3,3,48
2020-01-11,3,3,50
2020-01-12,3,3,53
2020-01-13,3,3,59
2020-01-14,3,3,62
2020-01-15,3,3,70
2020-01-16,3,3,58
2020-01-17,3,3,53
2020-01-18,3,3,51
2020-01-19,3,3,54
2020-01-20,3,3,58
2020-01-21,3,3,71
2020-01-22,3,3,69
2020-01-23,3,3,64
2020-01-24,3,3,58
2020-01-25,3,3,56
2020-01-26,3,3,56
2020-01-27,3,3,54
2020-01-28,3,3,72
2020-01-29,3,3,70
2020-01-30,3,3,68
2020-01-31,3,3,57
2020-02-01,3,3,47
2020-02-02,3,3,47
2020-02-03,3,3,59
2020-02-04,3,3,71
2020-02-05,3,3,76
2020-02-06,3,3,68
2020-02-07,3,3,56
2020-02-08,3,3,53
2020-02-09,3,3,63
2020-02-10,3,3,59
2020-02-11,3,3,79
2020-02-12,3,3,80
2020-02-13,3,3,77
2020-02-14,3,3,63
2020-02-15,3,3,56
2020-02-16,3,3,61
2020-02-17,3,3,69
2020-02-18,3,3,70
2020-02-19,3,3,69
2020-02-20,3,3,69
2020-02-21,3,3,60
2020-02-22,3,3,64
2020-02-23,3,3,58
2020-02-24,3,3,67
2020-02-25,3,3,77
2020-02-26,3,3,80
2020-02-27,3,3,72
2020-02-28,3,3,65
2020-02-29,3,3,56
2020-03-01,3,3,66
2020-03-02,3,3,73
2020-03-03,3,3,67
2020-03-04,3,3,83
2020-03-05,3,3,69
2020-03-06,3,3,67
2020-03-07,3,3,61
2020-03-08,3,3,62
2020-03-09,3,3,68
2020-03-10,3,3,71
2020-03-11,3,3,79
2020-03-12,3,3,71
2020-03-13,3,3,60
2020-03-14,3,3,57
2020-03-15,3,3,58
2020-03-16,3,3,67
2020-03-17,3,3,77
2020-03-18,3,3,74
2020-03-19,3,3,77
2020-03-20,3,3,66
2020-03-21,3,3,61
2020-03-22,3,3,63
2020-03-23,3,3,75
2020-03-24,3,3,70
2020-03-25,3,3,84
2020-03-26,3,3,77
2020-03-27,3,3,66
2020-03-28,3,3,67
2020-03-29,3,3,62
2020-03-30,3,3,71
2020-03-31,3,3,74
2020-04-01,3,3,81
2020-04-02,3,3,70
2020-04-03,3,3,66
2020-04-04,3,3,65
2020-04-05,3,3,68
2020-04-06,3,3,66
2020-04-07,3,3,79
2020-04-08,3,3,74
2020-04-09,3,3,65
2020-04-10,3,3,63
2020-04-11,3,3,65
2020-04-12,3,3,63
2020-04-13,3,3,67
2020-04-14,3,3,76
2020-04-15,3,3,77
2020-04-16,3,3,75
2020-04-17,3,3,59
2020-04-18,3,3,61
2020-04-19,3,3,63
2020-04-20,3,3,64
2020-04-21,3,3,70
2020-04-22,3,3,75
2020-04-23,3,3,72
2020-04-24,3,3,65
2020-04-25,3,3,58
2020-04-26,3,3,60
2020-04-27,3,3,67
2020-04-28,3,3,76
2020-04-29,3,3,81
2020-04-30,3,3,63
2020-05-01,3,3,67
2020-05-02,3,3,59
2020-05-03,3,3,63
2020-05-04,3,3,72
2020-05-05,3,3,71
2020-05-06,3,3,79
2020-05-07,3,3,65
2020-05-08,3,3,64
2020-05-09,3,3,58
2020-05-10,3,3,60
2020-05-11,3,3,62
2020-05-12,3,3,74
2020-05-13,3,3,80
2020-05-14,3,3,65
2020-05-15,3,3,63
2020-05-16,3,3,61
2020-05-17,3,3,58
2020-05-18,3,3,71
2020-05-19,3,3,69
2020-05-20,3,3,72
2020-05-21,3,3,64
2020-05-22,3,3,61
2020-05-23,3,3,56
2020-05-24,3,3,60
2020-05-25,3,3,61
2020-05-26,3,3,67
2020-05-27,3,3,73
2020-05-28,3,3,72
2020-05-29,3,3,62
2020-05-30,3,3,62
2020-05-31,3,3,58
2020-06-01,3,3,64
2020-06-02,3,3,71
2020-06-03,3,3,76
2020-06-04,3,3,70
2020-06-05,3,3,54
2020-06-06,3,3,57
2020-06-07,3,3,56
2020-06-08,3,3,60
2020-06-09,3,3,60
2020-06-10,3,3,62
2020-06-11,3,3,62
2020-06-12,3,3,50
2020-06-13,3,3,50
2020-06-14,3,3,56
2020-06-15,3,3,57
2020-06-16,3,3,65
2020-06-17,3,3,62
2020-06-18,3,3,63
2020-06-19,3,3,57
2020-06-20,3,3,44
2020-06-21,3,3,48
2020-06-22,3,3,52
2020-06-23,3,3,65
2020-06-24,3,3,65
2020-06-25,3,3,60
2020-06-26,3,3,52
2020-06-27,3,3,49
2020-06-28,3,3,51
2020-06-29,3,3,53
2020-06-30,3,3,59
2020-07-01,3,3,62
2020-07-02,3,3,57
2020-07-03,3,3,59
2020-07-04,3,3,45
2020-07-05,3,3,49
2020-07-06,3,3,56
2020-07-07,3,3,65
2020-07-08,3,3,58
2020-07-09,3,3,62
2020-07-10,3,3,49
2020-07-11,3,3,55
2020-07-12,3,3,47
2020-07-13,3,3,47
2020-07-14,3,3,57
2020-07-15,3,3,65
2020-07-16,3,3,55
2020-07-17,3,3,47
2020-07-18,3,3,46
2020-07-19,3,3,43
2020-07-20,3,3,49
2020-07-21,3,3,52
2020-07-22,3,3,64
2020-07-23,3,3,48
2020-07-24,3,3,46
2020-07-25,3,3,43
2020-07-26,3,3,42
2020-07-27,3,3,44
2020-07-28,3,3,51
2020-07-29,3,3,58
2020-07-30,3,3,48
2020-07-31,3,3,36
2020-08-01,3,3,41
2020-08-02,3,3,37
2020-08-03,3,3,50
2020-08-04,3,3,52
2020-08-05,3,3,53
2020-08-06,3,3,50
2020-08-07,3,3,38
2020-08-08,3,3,35
2020-08-09,3,3,38
2020-08-10,3,3,41
2020-08-11,3,3,54
2020-08-12,3,3,52
2020-08-13,3,3,43
2020-08-14,3,3,39
2020-08-15,3,3,37
2020-08-16,3,3,36
2020-08-17,3,3,46
2020-08-18,3,3,53
2020-08-19,3,3,61
2020-08-20,3,3,52
2020-08-21,3,3,34
2020-08-22,3,3,34
2020-08-23,3,3,36
2020-08-24,3,3,45
2020-08-25,3,3,45
2020-08-26,3,3,49
2020-08-27,3,3,41
2020-08-28,3,3,37
2020-08-29,3,3,32
2020-08-30,3,3,35
2020-08-31,3,3,37
2020-09-01,3,3,52
2020-09-02,3,3,52
2020-09-03,3,3,39
2020-09-04,3,3,38
2020-09-05,3,3,28
2020-09-06,3,3,41
2020-09-07,3,3,48
2020-09-08,3,3,47
2020-09-09,3,3,46
2020-09-10,3,3,42
2020-09-11,3,3,36
2020-09-12,3,3,33
2020-09-13,3,3,40
2020-09-14,3,3,45
2020-09-15,3,3,51
2020-09-16,3,3,49
2020-09-17,3,3,40
2020-09-18,3,3,34
2020-09-19,3,3,33
2020-09-20,3,3,29
2020-09-21,3,3,42
2020-09-22,3,3,50
2020-09-23,3,3,50
2020-09-24,3,3,46
2020-09-25,3,3,29
2020-09-26,3,3,38
2020-09-27,3,3,28
2020-09-28,3,3,40
2020-09-29,3,3,49
2020-09-30,3,3,50
2020-10-01,3,3,39
2020-10-02,3,3,32
2020-10-03,3,3,34
2020-10-04,3,3,36
2020-10-05,3,3,36
2020-10-06,3,3,48
2020-10-07,3,3,42
2020-10-08,3,3,46
2020-10-09,3,3,34
2020-10-10,3,3,33
2020-10-11,3,3,34
2020-10-12,3,3,45
2020-10-13,3,3,48
2020-10-14,3,3,46
2020-10-15,3,3,46
2020-10-16,3,3,46
2020-10-17,3,3,36
2020-10-18,3,3,35
2020-10-19,3,3,38
2020-10-20,3,3,45
2020-10-21,3,3,52
2020-10-22,3,3,41
2020-10-23,3,3,38
2020-10-24,3,3,40
2020-10-25,3,3,36
2020-10-26,3,3,38
2020-10-27,3,3,57
2020-10-28,3,3,57
2020-10-29,3,3,48
2020-10-30,3,3,44
2020-10-31,3,3,34
2020-11-01,3,3,39
2020-11-02,3,3,41
2020-11-03,3,3,44
2020-11-04,3,3,61
2020-11-05,3,3,41
2020-11-06,3,3,41
2020-11-07,3,3,37
2020-11-08,3,3,40
2020-11-09,3,3,44
2020-11-10,3,3,50
2020-11-11,3,3,53
2020-11-12,3,3,50
2020-11-13,3,3,41
2020-11-14,3,3,37
2020-11-15,3,3,33
2020-11-16,3,3,53
2020-11-17,3,3,54
2020-11-18,3,3,54
2020-11-19,3,3,47
2020-11-20,3,3,38
2020-11-21,3,3,42
2020-11-22,3,3,39
2020-11-23,3,3,49
2020-11-24,3,3,48
2020-11-25,3,3,61
2020-11-26,3,3,54
2020-11-27,3,3,44
2020-11-28,3,3,42
2020-11-29,3,3,45
2020-11-30,3,3,43
2020-12-01,3,3,61
2020-12-02,3,3,58
2020-12-03,3,3,49
2020-12-04,3,3,41
2020-12-05,3,3,45
2020-12-06,3,3,44
2020-12-07,3,3,52
2020-12-08,3,3,56
2020-12-09,3,3,54
2020-12-10,3,3,56
2020-12-11,3,3,46
2020-12-12,3,3,43
2020-12-13,3,3,54
2020-12-14,3,3,55
2020-12-15,3,3,62
2020-12-16,3,3,71
2020-12-17,3,3,57
2020-12-18,3,3,50
2020-12-19,3,3,42
2020-12-20,3,3,45
2020-12-21,3,3,45
2020-12-22,3,3,63
2020-12-23,3,3,57
2020-12-24,3,3,61
2020-12-25,3,3,51
2020-12-26,3,3,47
2020-12-27,3,3,48
2020-12-28,3,3,61
2020-12-29,3,3,66
2020-12-30,3,3,63
2020-12-31,3,3,56
2021-01-01,3,3,56
2021-01-02,3,3,44
2021-01-03,3,3,44
2021-01-04,3,3,59
2021-01-05,3,3,68
2021-01-06,3,3,63
2021-01-07,3,3,63
2021-01-08,3,3,53
2021-01-09,3,3,53
2021-01-10,3,3,56
2021-01-11,3,3,57
2021-01-12,3,3,61
2021-01-13,3,3,61
2021-01-14,3,3,66
2021-01-15,3,3,51
2021-01-16,3,3,53
2021-01-17,3,3,57
2021-01-18,3,3,58
2021-01-19,3,3,66
2021-01-20,3,3,73
2021-01-21,3,3,61
2021-01-22,3,3,54
2021-01-23,3,3,53
2021-01-24,3,3,61
2021-01-25,3,3,68
2021-01-26,3,3,68
2021-01-27,3,3,67
2021-01-28,3,3,70
2021-01-29,3,3,53
2021-01-30,3,3,56
2021-01-31,3,3,57
2021-02-01,3,3,69
2021-02-02,3,3,76
2021-02-03,3,3,68
2021-02-04,3,3,68
2021-02-05,3,3,59
2021-02-06,3,3,56
2021-02-07,3,3,61
2021-02-08,3,3,64
2021-02-09,3,3,72
2021-02-10,3,3,77
2021-02-11,3,3,75
2021-02-12,3,3,64
2021-02-13,3,3,59
2021-02-14,3,3,56
2021-02-15,3,3,73
2021-02-16,3,3,75
2021-02-17,3,3,75
2021-02-18,3,3,71
2021-02-19,3,3,65
2021-02-20,3,3,63
2021-02-21,3,3,65
2021-02-22,3,3,74
2021-02-23,3,3,75
2021-02-24,3,3,83
2021-02-25,3,3,76
2021-02-26,3,3,65
2021-02-27,3,3,54
2021-02-28,3,3,63
2021-03-01,3,3,75
2021-03-02,3,3,72
2021-03-03,3,3,77
2021-03-04,3,3,73
2021-03-05,3,3,69
2021-03-06,3,3,60
2021-03-07,3,3,60
2021-03-08,3,3,72
2021-03-09,3,3,73
2021-03-10,3,3,70
2021-03-11,3,3,81
2021-03-12,3,3,70
2021-03-13,3,3,70
2021-03-14,3,3,67
2021-03-15,3,3,73
2021-03-16,3,3,78
2021-03-17,3,3,77
2021-03-18,3,3,76
2021-03-19,3,3,65
2021-03-20,3,3,58
2021-03-21,3,3,63
2021-03-22,3,3,76
2021-03-23,3,3,72
2021-03-24,3,3,74
2021-03-25,3,3,77
2021-03-26,3,3,66
2021-03-27,3,3,65
2021-03-28,3,3,69
2021-03-29,3,3,73
2021-03-30,3,3,75
2021-03-31,3,3,84
2021-04-01,3,3,77
2021-04-02,3,3,68
2021-04-03,3,3,63
2021-04-04,3,3,66
2021-04-05,3,3,70
2021-04-06,3,3,71
2021-04-07,3,3,82
2021-04-08,3,3,77
2021-04-09,3,3,58
2021-04-10,3,3,65
2021-04-11,3,3,71
2021-04-12,3,3,66
2021-04-13,3,3,77
2021-04-14,3,3,78
2021-04-15,3,3,81
2021-04-16,3,3,71
2021-04-17,3,3,59
2021-04-18,3,3,65
2021-04-19,3,3,79
2021-04-20,3,3,74
2021-04-21,3,3,78
2021-04-22,3,3,76
2021-04-23,3,3,64
2021-04-24,3,3,69
2021-04-25,3,3,62
2021-04-26,3,3,64
2021-04-27,3,3,74
2021-04-28,3,3,80
2021-04-29,3,3,70
2021-04-30,3,3,67
2021-05-01,3,3,64
2021-05-02,3,3,58
2021-05-03,3,3,67
2021-05-04,3,3,76
2021-05-05,3,3,79
2021-05-06,3,3,70
2021-05-07,3,3,65
2021-05-08,3,3,59
2021-05-09,3,3,65
2021-05-10,3,3,70
2021-05-11,3,3,72
2021-05-12,3,3,77
2021-05-13,3,3,69
2021-05-14,3,3,65
2021-05-15,3,3,61
2021-05-16,3,3,70
2021-05-17,3,3,65
2021-05-18,3,3,72
2021-05-19,3,3,71
2021-05-20,3,3,65
2021-05-21,3,3,61
2021-05-22,3,3,61
2021-05-23,3,3,62
2021-05-24,3,3,66
2021-05-25,3,3,70
2021-05-26,3,3,71
2021-05-27,3,3,64
2021-05-28,3,3,59
2021-05-29,3,3,51
2021-05-30,3,3,63
2021-05-31,3,3,71
2021-06-01,3,3,62
2021-06-02,3,3,72
2021-06-03,3,3,68
2021-06-04,3,3,60
2021-06-05,3,3,53
2021-06-06,3,3,60
2021-06-07,3,3,64
2021-06-08,3,3,72
2021-06-09,3,3,67
2021-06-10,3,3,59
2021-06-11,3,3,60
2021-06-12,3,3,49
2021-06-13,3,3,59
2021-06-14,3,3,52
2021-06-15,3,3,65
2021-06-16,3,3,65
2021-06-17,3,3,62
2021-06-18,3,3,57
2021-06-19,3,3,53
2021-06-20,3,3,55
2021-06-21,3,3,62
2021-06-22,3,3,64
2021-06-23,3,3,75
2021-06-24,3,3,67
2021-06-25,3,3,53
2021-06-26,3,3,49
2021-06-27,3,3,50
2021-06-28,3,3,59
2021-06-29,3,3,59
2021-06-30,3,3,61
2021-07-01,3,3,51
2021-07-02,3,3,51
2021-07-03,3,3,52
2021-07-04,3,3,49
2021-07-05,3,3,55
2021-07-06,3,3,62
2021-07-07,3,3,59
2021-07-08,3,3,58
2021-07-09,3,3,54
2021-07-10,3,3,47
2021-07-11,3,3,51
2021-07-12,3,3,59
2021-07-13,3,3,62
2021-07-14,3,3,58
2021-07-15,3,3,55
2021-07-16,3,3,57
2021-07-17,3,3,46
2021-07-18,3,3,46
2021-07-19,3,3,48
2021-07-20,3,3,57
2021-07-21,3,3,62
2021-07-22,3,3,55
2021-07-23,3,3,45
2021-07-24,3,3,42
2021-07-25,3,3,49
2021-07-26,3,3,53
2021-07-27,3,3,58
2021-07-28,3,3,59
2021-07-29,3,3,48
2021-07-30,3,3,47
2021-07-31,3,3,45
2021-08-01,3,3,41
2021-08-02,3,3,52
2021-08-03,3,3,57
2021-08-04,3,3,59
2021-08-05,3,3,52
2021-08-06,3,3,48
2021-08-07,3,3,34
2021-08-08,3,3,41
2021-08-09,3,3,50
2021-08-10,3,3,54
2021-08-11,3,3,59
2021-08-12,3,3,49
2021-08-13,3,3,41
2021-08-14,3,3,32
2021-08-15,3,3,39
2021-08-16,3,3,48
2021-08-17,3,3,55
2021-08-18,3,3,48
2021-08-19,3,3,53
2021-08-20,3,3,38
2021-08-21,3,3,37
2021-08-22,3,3,36
2021-08-23,3,3,46
2021-08-24,3,3,51
2021-08-25,3,3,55
2021-08-26,3,3,55
2021-08-27,3,3,42
2021-08-28,3,3,34
2021-08-29,3,3,39
2021-08-30,3,3,51
2021-08-31,3,3,52
2021-09-01,3,3,55
2021-09-02,3,3,40
2021-09-03,3,3,41
2021-09-04,3,3,34
2021-09-05,3,3,34
2021-09-06,3,3,43
2021-09-07,3,3,49
2021-09-08,3,3,48
2021-09-09,3,3,47
2021-09-10,3,3,38
2021-09-11,3,3,37
2021-09-12,3,3,37
2021-09-13,3,3,44
2021-09-14,3,3,52
2021-09-15,3,3,52
2021-09-16,3,3,45
2021-09-17,3,3,30
2021-09-18,3,3,36
2021-09-19,3,3,32
2021-09-20,3,3,41
2021-09-21,3,3,49
2021-09-22,3,3,55
2021-09-23,3,3,52
2021-09-24,3,3,34
2021-09-25,3,3,28
2021-09-26,3,3,37
2021-09-27,3,3,42
2021-09-28,3,3,43
2021-09-29,3,3,49
2021-09-30,3,3,47
2021-10-01,3,3,33
2021-10-02,3,3,30
2021-10-03,3,3,33
2021-10-04,3,3,41
2021-10-05,3,3,51
2021-10-06,3,3,48
2021-10-07,3,3,45
2021-10-08,3,3,47
2021-10-09,3,3,30
2021-10-10,3,3,33
2021-10-11,3,3,44
2021-10-12,3,3,52
2021-10-13,3,3,51
2021-10-14,3,3,53
2021-10-15,3,3,40
2021-10-16,3,3,26
2021-10-17,3,3,36
2021-10-18,3,3,40
2021-10-19,3,3,54
2021-10-20,3,3,54
2021-10-21,3,3,40
2021-10-22,3,3,44
2021-10-23,3,3,39
2021-10-24,3,3,35
2021-10-25,3,3,42
2021-10-26,3,3,55
2021-10-27,3,3,43
2021-10-28,3,3,48
2021-10-29,3,3,44
2021-10-30,3,3,35
2021-10-31,3,3,40
2021-11-01,3,3,44
2021-11-02,3,3,47
2021-11-03,3,3,48
2021-11-04,3,3,50
2021-11-05,3,3,38
2021-11-06,3,3,30
2021-11-07,3,3,39
2021-11-08,3,3,43
2021-11-09,3,3,46
2021-11-10,3,3,53
2021-11-11,3,3,52
2021-11-12,3,3,42
2021-11-13,3,3,33
2021-11-14,3,3,41
2021-11-15,3,3,50
2021-11-16,3,3,61
2021-11-17,3,3,60
2021-11-18,3,3,46
2021-11-19,3,3,47
2021-11-20,3,3,40
2021-11-21,3,3,36
2021-11-22,3,3,48
2021-11-23,3,3,61
2021-11-24,3,3,60
2021-11-25,3,3,47
2021-11-26,3,3,45
2021-11-27,3,3,42
2021-11-28,3,3,35
2021-11-29,3,3,42
2021-11-30,3,3,56
2021-12-01,3,3,58
2021-12-02,3,3,46
2021-12-03,3,3,48
2021-12-04,3,3,46
2021-12-05,3,3,43
2021-12-06,3,3,51
2021-12-07,3,3,59
2021-12-08,3,3,60
2021-12-09,3,3,48
2021-12-10,3,3,44
2021-12-11,3,3,42
2021-12-12,3,3,42
2021-12-13,3,3,58
2021-12-14,3,3,61
2021-12-15,3,3,56
2021-12-16,3,3,55
2021-12-17,3,3,54
2021-12-18,3,3,43
2021-12-19,3,3,51
2021-12-20,3,3,59
2021-12-21,3,3,65
2021-12-22,3,3,63
2021-12-23,3,3,63
2021-12-24,3,3,49
2021-12-25,3,3,57
2021-12-26,3,3,50
2021-12-27,3,3,60
2021-12-28,3,3,61
2021-12-29,3,3,66
2021-12-30,3,3,62
2021-12-31,3,3,50
2022-01-01,3,3,45
2022-01-02,3,3,50
2022-01-03,3,3,62
2022-01-04,3,3,57
2022-01-05,3,3,64
2022-01-06,3,3,67
2022-01-07,3,3,50
2022-01-08,3,3,56
2022-01-09,3,3,48
2022-01-10,3,3,56
2022-01-11,3,3,65
2022-01-12,3,3,75
2022-01-13,3,3,61
2022-01-14,3,3,50
2022-01-15,3,3,47
2022-01-16,3,3,58
2022-01-17,3,3,56
2022-01-18,3,3,72
2022-01-19,3,3,70
2022-01-20,3,3,65
2022-01-21,3,3,60
2022-01-22,3,3,51
2022-01-23,3,3,57
2022-01-24,3,3,58
2022-01-25,3,3,75
2022-01-26,3,3,67
2022-01-27,3,3,69
2022-01-28,3,3,56
2022-01-29,3,3,54
2022-01-30,3,3,56
2022-01-31,3,3,76
2022-02-01,3,3,71
2022-02-02,3,3,69
2022-02-03,3,3,67
2022-02-04,3,3,56
2022-02-05,3,3,57
2022-02-06,3,3,67
2022-02-07,3,3,67
2022-02-08,3,3,76
2022-02-09,3,3,71
2022-02-10,3,3,69
2022-02-11,3,3,64
2022-02-12,3,3,56
2022-02-13,3,3,63
2022-02-14,3,3,70
2022-02-15,3,3,76
2022-02-16,3,3,75
2022-02-17,3,3,76
2022-02-18,3,3,64
2022-02-19,3,3,59
2022-02-20,3,3,68
2022-02-21,3,3,64
2022-02-22,3,3,68
2022-02-23,3,3,73
2022-02-24,3,3,74
2022-02-25,3,3,71
2022-02-26,3,3,59
2022-02-27,3,3,71
2022-02-28,3,3,70
2022-03-01,3,3,76
2022-03-02,3,3,74
2022-03-03,3,3,81
2022-03-04,3,3,66
2022-03-05,3,3,57
2022-03-06,3,3,74
2022-03-07,3,3,72
2022-03-08,3,3,80
2022-03-09,3,3,85
2022-03-10,3,3,77
2022-03-11,3,3,71
2022-03-12,3,3,63
2022-03-13,3,3,68
2022-03-14,3,3,71
2022-03-15,3,3,77
2022-03-16,3,3,80
2022-03-17,3,3,73
2022-03-18,3,3,70
2022-03-19,3,3,66
2022-03-20,3,3,69
2022-03-21,3,3,74
2022-03-22,3,3,86
2022-03-23,3,3,84
2022-03-24,3,3,74
2022-03-25,3,3,70
2022-03-26,3,3,70
2022-03-27,3,3,62
2022-03-28,3,3,80
2022-03-29,3,3,75
2022-03-30,3,3,83
2022-03-31,3,3,75
2022-04-01,3,3,68
2022-04-02,3,3,59
2022-04-03,3,3,69
2022-04-04,3,3,67
2022-04-05,3,3,72
2022-04-06,3,3,84
2022-04-07,3,3,83
2022-04-08,3,3,66
2022-04-09,3,3,68
2022-04-10,3,3,69
2022-04-11,3,3,71
2022-04-12,3,3,83
2022-04-13,3,3,79
2022-04-14,3,3,77
2022-04-15,3,3,63
2022-04-16,3,3,59
2022-04-17,3,3,70
2022-04-18,3,3,74
2022-04-19,3,3,77
2022-04-20,3,3,87
2022-04-21,3,3,82
2022-04-22,3,3,69
2022-04-23,3,3,57
2022-04-24,3,3,64
2022-04-25,3,3,68
2022-04-26,3,3,77
2022-04-27,3,3,75
2022-04-28,3,3,69
2022-04-29,3,3,58
2022-04-30,3,3,63
2022-05-01,3,3,55
2022-05-02,3,3,69
2022-05-03,3,3,79
2022-05-04,3,3,75
2022-05-05,3,3,69
2022-05-06,3,3,66
2022-05-07,3,3,58
2022-05-08,3,3,64
2022-05-09,3,3,65
2022-05-10,3,3,75
2022-05-11,3,3,75
2022-05-12,3,3,72
2022-05-13,3,3,71
2022-05-14,3,3,61
2022-05-15,3,3,64
2022-05-16,3,3,65
2022-05-17,3,3,75
2022-05-18,3,3,74
2022-05-19,3,3,71
2022-05-20,3,3,66
2022-05-21,3,3,57
2022-05-22,3,3,59
2022-05-23,3,3,65
2022-05-24,3,3,71
2022-05-25,3,3,75
2022-05-26,3,3,68
2022-05-27,3,3,68
2022-05-28,3,3,68
2022-05-29,3,3,57
2022-05-30,3,3,66
2022-05-31,3,3,75
2022-06-01,3,3,71
2022-06-02,3,3,64
2022-06-03,3,3,68
2022-06-04,3,3,59
2022-06-05,3,3,59
2022-06-06,3,3,69
2022-06-07,3,3,73
2022-06-08,3,3,71
2022-06-09,3,3,62
2022-06-10,3,3,57
2022-06-11,3,3,59
2022-06-12,3,3,59
2022-06-13,3,3,61
2022-06-14,3,3,75
2022-06-15,3,3,69
2022-06-16,3,3,69
2022-06-17,3,3,58
2022-06-18,3,3,61
2022-06-19,3,3,57
2022-06-20,3,3,60
2022-06-21,3,3,65
2022-06-22,3,3,67
2022-06-23,3,3,60
2022-06-24,3,3,50
2022-06-25,3,3,52
2022-06-26,3,3,50
2022-06-27,3,3,56
2022-06-28,3,3,64
2022-06-29,3,3,66
2022-06-30,3,3,61
2022-07-01,3,3,61
2022-07-02,3,3,52
2022-07-03,3,3,59
2022-07-04,3,3,55
2022-07-05,3,3,66
2022-07-06,3,3,62
2022-07-07,3,3,57
2022-07-08,3,3,61
2022-07-09,3,3,44
2022-07-10,3,3,40
2022-07-11,3,3,52
2022-07-12,3,3,53
2022-07-13,3,3,58
2022-07-14,3,3,54
2022-07-15,3,3,51
2022-07-16,3,3,38
2022-07-17,3,3,52
2022-07-18,3,3,46
2022-07-19,3,3,59
2022-07-20,3,3,59
2022-07-21,3,3,59
2022-07-22,3,3,50
2022-07-23,3,3,49
2022-07-24,3,3,44
2022-07-25,3,3,50
2022-07-26,3,3,59
2022-07-27,3,3,63
2022-07-28,3,3,58
2022-07-29,3,3,48
2022-07-30,3,3,43
2022-07-31,3,3,44
2022-08-01,3,3,51
2022-08-02,3,3,64
2022-08-03,3,3,56
2022-08-04,3,3,51
2022-08-05,3,3,44
2022-08-06,3,3,43
2022-08-07,3,3,34
2022-08-08,3,3,48
2022-08-09,3,3,58
2022-08-10,3,3,54
2022-08-11,3,3,52
2022-08-12,3,3,53
2022-08-13,3,3,41
2022-08-14,3,3,32
2022-08-15,3,3,41
2022-08-16,3,3,52
2022-08-17,3,3,51
2022-08-18,3,3,50
2022-08-19,3,3,42
2022-08-20,3,3,43
2022-08-21,3,3,35
2022-08-22,3,3,45
2022-08-23,3,3,53
2022-08-24,3,3,55
2022-08-25,3,3,49
2022-08-26,3,3,32
2022-08-27,3,3,38
2022-08-28,3,3,38
2022-08-29,3,3,48
2022-08-30,3,3,54
2022-08-31,3,3,53
2022-09-01,3,3,49
2022-09-02,3,3,46
2022-09-03,3,3,41
2022-09-04,3,3,39
2022-09-05,3,3,53
2022-09-06,3,3,48
2022-09-07,3,3,47
2022-09-08,3,3,47
2022-09-09,3,3,39
2022-09-10,3,3,26
2022-09-11,3,3,34
2022-09-12,3,3,45
2022-09-13,3,3,49
2022-09-14,3,3,48
2022-09-15,3,3,47
2022-09-16,3,3,40
2022-09-17,3,3,38
2022-09-18,3,3,34
2022-09-19,3,3,46
2022-09-20,3,3,45
2022-09-21,3,3,49
2022-09-22,3,3,53
2022-09-23,3,3,35
2022-09-24,3,3,32
2022-09-25,3,3,31
2022-09-26,3,3,39
2022-09-27,3,3,49
2022-09-28,3,3,53
2022-09-29,3,3,46
2022-09-30,3,3,38
2022-10-01,3,3,30
2022-10-02,3,3,33
2022-10-03,3,3,36
2022-10-04,3,3,52
2022-10-05,3,3,54
2022-10-06,3,3,46
2022-10-07,3,3,41
2022-10-08,3,3,38
2022-10-09,3,3,37
2022-10-10,3,3,48
2022-10-11,3,3,45
2022-10-12,3,3,49
2022-10-13,3,3,45
2022-10-14,3,3,42
2022-10-15,3,3,30
2022-10-16,3,3,43
2022-10-17,3,3,45
2022-10-18,3,3,57
2022-10-19,3,3,51
2022-10-20,3,3,45
2022-10-21,3,3,43
2022-10-22,3,3,40
2022-10-23,3,3,35
2022-10-24,3,3,36
2022-10-25,3,3,43
2022-10-26,3,3,53
2022-10-27,3,3,54
2022-10-28,3,3,36
2022-10-29,3,3,35
2022-10-30,3,3,37
2022-10-31,3,3,52
2022-11-01,3,3,60
2022-11-02,3,3,54
2022-11-03,3,3,52
2022-11-04,3,3,45
2022-11-05,3,3,32
2022-11-06,3,3,42
2022-11-07,3,3,42
2022-11-08,3,3,51
2022-11-09,3,3,58
2022-11-10,3,3,50
2022-11-11,3,3,47
2022-11-12,3,3,44
2022-11-13,3,3,33
2022-11-14,3,3,38
2022-11-15,3,3,58
2022-11-16,3,3,60
2022-11-17,3,3,52
2022-11-18,3,3,46
2022-11-19,3,3,44
2022-11-20,3,3,45
2022-11-21,3,3,47
2022-11-22,3,3,58
2022-11-23,3,3,55
2022-11-24,3,3,53
2022-11-25,3,3,46
2022-11-26,3,3,38
2022-11-27,3,3,40
2022-11-28,3,3,59
2022-11-29,3,3,53
2022-11-30,3,3,59
2022-12-01,3,3,56
2022-12-02,3,3,47
2022-12-03,3,3,46
2022-12-04,3,3,46
2022-12-05,3,3,48
2022-12-06,3,3,60
2022-12-07,3,3,57
2022-12-08,3,3,62
2022-12-09,3,3,50
2022-12-10,3,3,42
2022-12-11,3,3,48
2022-12-12,3,3,49
2022-12-13,3,3,60
2022-12-14,3,3,60
2022-12-15,3,3,54
2022-12-16,3,3,47
2022-12-17,3,3,56
2022-12-18,3,3,49
2022-12-19,3,3,53
2022-12-20,3,3,59
2022-12-21,3,3,65
2022-12-22,3,3,56
2022-12-23,3,3,48
2022-12-24,3,3,48
2022-12-25,3,3,50
2022-12-26,3,3,55
2022-12-27,3,3,59
2022-12-28,3,3,63
2022-12-29,3,3,59
2022-12-30,3,3,52
2022-12-31,3,3,51
2018-01-01,3,4,62
2018-01-02,3,4,58
2018-01-03,3,4,69
2018-01-04,3,4,59
2018-01-05,3,4,56
2018-01-06,3,4,50
2018-01-07,3,4,48
2018-01-08,3,4,59
2018-01-09,3,4,65
2018-01-10,3,4,57
2018-01-11,3,4,60
2018-01-12,3,4,57
2018-01-13,3,4,51
2018-01-14,3,4,53
2018-01-15,3,4,55
2018-01-16,3,4,65
2018-01-17,3,4,66
2018-01-18,3,4,61
2018-01-19,3,4,53
2018-01-20,3,4,55
2018-01-21,3,4,55
2018-01-22,3,4,61
2018-01-23,3,4,74
2018-01-24,3,4,70
2018-01-25,3,4,69
2018-01-26,3,4,58
2018-01-27,3,4,52
2018-01-28,3,4,51
2018-01-29,3,4,62
2018-01-30,3,4,57
2018-01-31,3,4,71
2018-02-01,3,4,67
2018-02-02,3,4,58
2018-02-03,3,4,54
2018-02-04,3,4,51
2018-02-05,3,4,68
2018-02-06,3,4,68
2018-02-07,3,4,67
2018-02-08,3,4,69
2018-02-09,3,4,61
2018-02-10,3,4,55
2018-02-11,3,4,56
2018-02-12,3,4,64
2018-02-13,3,4,76
2018-02-14,3,4,74
2018-02-15,3,4,68
2018-02-16,3,4,65
2018-02-17,3,4,58
2018-02-18,3,4,61
2018-02-19,3,4,66
2018-02-20,3,4,74
2018-02-21,3,4,72
2018-02-22,3,4,65
2018-02-23,3,4,67
2018-02-24,3,4,65
2018-02-25,3,4,56
2018-02-26,3,4,68
2018-02-27,3,4,71
2018-02-28,3,4,78
2018-03-01,3,4,72
2018-03-02,3,4,77
2018-03-03,3,4,59
2018-03-04,3,4,68
2018-03-05,3,4,74
2018-03-06,3,4,76
2018-03-07,3,4,76
2018-03-08,3,4,72
2018-03-09,3,4,65
2018-03-10,3,4,65
2018-03-11,3,4,59
2018-03-12,3,4,68
2018-03-13,3,4,74
2018-03-14,3,4,70
2018-03-15,3,4,76
2018-03-16,3,4,70
2018-03-17,3,4,59
2018-03-18,3,4,67
2018-03-19,3,4,63
2018-03-20,3,4,76
2018-03-21,3,4,77
2018-03-22,3,4,73
2018-03-23,3,4,66
2018-03-24,3,4,61
2018-03-25,3,4,62
2018-03-26,3,4,69
2018-03-27,3,4,81
2018-03-28,3,4,75
2018-03-29,3,4,82
2018-03-30,3,4,64
2018-03-31,3,4,63
2018-04-01,3,4,66
2018-04-02,3,4,68
2018-04-03,3,4,81
2018-04-04,3,4,80
2018-04-05,3,4,72
2018-04-06,3,4,72
2018-04-07,3,4,58
2018-04-08,3,4,61
2018-04-09,3,4,72
2018-04-10,3,4,79
2018-04-11,3,4,79
2018-04-12,3,4,72
2018-04-13,3,4,65
2018-04-14,3,4,66
2018-04-15,3,4,64
2018-04-16,3,4,66
2018-04-17,3,4,72
2018-04-18,3,4,83
2018-04-19,3,4,70
2018-04-20,3,4,67
2018-04-21,3,4,66
2018-04-22,3,4,65
2018-04-23,3,4,66
2018-04-24,3,4,71
2018-04-25,3,4,84
2018-04-26,3,4,68
2018-04-27,3,4,63
2018-04-28,3,4,62
2018-04-29,3,4,61
2018-04-30,3,4,70
2018-05-01,3,4,68
2018-05-02,3,4,75
2018-05-03,3,4,74
2018-05-04,3,4,67
2018-05-05,3,4,57
2018-05-06,3,4,57
2018-05-07,3,4,68
2018-05-08,3,4,68
2018-05-09,3,4,80
2018-05-10,3,4,71
2018-05-11,3,4,60
2018-05-12,3,4,54
2018-05-13,3,4,57
2018-05-14,3,4,60
2018-05-15,3,4,74
2018-05-16,3,4,70
2018-05-17,3,4,71
2018-05-18,3,4,64
2018-05-19,3,4,61
2018-05-20,3,4,60
2018-05-21,3,4,69
2018-05-22,3,4,76
2018-05-23,3,4,73
2018-05-24,3,4,69
2018-05-25,3,4,58
2018-05-26,3,4,52
2018-05-27,3,4,62
2018-05-28,3,4,66
2018-05-29,3,4,72
2018-05-30,3,4,68
2018-05-31,3,4,73
2018-06-01,3,4,58
2018-06-02,3,4,51
2018-06-03,3,4,53
2018-06-04,3,4,68
2018-06-05,3,4,63
2018-06-06,3,4,66
2018-06-07,3,4,76
2018-06-08,3,4,61
2018-06-09,3,4,50
2018-06-10,3,4,50
2018-06-11,3,4,54
2018-06-12,3,4,67
2018-06-13,3,4,70
2018-06-14,3,4,69
2018-06-15,3,4,48
2018-06-16,3,4,46
2018-06-17,3,4,52
2018-06-18,3,4,70
2018-06-19,3,4,68
2018-06-20,3,4,67
2018-06-21,3,4,56
2018-06-22,3,4,46
2018-06-23,3,4,50
2018-06-24,3,4,50
2018-06-25,3,4,56
2018-06-26,3,4,61
2018-06-27,3,4,61
2018-06-28,3,4,56
2018-06-29,3,4,58
2018-06-30,3,4,44
2018-07-01,3,4,48
2018-07-02,3,4,55
2018-07-03,3,4,64
2018-07-04,3,4,59
2018-07-05,3,4,62
2018-07-06,3,4,48
2018-07-07,3,4,45
2018-07-08,3,4,54
2018-07-09,3,4,49
2018-07-10,3,4,62
2018-07-11,3,4,65
2018-07-12,3,4,57
2018-07-13,3,4,48
2018-07-14,3,4,53
2018-07-15,3,4,45
2018-07-16,3,4,52
2018-07-17,3,4,56
2018-07-18,3,4,59
2018-07-19,3,4,58
2018-07-20,3,4,46
2018-07-21,3,4,34
2018-07-22,3,4,46
2018-07-23,3,4,46
2018-07-24,3,4,59
2018-07-25,3,4,57
2018-07-26,3,4,56
2018-07-27,3,4,42
2018-07-28,3,4,39
2018-07-29,3,4,41
2018-07-30,3,4,42
2018-07-31,3,4,59
2018-08-01,3,4,49
2018-08-02,3,4,55
2018-08-03,3,4,46
2018-08-04,3,4,39
2018-08-05,3,4,42
2018-08-06,3,4,48
2018-08-07,3,4,51
2018-08-08,3,4,55
2018-08-09,3,4,53
2018-08-10,3,4,39
2018-08-11,3,4,39
2018-08-12,3,4,29
2018-08-13,3,4,38
2018-08-14,3,4,54
2018-08-15,3,4,51
2018-08-16,3,4,45
2018-08-17,3,4,41
2018-08-18,3,4,35
2018-08-19,3,4,34
2018-08-20,3,4,38
2018-08-21,3,4,42
2018-08-22,3,4,55
2018-08-23,3,4,46
2018-08-24,3,4,44
2018-08-25,3,4,34
2018-08-26,3,4,38
2018-08-27,3,4,43
2018-08-28,3,4,49
2018-08-29,3,4,51
2018-08-30,3,4,44
2018-08-31,3,4,34
2018-09-01,3,4,38
2018-09-02,3,4,42
2018-09-03,3,4,49
2018-09-04,3,4,46
2018-09-05,3,4,47
2018-09-06,3,4,43
2018-09-07,3,4,38
2018-09-08,3,4,34
2018-09-09,3,4,31
2018-09-10,3,4,36
2018-09-11,3,4,48
2018-09-12,3,4,35
2018-09-13,3,4,44
2018-09-14,3,4,34
2018-09-15,3,4,37
2018-09-16,3,4,39
2018-09-17,3,4,45
2018-09-18,3,4,46
2018-09-19,3,4,44
2018-09-20,3,4,41
2018-09-21,3,4,39
2018-09-22,3,4,26
2018-09-23,3,4,40
2018-09-24,3,4,39
2018-09-25,3,4,49
2018-09-26,3,4,41
2018-09-27,3,4,41
2018-09-28,3,4,30
2018-09-29,3,4,37
2018-09-30,3,4,34
2018-10-01,3,4,43
2018-10-02,3,4,47
2018-10-03,3,4,50
2018-10-04,3,4,43
2018-10-05,3,4,37
2018-10-06,3,4,33
2018-10-07,3,4,36
2018-10-08,3,4,43
2018-10-09,3,4,58
2018-10-10,3,4,56
2018-10-11,3,4,37
2018-10-12,3,4,37
2018-10-13,3,4,32
2018-10-14,3,4,40
2018-10-15,3,4,40
2018-10-16,3,4,49
2018-10-17,3,4,40
2018-10-18,3,4,39
2018-10-19,3,4,47
2018-10-20,3,4,34
2018-10-21,3,4,32
2018-10-22,3,4,43
2018-10-23,3,4,44
2018-10-24,3,4,49
2018-10-25,3,4,40
2018-10-26,3,4,36
2018-10-27,3,4,33
2018-10-28,3,4,41
2018-10-29,3,4,45
2018-10-30,3,4,52
2018-10-31,3,4,51
2018-11-01,3,4,50
2018-11-02,3,4,36
2018-11-03,3,4,33
2018-11-04,3,4,39
2018-11-05,3,4,43
2018-11-06,3,4,50
2018-11-07,3,4,51
2018-11-08,3,4,53
2018-11-09,3,4,46
2018-11-10,3,4,34
2018-11-11,3,4,31
2018-11-12,3,4,42
2018-11-13,3,4,48
2018-11-14,3,4,56
2018-11-15,3,4,53
2018-11-16,3,4,38
2018-11-17,3,4,35
2018-11-18,3,4,34
2018-11-19,3,4,47
2018-11-20,3,4,52
2018-11-21,3,4,58
2018-11-22,3,4,52
2018-11-23,3,4,46
2018-11-24,3,4,33
2018-11-25,3,4,39
2018-11-26,3,4,51
2018-11-27,3,4,52
2018-11-28,3,4,49
2018-11-29,3,4,55
2018-11-30,3,4,43
2018-12-01,3,4,45
2018-12-02,3,4,43
2018-12-03,3,4,48
2018-12-04,3,4,61
2018-12-05,3,4,52
2018-12-06,3,4,59
2018-12-07,3,4,44
2018-12-08,3,4,43
2018-12-09,3,4,45
2018-12-10,3,4,49
2018-12-11,3,4,54
2018-12-12,3,4,58
2018-12-13,3,4,51
2018-12-14,3,4,56
2018-12-15,3,4,42
2018-12-16,3,4,51
2018-12-17,3,4,57
2018-12-18,3,4,61
2018-12-19,3,4,60
2018-12-20,3,4,58
2018-12-21,3,4,53
2018-12-22,3,4,47
2018-12-23,3,4,42
2018-12-24,3,4,47
2018-12-25,3,4,67
2018-12-26,3,4,52
2018-12-27,3,4,60
2018-12-28,3,4,51
2018-12-29,3,4,49
2018-12-30,3,4,45
2018-12-31,3,4,58
2019-01-01,3,4,64
2019-01-02,3,4,76
2019-01-03,3,4,61
2019-01-04,3,4,59
2019-01-05,3,4,44
2019-01-06,3,4,56
2019-01-07,3,4,59
2019-01-08,3,4,66
2019-01-09,3,4,68
2019-01-10,3,4,69
2019-01-11,3,4,57
2019-01-12,3,4,49
2019-01-13,3,4,51
2019-01-14,3,4,63
2019-01-15,3,4,68
2019-01-16,3,4,62
2019-01-17,3,4,66
2019-01-18,3,4,53
2019-01-19,3,4,55
2019-01-20,3,4,52
2019-01-21,3,4,61
2019-01-22,3,4,66
2019-01-23,3,4,76
2019-01-24,3,4,68
2019-01-25,3,4,64
2019-01-26,3,4,67
2019-01-27,3,4,57
2019-01-28,3,4,69
2019-01-29,3,4,67
2019-01-30,3,4,77
2019-01-31,3,4,64
2019-02-01,3,4,61
2019-02-02,3,4,59
2019-02-03,3,4,61
2019-02-04,3,4,60
2019-02-05,3,4,68
2019-02-06,3,4,76
2019-02-07,3,4,68
2019-02-08,3,4,57
2019-02-09,3,4,58
2019-02-10,3,4,60
2019-02-11,3,4,67
2019-02-12,3,4,75
2019-02-13,3,4,77
2019-02-14,3,4,68
2019-02-15,3,4,62
2019-02-16,3,4,63
2019-02-17,3,4,59
2019-02-18,3,4,66
2019-02-19,3,4,68
2019-02-20,3,4,76
2019-02-21,3,4,73
2019-02-22,3,4,57
2019-02-23,3,4,57
2019-02-24,3,4,57
2019-02-25,3,4,72
2019-02-26,3,4,68
2019-02-27,3,4,77
2019-02-28,3,4,76
2019-03-01,3,4,67
2019-03-02,3,4,60
2019-03-03,3,4,65
2019-03-04,3,4,74
2019-03-05,3,4,76
2019-03-06,3,4,69
2019-03-07,3,4,78
2019-03-08,3,4,69
2019-03-09,3,4,63
2019-03-10,3,4,57
2019-03-11,3,4,70
2019-03-12,3,4,74
2019-03-13,3,4,74
2019-03-14,3,4,74
2019-03-15,3,4,66
2019-03-16,3,4,62
2019-03-17,3,4,68
2019-03-18,3,4,72
2019-03-19,3,4,76
2019-03-20,3,4,77
2019-03-21,3,4,73
2019-03-22,3,4,67
2019-03-23,3,4,66
2019-03-24,3,4,61
2019-03-25,3,4,78
2019-03-26,3,4,80
2019-03-27,3,4,69
2019-03-28,3,4,76
2019-03-29,3,4,73
2019-03-30,3,4,66
2019-03-31,3,4,64
2019-04-01,3,4,72
2019-04-02,3,4,79
2019-04-03,3,4,83
2019-04-04,3,4,70
2019-04-05,3,4,66
2019-04-06,3,4,71
2019-04-07,3,4,66
2019-04-08,3,4,78
2019-04-09,3,4,90
2019-04-10,3,4,78
2019-04-11,3,4,70
2019-04-12,3,4,67
2019-04-13,3,4,68
2019-04-14,3,4,70
2019-04-15,3,4,81
2019-04-16,3,4,78
2019-04-17,3,4,81
2019-04-18,3,4,72
2019-04-19,3,4,58
2019-04-20,3,4,63
2019-04-21,3,4,60
2019-04-22,3,4,74
2019-04-23,3,4,70
2019-04-24,3,4,76
2019-04-25,3,4,75
2019-04-26,3,4,69
2019-04-27,3,4,63
2019-04-28,3,4,72
2019-04-29,3,4,77
2019-04-30,3,4,74
2019-05-01,3,4,84
2019-05-02,3,4,81
2019-05-03,3,4,66
2019-05-04,3,4,62
2019-05-05,3,4,63
2019-05-06,3,4,67
2019-05-07,3,4,73
2019-05-08,3,4,82
2019-05-09,3,4,74
2019-05-10,3,4,63
2019-05-11,3,4,57
2019-05-12,3,4,59
2019-05-13,3,4,68
2019-05-14,3,4,78
2019-05-15,3,4,73
2019-05-16,3,4,75
2019-05-17,3,4,65
2019-05-18,3,4,60
2019-05-19,3,4,65
2019-05-20,3,4,71
2019-05-21,3,4,68
2019-05-22,3,4,70
2019-05-23,3,4,69
2019-05-24,3,4,64
2019-05-25,3,4,64
2019-05-26,3,4,60
2019-05-27,3,4,73
2019-05-28,3,4,69
2019-05-29,3,4,71
2019-05-30,3,4,68
2019-05-31,3,4,58
2019-06-01,3,4,62
2019-06-02,3,4,47
2019-06-03,3,4,62
2019-06-04,3,4,75
2019-06-05,3,4,71
2019-06-06,3,4,72
2019-06-07,3,4,69
2019-06-08,3,4,56
2019-06-09,3,4,61
2019-06-10,3,4,72
2019-06-11,3,4,70
2019-06-12,3,4,70
2019-06-13,3,4,69
2019-06-14,3,4,63
2019-06-15,3,4,54
2019-06-16,3,4,53
2019-06-17,3,4,68
2019-06-18,3,4,66
2019-06-19,3,4,73
2019-06-20,3,4,65
2019-06-21,3,4,64
2019-06-22,3,4,49
2019-06-23,3,4,50
2019-06-24,3,4,63
2019-06-25,3,4,61
2019-06-26,3,4,67
2019-06-27,3,4,68
2019-06-28,3,4,48
2019-06-29,3,4,52
2019-06-30,3,4,57
2019-07-01,3,4,58
2019-07-02,3,4,60
2019-07-03,3,4,64
2019-07-04,3,4,57
2019-07-05,3,4,53
2019-07-06,3,4,47
2019-07-07,3,4,48
2019-07-08,3,4,58
2019-07-09,3,4,68
2019-07-10,3,4,65
2019-07-11,3,4,64
2019-07-12,3,4,58
2019-07-13,3,4,45
2019-07-14,3,4,49
2019-07-15,3,4,52
2019-07-16,3,4,54
2019-07-17,3,4,63
2019-07-18,3,4,53
2019-07-19,3,4,52
2019-07-20,3,4,39
2019-07-21,3,4,47
2019-07-22,3,4,46
2019-07-23,3,4,61
2019-07-24,3,4,58
2019-07-25,3,4,53
2019-07-26,3,4,53
2019-07-27,3,4,42
2019-07-28,3,4,45
2019-07-29,3,4,50
2019-07-30,3,4,59
2019-07-31,3,4,62
2019-08-01,3,4,57
2019-08-02,3,4,45
2019-08-03,3,4,47
2019-08-04,3,4,40
2019-08-05,3,4,46
2019-08-06,3,4,55
2019-08-07,3,4,61
2019-08-08,3,4,48
2019-08-09,3,4,49
2019-08-10,3,4,40
2019-08-11,3,4,40
2019-08-12,3,4,52
2019-08-13,3,4,51
2019-08-14,3,4,65
2019-08-15,3,4,50
2019-08-16,3,4,44
2019-08-17,3,4,45
2019-08-18,3,4,41
2019-08-19,3,4,51
2019-08-20,3,4,45
2019-08-21,3,4,52
2019-08-22,3,4,51
2019-08-23,3,4,47
2019-08-24,3,4,41
2019-08-25,3,4,42
2019-08-26,3,4,50
2019-08-27,3,4,54
2019-08-28,3,4,45
2019-08-29,3,4,54
2019-08-30,3,4,38
2019-08-31,3,4,38
2019-09-01,3,4,39
2019-09-02,3,4,45
2019-09-03,3,4,46
2019-09-04,3,4,45
2019-09-05,3,4,44
2019-09-06,3,4,44
2019-09-07,3,4,31
2019-09-08,3,4,34
2019-09-09,3,4,46
2019-09-10,3,4,46
2019-09-11,3,4,49
2019-09-12,3,4,48
2019-09-13,3,4,41
2019-09-14,3,4,32
2019-09-15,3,4,38
2019-09-16,3,4,45
2019-09-17,3,4,45
2019-09-18,3,4,52
2019-09-19,3,4,44
2019-09-20,3,4,40
2019-09-21,3,4,38
2019-09-22,3,4,36
2019-09-23,3,4,47
2019-09-24,3,4,53
2019-09-25,3,4,55
2019-09-26,3,4,48
2019-09-27,3,4,44
2019-09-28,3,4,37
2019-09-29,3,4,30
2019-09-30,3,4,40
2019-10-01,3,4,49
2019-10-02,3,4,51
2019-10-03,3,4,48
2019-10-04,3,4,36
2019-10-05,3,4,43
2019-10-06,3,4,37
2019-10-07,3,4,43
2019-10-08,3,4,47
2019-10-09,3,4,47
2019-10-10,3,4,46
2019-10-11,3,4,40
2019-10-12,3,4,35
2019-10-13,3,4,44
2019-10-14,3,4,43
2019-10-15,3,4,50
2019-10-16,3,4,55
2019-10-17,3,4,47
2019-10-18,3,4,43
2019-10-19,3,4,31
2019-10-20,3,4,33
2019-10-21,3,4,45
2019-10-22,3,4,50
2019-10-23,3,4,49
2019-10-24,3,4,48
2019-10-25,3,4,42
2019-10-26,3,4,34
2019-10-27,3,4,36
2019-10-28,3,4,46
2019-10-29,3,4,47
2019-10-30,3,4,51
2019-10-31,3,4,51
2019-11-01,3,4,42
2019-11-02,3,4,36
2019-11-03,3,4,36
2019-11-04,3,4,42
2019-11-05,3,4,52
2019-11-06,3,4,62
2019-11-07,3,4,52
2019-11-08,3,4,38
2019-11-09,3,4,42
2019-11-10,3,4,38
2019-11-11,3,4,47
2019-11-12,3,4,51
2019-11-13,3,4,63
2019-11-14,3,4,46
2019-11-15,3,4,46
2019-11-16,3,4,37
2019-11-17,3,4,45
2019-11-18,3,4,49
2019-11-19,3,4,60
2019-11-20,3,4,59
2019-11-21,3,4,50
2019-11-22,3,4,57
2019-11-23,3,4,44
2019-11-24,3,4,41
2019-11-25,3,4,51
2019-11-26,3,4,59
2019-11-27,3,4,60
2019-11-28,3,4,56
2019-11-29,3,4,51
2019-11-30,3,4,47
2019-12-01,3,4,41
2019-12-02,3,4,60
2019-12-03,3,4,66
2019-12-04,3,4,63
2019-12-05,3,4,56
2019-12-06,3,4,49
2019-12-07,3,4,43
2019-12-08,3,4,46
2019-12-09,3,4,44
2019-12-10,3,4,66
2019-12-11,3,4,66
2019-12-12,3,4,51
2019-12-13,3,4,54
2019-12-14,3,4,46
2019-12-15,3,4,47
2019-12-16,3,4,57
2019-12-17,3,4,54
2019-12-18,3,4,63
2019-12-19,3,4,59
2019-12-20,3,4,53
2019-12-21,3,4,43
2019-12-22,3,4,52
2019-12-23,3,4,61
2019-12-24,3,4,65
2019-12-25,3,4,64
2019-12-26,3,4,72
2019-12-27,3,4,50
2019-12-28,3,4,53
2019-12-29,3,4,53
2019-12-30,3,4,67
2019-12-31,3,4,67
2020-01-01,3,4,69
2020-01-02,3,4,65
2020-01-03,3,4,52
2020-01-04,3,4,49
2020-01-05,3,4,53
2020-01-06,3,4,64
2020-01-07,3,4,68
2020-01-08,3,4,68
2020-01-09,3,4,70
2020-01-10,3,4,50
2020-01-11,3,4,49
2020-01-12,3,4,46
2020-01-13,3,4,67
2020-01-14,3,4,68
2020-01-15,3,4,74
2020-01-16,3,4,66
2020-01-17,3,4,64
2020-01-18,3,4,55
2020-01-19,3,4,59
2020-01-20,3,4,65
2020-01-21,3,4,72
2020-01-22,3,4,79
2020-01-23,3,4,62
2020-01-24,3,4,61
2020-01-25,3,4,58
2020-01-26,3,4,59
2020-01-27,3,4,64
2020-01-28,3,4,70
2020-01-29,3,4,80
2020-01-30,3,4,70
2020-01-31,3,4,73
2020-02-01,3,4,61
2020-02-02,3,4,60
2020-02-03,3,4,69
2020-02-04,3,4,74
2020-02-05,3,4,81
2020-02-06,3,4,67
2020-02-07,3,4,57
2020-02-08,3,4,62
2020-02-09,3,4,66
2020-02-10,3,4,70
2020-02-11,3,4,78
2020-02-12,3,4,79
2020-02-13,3,4,67
2020-02-14,3,4,67
2020-02-15,3,4,67
2020-02-16,3,4,64
2020-02-17,3,4,65
2020-02-18,3,4,75
2020-02-19,3,4,80
2020-02-20,3,4,81
2020-02-21,3,4,59
2020-02-22,3,4,65
2020-02-23,3,4,61
2020-02-24,3,4,73
2020-02-25,3,4,80
2020-02-26,3,4,78
2020-02-27,3,4,78
2020-02-28,3,4,73
2020-02-29,3,4,64
2020-03-01,3,4,61
2020-03-02,3,4,78
2020-03-03,3,4,82
2020-03-04,3,4,83
2020-03-05,3,4,73
2020-03-06,3,4,73
2020-03-07,3,4,73
2020-03-08,3,4,66
2020-03-09,3,4,73
2020-03-10,3,4,75
2020-03-11,3,4,78
2020-03-12,3,4,73
2020-03-13,3,4,71
2020-03-14,3,4,64
2020-03-15,3,4,69
2020-03-16,3,4,70
2020-03-17,3,4,79
2020-03-18,3,4,78
2020-03-19,3,4,78
2020-03-20,3,4,64
2020-03-21,3,4,67
2020-03-22,3,4,67
2020-03-23,3,4,75
2020-03-24,3,4,74
2020-03-25,3,4,85
2020-03-26,3,4,76
2020-03-27,3,4,72
2020-03-28,3,4,59
2020-03-29,3,4,63
2020-03-30,3,4,73
2020-03-31,3,4,86
2020-04-01,3,4,84
2020-04-02,3,4,78
2020-04-03,3,4,67
2020-04-04,3,4,62
2020-04-05,3,4,69
2020-04-06,3,4,77
2020-04-07,3,4,81
2020-04-08,3,4,89
2020-04-09,3,4,75
2020-04-10,3,4,71
2020-04-11,3,4,60
2020-04-12,3,4,69
2020-04-13,3,4,80
2020-04-14,3,4,76
2020-04-15,3,4,85
2020-04-16,3,4,83
2020-04-17,3,4,68
2020-04-18,3,4,68
2020-04-19,3,4,74
2020-04-20,3,4,75
2020-04-21,3,4,83
2020-04-22,3,4,74
2020-04-23,3,4,79
2020-04-24,3,4,72
2020-04-25,3,4,60
2020-04-26,3,4,63
2020-04-27,3,4,75
2020-04-28,3,4,78
2020-04-29,3,4,85
2020-04-30,3,4,77
2020-05-01,3,4,69
2020-05-02,3,4,64
2020-05-03,3,4,67
2020-05-04,3,4,75
2020-05-05,3,4,80
2020-05-06,3,4,78
2020-05-07,3,4,80
2020-05-08,3,4,71
2020-05-09,3,4,65
2020-05-10,3,4,65
2020-05-11,3,4,73
2020-05-12,3,4,70
2020-05-13,3,4,79
2020-05-14,3,4,81
2020-05-15,3,4,68
2020-05-16,3,4,63
2020-05-17,3,4,61
2020-05-18,3,4,72
2020-05-19,3,4,75
2020-05-20,3,4,82
2020-05-21,3,4,69
2020-05-22,3,4,64
2020-05-23,3,4,59
2020-05-24,3,4,70
2020-05-25,3,4,68
2020-05-26,3,4,72
2020-05-27,3,4,68
2020-05-28,3,4,68
2020-05-29,3,4,66
2020-05-30,3,4,62
2020-05-31,3,4,58
2020-06-01,3,4,65
2020-06-02,3,4,80
2020-06-03,3,4,85
2020-06-04,3,4,74
2020-06-05,3,4,69
2020-06-06,3,4,65
2020-06-07,3,4,68
2020-06-08,3,4,64
2020-06-09,3,4,68
2020-06-10,3,4,80
2020-06-11,3,4,64
2020-06-12,3,4,57
2020-06-13,3,4,52
2020-06-14,3,4,57
2020-06-15,3,4,56
2020-06-16,3,4,64
2020-06-17,3,4,69
2020-06-18,3,4,62
2020-06-19,3,4,64
2020-06-20,3,4,55
2020-06-21,3,4,58
2020-06-22,3,4,64
2020-06-23,3,4,67
2020-06-24,3,4,73
2020-06-25,3,4,67
2020-06-26,3,4,56
2020-06-27,3,4,46
2020-06-28,3,4,56
2020-06-29,3,4,55
2020-06-30,3,4,68
2020-07-01,3,4,68
2020-07-02,3,4,58
2020-07-03,3,4,57
2020-07-04,3,4,52
2020-07-05,3,4,53
2020-07-06,3,4,59
2020-07-07,3,4,62
2020-07-08,3,4,68
2020-07-09,3,4,58
2020-07-10,3,4,50
2020-07-11,3,4,52
2020-07-12,3,4,55
2020-07-13,3,4,59
2020-07-14,3,4,62
2020-07-15,3,4,56
2020-07-16,3,4,65
2020-07-17,3,4,45
2020-07-18,3,4,50
2020-07-19,3,4,58
2020-07-20,3,4,56
2020-07-21,3,4,62
2020-07-22,3,4,64
2020-07-23,3,4,59
2020-07-24,3,4,60
2020-07-25,3,4,43
2020-07-26,3,4,44
2020-07-27,3,4,52
2020-07-28,3,4,66
2020-07-29,3,4,59
2020-07-30,3,4,58
2020-07-31,3,4,53
2020-08-01,3,4,48
2020-08-02,3,4,50
2020-08-03,3,4,58
2020-08-04,3,4,59
2020-08-05,3,4,57
2020-08-06,3,4,55
2020-08-07,3,4,46
2020-08-08,3,4,53
2020-08-09,3,4,42
2020-08-10,3,4,52
2020-08-11,3,4,51
2020-08-12,3,4,58
2020-08-13,3,4,52
2020-08-14,3,4,49
2020-08-15,3,4,45
2020-08-16,3,4,49
2020-08-17,3,4,55
2020-08-18,3,4,55
2020-08-19,3,4,53
2020-08-20,3,4,49
2020-08-21,3,4,46
2020-08-22,3,4,41
2020-08-23,3,4,43
2020-08-24,3,4,46
2020-08-25,3,4,60
2020-08-26,3,4,50
2020-08-27,3,4,49
2020-08-28,3,4,40
2020-08-29,3,4,39
2020-08-30,3,4,46
2020-08-31,3,4,46
2020-09-01,3,4,54
2020-09-02,3,4,57
2020-09-03,3,4,49
2020-09-04,3,4,45
2020-09-05,3,4,40
2020-09-06,3,4,36
2020-09-07,3,4,45
2020-09-08,3,4,54
2020-09-09,3,4,59
2020-09-10,3,4,55
2020-09-11,3,4,51
2020-09-12,3,4,40
2020-09-13,3,4,38
2020-09-14,3,4,46
2020-09-15,3,4,52
2020-09-16,3,4,52
2020-09-17,3,4,51
2020-09-18,3,4,44
2020-09-19,3,4,33
2020-09-20,3,4,44
2020-09-21,3,4,38
2020-09-22,3,4,51
2020-09-23,3,4,58
2020-09-24,3,4,51
2020-09-25,3,4,41
2020-09-26,3,4,46
2020-09-27,3,4,37
2020-09-28,3,4,37
2020-09-29,3,4,54
2020-09-30,3,4,46
2020-10-01,3,4,46
2020-10-02,3,4,45
2020-10-03,3,4,36
2020-10-04,3,4,42
2020-10-05,3,4,41
2020-10-06,3,4,55
2020-10-07,3,4,47
2020-10-08,3,4,54
2020-10-09,3,4,40
2020-10-10,3,4,44
2020-10-11,3,4,36
2020-10-12,3,4,54
2020-10-13,3,4,48
2020-10-14,3,4,47
2020-10-15,3,4,50
2020-10-16,3,4,48
2020-10-17,3,4,42
2020-10-18,3,4,45
2020-10-19,3,4,50
2020-10-20,3,4,50
2020-10-21,3,4,57
2020-10-22,3,4,51
2020-10-23,3,4,41
2020-10-24,3,4,40
2020-10-25,3,4,41
2020-10-26,3,4,53
2020-10-27,3,4,51
2020-10-28,3,4,53
2020-10-29,3,4,48
2020-10-30,3,4,52
2020-10-31,3,4,37
2020-11-01,3,4,47
2020-11-02,3,4,44
2020-11-03,3,4,57
2020-11-04,3,4,57
2020-11-05,3,4,57
2020-11-06,3,4,50
2020-11-07,3,4,41
2020-11-08,3,4,41
2020-11-09,3,4,56
2020-11-10,3,4,53
2020-11-11,3,4,48
2020-11-12,3,4,46
2020-11-13,3,4,40
2020-11-14,3,4,45
2020-11-15,3,4,53
2020-11-16,3,4,42
2020-11-17,3,4,54
2020-11-18,3,4,59
2020-11-19,3,4,61
2020-11-20,3,4,45
2020-11-21,3,4,46
2020-11-22,3,4,44
2020-11-23,3,4,62
2020-11-24,3,4,59
2020-11-25,3,4,62
2020-11-26,3,4,56
2020-11-27,3,4,48
2020-11-28,3,4,49
2020-11-29,3,4,42
2020-11-30,3,4,45
2020-12-01,3,4,59
2020-12-02,3,4,65
2020-12-03,3,4,55
2020-12-04,3,4,52
2020-12-05,3,4,42
2020-12-06,3,4,53
2020-12-07,3,4,58
2020-12-08,3,4,62
2020-12-09,3,4,64
2020-12-10,3,4,54
2020-12-11,3,4,47
2020-12-12,3,4,48
2020-12-13,3,4,52
2020-12-14,3,4,59
2020-12-15,3,4,62
2020-12-16,3,4,68
2020-12-17,3,4,67
2020-12-18,3,4,54
2020-12-19,3,4,52
2020-12-20,3,4,51
2020-12-21,3,4,58
2020-12-22,3,4,66
2020-12-23,3,4,74
2020-12-24,3,4,67
2020-12-25,3,4,60
2020-12-26,3,4,50
2020-12-27,3,4,50
2020-12-28,3,4,62
2020-12-29,3,4,72
2020-12-30,3,4,76
2020-12-31,3,4,55
2021-01-01,3,4,68
2021-01-02,3,4,55
2021-01-03,3,4,59
2021-01-04,3,4,55
2021-01-05,3,4,68
2021-01-06,3,4,74
2021-01-07,3,4,62
2021-01-08,3,4,48
2021-01-09,3,4,57
2021-01-10,3,4,57
2021-01-11,3,4,70
2021-01-12,3,4,70
2021-01-13,3,4,72
2021-01-14,3,4,71
2021-01-15,3,4,66
2021-01-16,3,4,55
2021-01-17,3,4,63
2021-01-18,3,4,64
2021-01-19,3,4,72
2021-01-20,3,4,77
2021-01-21,3,4,73
2021-01-22,3,4,65
2021-01-23,3,4,55
2021-01-24,3,4,54
2021-01-25,3,4,67
2021-01-26,3,4,78
2021-01-27,3,4,78
2021-01-28,3,4,73
2021-01-29,3,4,65
2021-01-30,3,4,62
2021-01-31,3,4,59
2021-02-01,3,4,72
2021-02-02,3,4,79
2021-02-03,3,4,76
2021-02-04,3,4,75
2021-02-05,3,4,60
2021-02-06,3,4,63
2021-02-07,3,4,64
2021-02-08,3,4,76
2021-02-09,3,4,76
2021-02-10,3,4,82
2021-02-11,3,4,73
2021-02-12,3,4,59
2021-02-13,3,4,63
2021-02-14,3,4,66
2021-02-15,3,4,73
2021-02-16,3,4,79
2021-02-17,3,4,78
2021-02-18,3,4,75
2021-02-19,3,4,65
2021-02-20,3,4,57
2021-02-21,3,4,66
2021-02-22,3,4,70
2021-02-23,3,4,84
2021-02-24,3,4,73
2021-02-25,3,4,78
2021-02-26,3,4,79
2021-02-27,3,4,66
2021-02-28,3,4,68
2021-03-01,3,4,76
2021-03-02,3,4,83
2021-03-03,3,4,81
2021-03-04,3,4,74
2021-03-05,3,4,74
2021-03-06,3,4,60
2021-03-07,3,4,72
2021-03-08,3,4,74
2021-03-09,3,4,82
2021-03-10,3,4,81
2021-03-11,3,4,85
2021-03-12,3,4,73
2021-03-13,3,4,67
2021-03-14,3,4,68
2021-03-15,3,4,75
2021-03-16,3,4,92
2021-03-17,3,4,79
2021-03-18,3,4,84
2021-03-19,3,4,75
2021-03-20,3,4,75
2021-03-21,3,4,73
2021-03-22,3,4,76
2021-03-23,3,4,87
2021-03-24,3,4,85
2021-03-25,3,4,83
2021-03-26,3,4,79
2021-03-27,3,4,69
2021-03-28,3,4,69
2021-03-29,3,4,74
2021-03-30,3,4,85
2021-03-31,3,4,81
2021-04-01,3,4,79
2021-04-02,3,4,69
2021-04-03,3,4,71
2021-04-04,3,4,67
2021-04-05,3,4,72
2021-04-06,3,4,78
2021-04-07,3,4,82
2021-04-08,3,4,78
2021-04-09,3,4,74
2021-04-10,3,4,68
2021-04-11,3,4,72
2021-04-12,3,4,78
2021-04-13,3,4,86
2021-04-14,3,4,77
2021-04-15,3,4,75
2021-04-16,3,4,75
2021-04-17,3,4,69
2021-04-18,3,4,74
2021-04-19,3,4,70
2021-04-20,3,4,80
2021-04-21,3,4,83
2021-04-22,3,4,80
2021-04-23,3,4,72
2021-04-24,3,4,70
2021-04-25,3,4,69
2021-04-26,3,4,81
2021-04-27,3,4,88
2021-04-28,3,4,79
2021-04-29,3,4,79
2021-04-30,3,4,75
2021-05-01,3,4,69
2021-05-02,3,4,67
2021-05-03,3,4,76
2021-05-04,3,4,74
2021-05-05,3,4,82
2021-05-06,3,4,72
2021-05-07,3,4,73
2021-05-08,3,4,62
2021-05-09,3,4,68
2021-05-10,3,4,75
2021-05-11,3,4,80
2021-05-12,3,4,79
2021-05-13,3,4,76
2021-05-14,3,4,74
2021-05-15,3,4,63
2021-05-16,3,4,67
2021-05-17,3,4,70
2021-05-18,3,4,83
2021-05-19,3,4,80
2021-05-20,3,4,72
2021-05-21,3,4,68
2021-05-22,3,4,63
2021-05-23,3,4,71
2021-05-24,3,4,71
2021-05-25,3,4,72
2021-05-26,3,4,81
2021-05-27,3,4,81
2021-05-28,3,4,72
2021-05-29,3,4,58
2021-05-30,3,4,63
2021-05-31,3,4,70
2021-06-01,3,4,76
2021-06-02,3,4,79
2021-06-03,3,4,71
2021-06-04,3,4,62
2021-06-05,3,4,65
2021-06-06,3,4,58
2021-06-07,3,4,65
2021-06-08,3,4,70
2021-06-09,3,4,78
2021-06-10,3,4,71
2021-06-11,3,4,67
2021-06-12,3,4,56
2021-06-13,3,4,56
2021-06-14,3,4,65
2021-06-15,3,4,72
2021-06-16,3,4,75
2021-06-17,3,4,63
2021-06-18,3,4,64
2021-06-19,3,4,54
2021-06-20,3,4,56
2021-06-21,3,4,70
2021-06-22,3,4,62
2021-06-23,3,4,73
2021-06-24,3,4,69
2021-06-25,3,4,57
2021-06-26,3,4,54
2021-06-27,3,4,62
2021-06-28,3,4,71
2021-06-29,3,4,73
2021-06-30,3,4,78
2021-07-01,3,4,63
2021-07-02,3,4,52
2021-07-03,3,4,54
2021-07-04,3,4,59
2021-07-05,3,4,54
2021-07-06,3,4,64
2021-07-07,3,4,65
2021-07-08,3,4,66
2021-07-09,3,4,58
2021-07-10,3,4,49
2021-07-11,3,4,54
2021-07-12,3,4,55
2021-07-13,3,4,64
2021-07-14,3,4,62
2021-07-15,3,4,62
2021-07-16,3,4,52
2021-07-17,3,4,53
2021-07-18,3,4,52
2021-07-19,3,4,57
2021-07-20,3,4,71
2021-07-21,3,4,67
2021-07-22,3,4,59
2021-07-23,3,4,51
2021-07-24,3,4,44
2021-07-25,3,4,50
2021-07-26,3,4,58
2021-07-27,3,4,55
2021-07-28,3,4,58
2021-07-29,3,4,57
2021-07-30,3,4,48
2021-07-31,3,4,48
2021-08-01,3,4,49
2021-08-02,3,4,54
2021-08-03,3,4,63
2021-08-04,3,4,60
2021-08-05,3,4,57
2021-08-06,3,4,46
2021-08-07,3,4,47
2021-08-08,3,4,48
2021-08-09,3,4,49
2021-08-10,3,4,59
2021-08-11,3,4,61
2021-08-12,3,4,57
2021-08-13,3,4,50
2021-08-14,3,4,42
2021-08-15,3,4,49
2021-08-16,3,4,54
2021-08-17,3,4,55
2021-08-18,3,4,55
2021-08-19,3,4,52
2021-08-20,3,4,42
2021-08-21,3,4,44
2021-08-22,3,4,49
2021-08-23,3,4,57
2021-08-24,3,4,53
2021-08-25,3,4,61
2021-08-26,3,4,54
2021-08-27,3,4,37
2021-08-28,3,4,41
2021-08-29,3,4,42
2021-08-30,3,4,55
2021-08-31,3,4,52
2021-09-01,3,4,60
2021-09-02,3,4,53
2021-09-03,3,4,40
2021-09-04,3,4,39
2021-09-05,3,4,49
2021-09-06,3,4,48
2021-09-07,3,4,59
2021-09-08,3,4,60
2021-09-09,3,4,50
2021-09-10,3,4,40
2021-09-11,3,4,36
2021-09-12,3,4,48
2021-09-13,3,4,49
2021-09-14,3,4,48
2021-09-15,3,4,59
2021-09-16,3,4,45
2021-09-17,3,4,41
2021-09-18,3,4,41
2021-09-19,3,4,52
2021-09-20,3,4,51
2021-09-21,3,4,52
2021-09-22,3,4,56
2021-09-23,3,4,55
2021-09-24,3,4,50
2021-09-25,3,4,39
2021-09-26,3,4,41
2021-09-27,3,4,45
2021-09-28,3,4,57
2021-09-29,3,4,60
2021-09-30,3,4,44
2021-10-01,3,4,43
2021-10-02,3,4,35
2021-10-03,3,4,42
2021-10-04,3,4,43
2021-10-05,3,4,49
2021-10-06,3,4,60
2021-10-07,3,4,51
2021-10-08,3,4,44
2021-10-09,3,4,42
2021-10-10,3,4,46
2021-10-11,3,4,46
2021-10-12,3,4,53
2021-10-13,3,4,55
2021-10-14,3,4,56
2021-10-15,3,4,45
2021-10-16,3,4,40
2021-10-17,3,4,44
2021-10-18,3,4,56
2021-10-19,3,4,55
2021-10-20,3,4,56
2021-10-21,3,4,60
2021-10-22,3,4,51
2021-10-23,3,4,46
2021-10-24,3,4,41
2021-10-25,3,4,47
2021-10-26,3,4,48
2021-10-27,3,4,61
2021-10-28,3,4,53
2021-10-29,3,4,39
2021-10-30,3,4,47
2021-10-31,3,4,42
2021-11-01,3,4,49
2021-11-02,3,4,51
2021-11-03,3,4,60
2021-11-04,3,4,56
2021-11-05,3,4,47
2021-11-06,3,4,41
2021-11-07,3,4,55
2021-11-08,3,4,46
2021-11-09,3,4,55
2021-11-10,3,4,62
2021-11-11,3,4,51
2021-11-12,3,4,44
2021-11-13,3,4,49
2021-11-14,3,4,48
2021-11-15,3,4,54
2021-11-16,3,4,60
2021-11-17,3,4,58
2021-11-18,3,4,56
2021-11-19,3,4,49
2021-11-20,3,4,49
2021-11-21,3,4,49
2021-11-22,3,4,50
2021-11-23,3,4,63
2021-11-24,3,4,55
2021-11-25,3,4,57
2021-11-26,3,4,47
2021-11-27,3,4,44
2021-11-28,3,4,57
2021-11-29,3,4,50
2021-11-30,3,4,59
2021-12-01,3,4,66
2021-12-02,3,4,58
2021-12-03,3,4,53
2021-12-04,3,4,54
2021-12-05,3,4,53
2021-12-06,3,4,55
2021-12-07,3,4,63
2021-12-08,3,4,67
2021-12-09,3,4,64
2021-12-10,3,4,55
2021-12-11,3,4,52
2021-12-12,3,4,54
2021-12-13,3,4,58
2021-12-14,3,4,63
2021-12-15,3,4,70
2021-12-16,3,4,64
2021-12-17,3,4,48
2021-12-18,3,4,49
2021-12-19,3,4,52
2021-12-20,3,4,60
2021-12-21,3,4,72
2021-12-22,3,4,82
2021-12-23,3,4,55
2021-12-24,3,4,59
2021-12-25,3,4,54
2021-12-26,3,4,55
2021-12-27,3,4,65
2021-12-28,3,4,70
2021-12-29,3,4,69
2021-12-30,3,4,67
2021-12-31,3,4,62
2022-01-01,3,4,58
2022-01-02,3,4,58
2022-01-03,3,4,62
2022-01-04,3,4,82
2022-01-05,3,4,74
2022-01-06,3,4,72
2022-01-07,3,4,60
2022-01-08,3,4,59
2022-01-09,3,4,60
2022-01-10,3,4,58
2022-01-11,3,4,70
2022-01-12,3,4,71
2022-01-13,3,4,68
2022-01-14,3,4,59
2022-01-15,3,4,60
2022-01-16,3,4,67
2022-01-17,3,4,68
2022-01-18,3,4,70
2022-01-19,3,4,72
2022-01-20,3,4,71
2022-01-21,3,4,60
2022-01-22,3,4,63
2022-01-23,3,4,69
2022-01-24,3,4,67
2022-01-25,3,4,76
2022-01-26,3,4,76
2022-01-27,3,4,71
2022-01-28,3,4,68
2022-01-29,3,4,60
2022-01-30,3,4,62
2022-01-31,3,4,65
2022-02-01,3,4,78
2022-02-02,3,4,84
2022-02-03,3,4,78
2022-02-04,3,4,75
2022-02-05,3,4,62
2022-02-06,3,4,70
2022-02-07,3,4,68
2022-02-08,3,4,82
2022-02-09,3,4,88
2022-02-10,3,4,79
2022-02-11,3,4,77
2022-02-12,3,4,64
2022-02-13,3,4,67
2022-02-14,3,4,71
2022-02-15,3,4,81
2022-02-16,3,4,83
2022-02-17,3,4,78
2022-02-18,3,4,70
2022-02-19,3,4,65
2022-02-20,3,4,70
2022-02-21,3,4,75
2022-02-22,3,4,77
2022-02-23,3,4,76
2022-02-24,3,4,77
2022-02-25,3,4,67
2022-02-26,3,4,65
2022-02-27,3,4,68
2022-02-28,3,4,76
2022-03-01,3,4,80
2022-03-02,3,4,93
2022-03-03,3,4,75
2022-03-04,3,4,78
2022-03-05,3,4,69
2022-03-06,3,4,68
2022-03-07,3,4,80
2022-03-08,3,4,82
2022-03-09,3,4,82
2022-03-10,3,4,88
2022-03-11,3,4,66
2022-03-12,3,4,69
2022-03-13,3,4,73
2022-03-14,3,4,84
2022-03-15,3,4,83
2022-03-16,3,4,97
2022-03-17,3,4,85
2022-03-18,3,4,66
2022-03-19,3,4,65
2022-03-20,3,4,73
2022-03-21,3,4,74
2022-03-22,3,4,87
2022-03-23,3,4,85
2022-03-24,3,4,78
2022-03-25,3,4,72
2022-03-26,3,4,75
2022-03-27,3,4,65
2022-03-28,3,4,83
2022-03-29,3,4,90
2022-03-30,3,4,86
2022-03-31,3,4,77
2022-04-01,3,4,78
2022-04-02,3,4,69
2022-04-03,3,4,67
2022-04-04,3,4,87
2022-04-05,3,4,82
2022-04-06,3,4,81
2022-04-07,3,4,84
2022-04-08,3,4,75
2022-04-09,3,4,77
2022-04-10,3,4,71
2022-04-11,3,4,77
2022-04-12,3,4,86
2022-04-13,3,4,87
2022-04-14,3,4,83
2022-04-15,3,4,76
2022-04-16,3,4,72
2022-04-17,3,4,71
2022-04-18,3,4,82
2022-04-19,3,4,83
2022-04-20,3,4,89
2022-04-21,3,4,87
2022-04-22,3,4,72
2022-04-23,3,4,80
2022-04-24,3,4,69
2022-04-25,3,4,75
2022-04-26,3,4,86
2022-04-27,3,4,87
2022-04-28,3,4,81
2022-04-29,3,4,77
2022-04-30,3,4,71
2022-05-01,3,4,79
2022-05-02,3,4,77
2022-05-03,3,4,80
2022-05-04,3,4,83
2022-05-05,3,4,82
2022-05-06,3,4,75
2022-05-07,3,4,70
2022-05-08,3,4,67
2022-05-09,3,4,81
2022-05-10,3,4,90
2022-05-11,3,4,84
2022-05-12,3,4,86
2022-05-13,3,4,76
2022-05-14,3,4,77
2022-05-15,3,4,71
2022-05-16,3,4,76
2022-05-17,3,4,85
2022-05-18,3,4,81
2022-05-19,3,4,80
2022-05-20,3,4,76
2022-05-21,3,4,70
2022-05-22,3,4,68
2022-05-23,3,4,75
2022-05-24,3,4,83
2022-05-25,3,4,84
2022-05-26,3,4,80
2022-05-27,3,4,71
2022-05-28,3,4,62
2022-05-29,3,4,64
2022-05-30,3,4,74
2022-05-31,3,4,82
2022-06-01,3,4,83
2022-06-02,3,4,73
2022-06-03,3,4,67
2022-06-04,3,4,59
2022-06-05,3,4,59
2022-06-06,3,4,71
2022-06-07,3,4,82
2022-06-08,3,4,79
2022-06-09,3,4,81
2022-06-10,3,4,66
2022-06-11,3,4,62
2022-06-12,3,4,59
2022-06-13,3,4,68
2022-06-14,3,4,70
2022-06-15,3,4,70
2022-06-16,3,4,67
2022-06-17,3,4,65
2022-06-18,3,4,57
2022-06-19,3,4,60
2022-06-20,3,4,69
2022-06-21,3,4,67
2022-06-22,3,4,75
2022-06-23,3,4,74
2022-06-24,3,4,67
2022-06-25,3,4,61
2022-06-26,3,4,60
2022-06-27,3,4,63
2022-06-28,3,4,71
2022-06-29,3,4,80
2022-06-30,3,4,70
2022-07-01,3,4,61
2022-07-02,3,4,59
2022-07-03,3,4,58
2022-07-04,3,4,65
2022-07-05,3,4,69
2022-07-06,3,4,70
2022-07-07,3,4,71
2022-07-08,3,4,52
2022-07-09,3,4,57
2022-07-10,3,4,54
2022-07-11,3,4,55
2022-07-12,3,4,64
2022-07-13,3,4,69
2022-07-14,3,4,65
2022-07-15,3,4,61
2022-07-16,3,4,56
2022-07-17,3,4,48
2022-07-18,3,4,62
2022-07-19,3,4,69
2022-07-20,3,4,69
2022-07-21,3,4,65
2022-07-22,3,4,48
2022-07-23,3,4,48
2022-07-24,3,4,58
2022-07-25,3,4,58
2022-07-26,3,4,74
2022-07-27,3,4,61
2022-07-28,3,4,68
2022-07-29,3,4,52
2022-07-30,3,4,53
2022-07-31,3,4,50
2022-08-01,3,4,58
2022-08-02,3,4,66
2022-08-03,3,4,62
2022-08-04,3,4,63
2022-08-05,3,4,52
2022-08-06,3,4,49
2022-08-07,3,4,39
2022-08-08,3,4,55
2022-08-09,3,4,67
2022-08-10,3,4,66
2022-08-11,3,4,62
2022-08-12,3,4,52
2022-08-13,3,4,54
2022-08-14,3,4,50
2022-08-15,3,4,52
2022-08-16,3,4,64
2022-08-17,3,4,66
2022-08-18,3,4,60
2022-08-19,3,4,49
2022-08-20,3,4,47
2022-08-21,3,4,53
2022-08-22,3,4,55
2022-08-23,3,4,54
2022-08-24,3,4,58
2022-08-25,3,4,54
2022-08-26,3,4,46
2022-08-27,3,4,36
2022-08-28,3,4,54
2022-08-29,3,4,49
2022-08-30,3,4,55
2022-08-31,3,4,52
2022-09-01,3,4,59
2022-09-02,3,4,48
2022-09-03,3,4,43
2022-09-04,3,4,44
2022-09-05,3,4,54
2022-09-06,3,4,56
2022-09-07,3,4,51
2022-09-08,3,4,50
2022-09-09,3,4,42
2022-09-10,3,4,44
2022-09-11,3,4,48
2022-09-12,3,4,57
2022-09-13,3,4,51
2022-09-14,3,4,61
2022-09-15,3,4,52
2022-09-16,3,4,59
2022-09-17,3,4,48
2022-09-18,3,4,51
2022-09-19,3,4,54
2022-09-20,3,4,58
2022-09-21,3,4,57
2022-09-22,3,4,51
2022-09-23,3,4,44
2022-09-24,3,4,45
2022-09-25,3,4,50
2022-09-26,3,4,49
2022-09-27,3,4,54
2022-09-28,3,4,52
2022-09-29,3,4,55
2022-09-30,3,4,52
2022-10-01,3,4,48
2022-10-02,3,4,50
2022-10-03,3,4,52
2022-10-04,3,4,57
2022-10-05,3,4,63
2022-10-06,3,4,49
2022-10-07,3,4,45
2022-10-08,3,4,49
2022-10-09,3,4,40
2022-10-10,3,4,50
2022-10-11,3,4,59
2022-10-12,3,4,59
2022-10-13,3,4,59
2022-10-14,3,4,53
2022-10-15,3,4,45
2022-10-16,3,4,50
2022-10-17,3,4,47
2022-10-18,3,4,57
2022-10-19,3,4,69
2022-10-20,3,4,62
2022-10-21,3,4,43
2022-10-22,3,4,44
2022-10-23,3,4,46
2022-10-24,3,4,53
2022-10-25,3,4,63
2022-10-26,3,4,67
2022-10-27,3,4,56
2022-10-28,3,4,53
2022-10-29,3,4,47
2022-10-30,3,4,46
2022-10-31,3,4,46
2022-11-01,3,4,63
2022-11-02,3,4,63
2022-11-03,3,4,58
2022-11-04,3,4,46
2022-11-05,3,4,53
2022-11-06,3,4,48
2022-11-07,3,4,49
2022-11-08,3,4,55
2022-11-09,3,4,64
2022-11-10,3,4,60
2022-11-11,3,4,49
2022-11-12,3,4,48
2022-11-13,3,4,51
2022-11-14,3,4,55
2022-11-15,3,4,58
2022-11-16,3,4,67
2022-11-17,3,4,62
2022-11-18,3,4,54
2022-11-19,3,4,44
2022-11-20,3,4,44
2022-11-21,3,4,56
2022-11-22,3,4,66
2022-11-23,3,4,68
2022-11-24,3,4,62
2022-11-25,3,4,52
2022-11-26,3,4,46
2022-11-27,3,4,51
2022-11-28,3,4,58
2022-11-29,3,4,68
2022-11-30,3,4,64
2022-12-01,3,4,60
2022-12-02,3,4,63
2022-12-03,3,4,57
2022-12-04,3,4,49
2022-12-05,3,4,65
2022-12-06,3,4,61
2022-12-07,3,4,66
2022-12-08,3,4,62
2022-12-09,3,4,56
2022-12-10,3,4,55
2022-12-11,3,4,55
2022-12-12,3,4,63
2022-12-13,3,4,66
2022-12-14,3,4,71
2022-12-15,3,4,65
2022-12-16,3,4,53
2022-12-17,3,4,56
2022-12-18,3,4,57
2022-12-19,3,4,60
2022-12-20,3,4,67
2022-12-21,3,4,69
2022-12-22,3,4,66
2022-12-23,3,4,67
2022-12-24,3,4,65
2022-12-25,3,4,47
2022-12-26,3,4,66
2022-12-27,3,4,75
2022-12-28,3,4,72
2022-12-29,3,4,72
2022-12-30,3,4,69
2022-12-31,3,4,53
2018-01-01,3,5,31
2018-01-02,3,5,42
2018-01-03,3,5,42
2018-01-04,3,5,44
2018-01-05,3,5,38
2018-01-06,3,5,30
2018-01-07,3,5,31
2018-01-08,3,5,31
2018-01-09,3,5,50
2018-01-10,3,5,45
2018-01-11,3,5,41
2018-01-12,3,5,39
2018-01-13,3,5,32
2018-01-14,3,5,37
2018-01-15,3,5,42
2018-01-16,3,5,47
2018-01-17,3,5,49
2018-01-18,3,5,39
2018-01-19,3,5,36
2018-01-20,3,5,37
2018-01-21,3,5,31
2018-01-22,3,5,38
2018-01-23,3,5,44
2018-01-24,3,5,50
2018-01-25,3,5,51
2018-01-26,3,5,41
2018-01-27,3,5,26
2018-01-28,3,5,39
2018-01-29,3,5,41
2018-01-30,3,5,52
2018-01-31,3,5,51
2018-02-01,3,5,44
2018-02-02,3,5,40
2018-02-03,3,5,35
2018-02-04,3,5,39
2018-02-05,3,5,41
2018-02-06,3,5,47
2018-02-07,3,5,56
2018-02-08,3,5,53
2018-02-09,3,5,44
2018-02-10,3,5,35
2018-02-11,3,5,37
2018-02-12,3,5,43
2018-02-13,3,5,56
2018-02-14,3,5,51
2018-02-15,3,5,54
2018-02-16,3,5,46
2018-02-17,3,5,44
2018-02-18,3,5,45
2018-02-19,3,5,50
2018-02-20,3,5,48
2018-02-21,3,5,58
2018-02-22,3,5,52
2018-02-23,3,5,43
2018-02-24,3,5,46
2018-02-25,3,5,41
2018-02-26,3,5,46
2018-02-27,3,5,59
2018-02-28,3,5,55
2018-03-01,3,5,50
2018-03-02,3,5,41
2018-03-03,3,5,38
2018-03-04,3,5,40
2018-03-05,3,5,52
2018-03-06,3,5,52
2018-03-07,3,5,50
2018-03-08,3,5,55
2018-03-09,3,5,44
2018-03-10,3,5,42
2018-03-11,3,5,49
2018-03-12,3,5,51
2018-03-13,3,5,63
2018-03-14,3,5,58
2018-03-15,3,5,58
2018-03-16,3,5,45
2018-03-17,3,5,43
2018-03-18,3,5,41
2018-03-19,3,5,48
2018-03-20,3,5,56
2018-03-21,3,5,53
2018-03-22,3,5,55
2018-03-23,3,5,46
2018-03-24,3,5,44
2018-03-25,3,5,40
2018-03-26,3,5,54
2018-03-27,3,5,64
2018-03-28,3,5,65
2018-03-29,3,5,62
2018-03-30,3,5,48
2018-03-31,3,5,42
2018-04-01,3,5,47
2018-04-02,3,5,50
2018-04-03,3,5,51
2018-04-04,3,5,62
2018-04-05,3,5,54
2018-04-06,3,5,42
2018-04-07,3,5,41
2018-04-08,3,5,44
2018-04-09,3,5,51
2018-04-10,3,5,58
2018-04-11,3,5,64
2018-04-12,3,5,49
2018-04-13,3,5,47
2018-04-14,3,5,40
2018-04-15,3,5,50
2018-04-16,3,5,49
2018-04-17,3,5,56
2018-04-18,3,5,63
2018-04-19,3,5,60
2018-04-20,3,5,53
2018-04-21,3,5,36
2018-04-22,3,5,46
2018-04-23,3,5,52
2018-04-24,3,5,56
2018-04-25,3,5,58
2018-04-26,3,5,59
2018-04-27,3,5,51
2018-04-28,3,5,46
2018-04-29,3,5,44
2018-04-30,3,5,59
2018-05-01,3,5,54
2018-05-02,3,5,51
2018-05-03,3,5,52
2018-05-04,3,5,46
2018-05-05,3,5,47
2018-05-06,3,5,41
2018-05-07,3,5,51
2018-05-08,3,5,49
2018-05-09,3,5,61
2018-05-10,3,5,52
2018-05-11,3,5,44
2018-05-12,3,5,49
2018-05-13,3,5,46
2018-05-14,3,5,44
2018-05-15,3,5,53
2018-05-16,3,5,66
2018-05-17,3,5,59
2018-05-18,3,5,47
2018-05-19,3,5,32
2018-05-20,3,5,46
2018-05-21,3,5,44
2018-05-22,3,5,58
2018-05-23,3,5,51
2018-05-24,3,5,51
2018-05-25,3,5,40
2018-05-26,3,5,36
2018-05-27,3,5,42
2018-05-28,3,5,40
2018-05-29,3,5,61
2018-05-30,3,5,48
2018-05-31,3,5,44
2018-06-01,3,5,43
2018-06-02,3,5,41
2018-06-03,3,5,36
2018-06-04,3,5,39
2018-06-05,3,5,46
2018-06-06,3,5,47
2018-06-07,3,5,48
2018-06-08,3,5,39
2018-06-09,3,5,36
2018-06-10,3,5,37
2018-06-11,3,5,45
2018-06-12,3,5,46
2018-06-13,3,5,46
2018-06-14,3,5,45
2018-06-15,3,5,37
2018-06-16,3,5,34
2018-06-17,3,5,32
2018-06-18,3,5,43
2018-06-19,3,5,42
2018-06-20,3,5,46
2018-06-21,3,5,48
2018-06-22,3,5,31
2018-06-23,3,5,36
2018-06-24,3,5,27
2018-06-25,3,5,32
2018-06-26,3,5,39
2018-06-27,3,5,46
2018-06-28,3,5,44
2018-06-29,3,5,39
2018-06-30,3,5,34
2018-07-01,3,5,34
2018-07-02,3,5,34
2018-07-03,3,5,40
2018-07-04,3,5,47
2018-07-05,3,5,45
2018-07-06,3,5,28
2018-07-07,3,5,33
2018-07-08,3,5,21
2018-07-09,3,5,37
2018-07-10,3,5,41
2018-07-11,3,5,42
2018-07-12,3,5,38
2018-07-13,3,5,27
2018-07-14,3,5,28
2018-07-15,3,5,28
2018-07-16,3,5,37
2018-07-17,3,5,46
2018-07-18,3,5,41
2018-07-19,3,5,33
2018-07-20,3,5,24
2018-07-21,3,5,31
2018-07-22,3,5,32
2018-07-23,3,5,35
2018-07-24,3,5,38
2018-07-25,3,5,42
2018-07-26,3,5,40
2018-07-27,3,5,25
2018-07-28,3,5,23
2018-07-29,3,5,20
2018-07-30,3,5,30
2018-07-31,3,5,42
2018-08-01,3,5,42
2018-08-02,3,5,34
2018-08-03,3,5,15
2018-08-04,3,5,19
2018-08-05,3,5,23
2018-08-06,3,5,28
2018-08-07,3,5,35
2018-08-08,3,5,37
2018-08-09,3,5,29
2018-08-10,3,5,24
2018-08-11,3,5,19
2018-08-12,3,5,18
2018-08-13,3,5,35
2018-08-14,3,5,31
2018-08-15,3,5,26
2018-08-16,3,5,37
2018-08-17,3,5,20
2018-08-18,3,5,22
2018-08-19,3,5,17
2018-08-20,3,5,28
2018-08-21,3,5,32
2018-08-22,3,5,38
2018-08-23,3,5,28
2018-08-24,3,5,19
2018-08-25,3,5,19
2018-08-26,3,5,17
2018-08-27,3,5,17
2018-08-28,3,5,29
2018-08-29,3,5,44
2018-08-30,3,5,21
2018-08-31,3,5,22
2018-09-01,3,5,16
2018-09-02,3,5,25
2018-09-03,3,5,20
2018-09-04,3,5,31
2018-09-05,3,5,35
2018-09-06,3,5,27
2018-09-07,3,5,17
2018-09-08,3,5,16
2018-09-09,3,5,16
2018-09-10,3,5,22
2018-09-11,3,5,33
2018-09-12,3,5,33
2018-09-13,3,5,29
2018-09-14,3,5,21
2018-09-15,3,5,19
2018-09-16,3,5,22
2018-09-17,3,5,22
2018-09-18,3,5,33
2018-09-19,3,5,26
2018-09-20,3,5,17
2018-09-21,3,5,27
2018-09-22,3,5,14
2018-09-23,3,5,18
2018-09-24,3,5,18
2018-09-25,3,5,24
2018-09-26,3,5,28
2018-09-27,3,5,29
2018-09-28,3,5,17
2018-09-29,3,5,14
2018-09-30,3,5,13
2018-10-01,3,5,27
2018-10-02,3,5,32
2018-10-03,3,5,29
2018-10-04,3,5,29
2018-10-05,3,5,18
2018-10-06,3,5,14
2018-10-07,3,5,16
2018-10-08,3,5,25
2018-10-09,3,5,26
2018-10-10,3,5,33
2018-10-11,3,5,37
2018-10-12,3,5,20
2018-10-13,3,5,16
2018-10-14,3,5,17
2018-10-15,3,5,25
2018-10-16,3,5,23
2018-10-17,3,5,38
2018-10-18,3,5,31
2018-10-19,3,5,18
2018-10-20,3,5,16
2018-10-21,3,5,15
2018-10-22,3,5,25
2018-10-23,3,5,30
2018-10-24,3,5,33
2018-10-25,3,5,24
2018-10-26,3,5,19
2018-10-27,3,5,21
2018-10-28,3,5,16
2018-10-29,3,5,14
2018-10-30,3,5,30
2018-10-31,3,5,42
2018-11-01,3,5,32
2018-11-02,3,5,19
2018-11-03,3,5,17
2018-11-04,3,5,22
2018-11-05,3,5,19
2018-11-06,3,5,29
2018-11-07,3,5,35
2018-11-08,3,5,36
2018-11-09,3,5,21
2018-11-10,3,5,25
2018-11-11,3,5,17
2018-11-12,3,5,13
2018-11-13,3,5,36
2018-11-14,3,5,37
2018-11-15,3,5,34
2018-11-16,3,5,27
2018-11-17,3,5,21
2018-11-18,3,5,21
2018-11-19,3,5,27
2018-11-20,3,5,33
2018-11-21,3,5,35
2018-11-22,3,5,25
2018-11-23,3,5,21
2018-11-24,3,5,21
2018-11-25,3,5,14
2018-11-26,3,5,22
2018-11-27,3,5,35
2018-11-28,3,5,37
2018-11-29,3,5,33
2018-11-30,3,5,18
2018-12-01,3,5,29
2018-12-02,3,5,19
2018-12-03,3,5,28
2018-12-04,3,5,33
2018-12-05,3,5,45
2018-12-06,3,5,37
2018-12-07,3,5,27
2018-12-08,3,5,23
2018-12-09,3,5,27
2018-12-10,3,5,28
2018-12-11,3,5,41
2018-12-12,3,5,39
2018-12-13,3,5,39
2018-12-14,3,5,32
2018-12-15,3,5,24
2018-12-16,3,5,20
2018-12-17,3,5,34
2018-12-18,3,5,35
2018-12-19,3,5,43
2018-12-20,3,5,38
2018-12-21,3,5,30
2018-12-22,3,5,23
2018-12-23,3,5,35
2018-12-24,3,5,35
2018-12-25,3,5,53
2018-12-26,3,5,45
2018-12-27,3,5,42
2018-12-28,3,5,34
2018-12-29,3,5,31
2018-12-30,3,5,36
2018-12-31,3,5,43
2019-01-01,3,5,38
2019-01-02,3,5,50
2019-01-03,3,5,45
2019-01-04,3,5,36
2019-01-05,3,5,39
2019-01-06,3,5,41
2019-01-07,3,5,44
2019-01-08,3,5,45
2019-01-09,3,5,44
2019-01-10,3,5,48
2019-01-11,3,5,43
2019-01-12,3,5,26
2019-01-13,3,5,40
2019-01-14,3,5,41
2019-01-15,3,5,41
2019-01-16,3,5,52
2019-01-17,3,5,50
2019-01-18,3,5,38
2019-01-19,3,5,31
2019-01-20,3,5,44
2019-01-21,3,5,41
2019-01-22,3,5,55
2019-01-23,3,5,46
2019-01-24,3,5,50
2019-01-25,3,5,43
2019-01-26,3,5,41
2019-01-27,3,5,45
2019-01-28,3,5,42
2019-01-29,3,5,54
2019-01-30,3,5,48
2019-01-31,3,5,44
2019-02-01,3,5,41
2019-02-02,3,5,41
2019-02-03,3,5,47
2019-02-04,3,5,55
2019-02-05,3,5,52
2019-02-06,3,5,57
2019-02-07,3,5,55
2019-02-08,3,5,48
2019-02-09,3,5,40
2019-02-10,3,5,43
2019-02-11,3,5,48
2019-02-12,3,5,54
2019-02-13,3,5,56
2019-02-14,3,5,52
2019-02-15,3,5,44
2019-02-16,3,5,37
2019-02-17,3,5,47
2019-02-18,3,5,52
2019-02-19,3,5,64
2019-02-20,3,5,60
2019-02-21,3,5,52
2019-02-22,3,5,45
2019-02-23,3,5,43
2019-02-24,3,5,47
2019-02-25,3,5,50
2019-02-26,3,5,52
2019-02-27,3,5,56
2019-02-28,3,5,55
2019-03-01,3,5,51
2019-03-02,3,5,38
2019-03-03,3,5,47
2019-03-04,3,5,53
2019-03-05,3,5,57
2019-03-06,3,5,58
2019-03-07,3,5,53
2019-03-08,3,5,50
2019-03-09,3,5,50
2019-03-10,3,5,51
2019-03-11,3,5,49
2019-03-12,3,5,59
2019-03-13,3,5,52
2019-03-14,3,5,57
2019-03-15,3,5,52
2019-03-16,3,5,52
2019-03-17,3,5,40
2019-03-18,3,5,49
2019-03-19,3,5,61
2019-03-20,3,5,55
2019-03-21,3,5,58
2019-03-22,3,5,53
2019-03-23,3,5,41
2019-03-24,3,5,48
2019-03-25,3,5,49
2019-03-26,3,5,66
2019-03-27,3,5,63
2019-03-28,3,5,55
2019-03-29,3,5,46
2019-03-30,3,5,48
2019-03-31,3,5,53
2019-04-01,3,5,51
2019-04-02,3,5,59
2019-04-03,3,5,59
2019-04-04,3,5,64
2019-04-05,3,5,43
2019-04-06,3,5,51
2019-04-07,3,5,46
2019-04-08,3,5,54
2019-04-09,3,5,59
2019-04-10,3,5,63
2019-04-11,3,5,55
2019-04-12,3,5,55
2019-04-13,3,5,51
2019-04-14,3,5,44
2019-04-15,3,5,57
2019-04-16,3,5,59
2019-04-17,3,5,62
2019-04-18,3,5,63
2019-04-19,3,5,47
2019-04-20,3,5,49
2019-04-21,3,5,49
2019-04-22,3,5,53
2019-04-23,3,5,61
2019-04-24,3,5,62
2019-04-25,3,5,52
2019-04-26,3,5,47
2019-04-27,3,5,41
2019-04-28,3,5,45
2019-04-29,3,5,58
2019-04-30,3,5,61
2019-05-01,3,5,55
2019-05-02,3,5,55
2019-05-03,3,5,50
2019-05-04,3,5,47
2019-05-05,3,5,43
2019-05-06,3,5,47
2019-05-07,3,5,58
2019-05-08,3,5,62
2019-05-09,3,5,56
2019-05-10,3,5,44
2019-05-11,3,5,50
2019-05-12,3,5,44
2019-05-13,3,5,52
2019-05-14,3,5,54
2019-05-15,3,5,63
2019-05-16,3,5,56
2019-05-17,3,5,48
2019-05-18,3,5,38
2019-05-19,3,5,48
2019-05-20,3,5,53
2019-05-21,3,5,60
2019-05-22,3,5,57
2019-05-23,3,5,52
2019-05-24,3,5,45
2019-05-25,3,5,50
2019-05-26,3,5,40
2019-05-27,3,5,43
2019-05-28,3,5,53
2019-05-29,3,5,53
2019-05-30,3,5,56
2019-05-31,3,5,38
2019-06-01,3,5,37
2019-06-02,3,5,41
2019-06-03,3,5,52
2019-06-04,3,5,56
2019-06-05,3,5,61
2019-06-06,3,5,51
2019-06-07,3,5,42
2019-06-08,3,5,41
2019-06-09,3,5,34
2019-06-10,3,5,38
2019-06-11,3,5,55
2019-06-12,3,5,53
2019-06-13,3,5,52
2019-06-14,3,5,37
2019-06-15,3,5,41
2019-06-16,3,5,40
2019-06-17,3,5,43
2019-06-18,3,5,50
2019-06-19,3,5,52
2019-06-20,3,5,43
2019-06-21,3,5,37
2019-06-22,3,5,36
2019-06-23,3,5,34
2019-06-24,3,5,36
2019-06-25,3,5,49
2019-06-26,3,5,52
2019-06-27,3,5,49
2019-06-28,3,5,39
2019-06-29,3,5,36
2019-06-30,3,5,38
2019-07-01,3,5,40
2019-07-02,3,5,38
2019-07-03,3,5,52
2019-07-04,3,5,39
2019-07-05,3,5,31
2019-07-06,3,5,27
2019-07-07,3,5,42
2019-07-08,3,5,40
2019-07-09,3,5,40
2019-07-10,3,5,43
2019-07-11,3,5,41
2019-07-12,3,5,36
2019-07-13,3,5,30
2019-07-14,3,5,27
2019-07-15,3,5,38
2019-07-16,3,5,40
2019-07-17,3,5,48
2019-07-18,3,5,40
2019-07-19,3,5,29
2019-07-20,3,5,30
2019-07-21,3,5,30
2019-07-22,3,5,33
2019-07-23,3,5,44
2019-07-24,3,5,45
2019-07-25,3,5,42
2019-07-26,3,5,33
2019-07-27,3,5,25
2019-07-28,3,5,20
2019-07-29,3,5,34
2019-07-30,3,5,41
2019-07-31,3,5,41
2019-08-01,3,5,24
2019-08-02,3,5,32
2019-08-03,3,5,21
2019-08-04,3,5,28
2019-08-05,3,5,39
2019-08-06,3,5,37
2019-08-07,3,5,41
2019-08-08,3,5,35
2019-08-09,3,5,30
2019-08-10,3,5,23
2019-08-11,3,5,22
2019-08-12,3,5,27
2019-08-13,3,5,43
2019-08-14,3,5,40
2019-08-15,3,5,37
2019-08-16,3,5,28
2019-08-17,3,5,26
2019-08-18,3,5,19
2019-08-19,3,5,29
2019-08-20,3,5,37
2019-08-21,3,5,42
2019-08-22,3,5,43
2019-08-23,3,5,27
2019-08-24,3,5,18
2019-08-25,3,5,17
2019-08-26,3,5,24
2019-08-27,3,5,31
2019-08-28,3,5,24
2019-08-29,3,5,28
2019-08-30,3,5,27
2019-08-31,3,5,20
2019-09-01,3,5,20
2019-09-02,3,5,21
2019-09-03,3,5,38
2019-09-04,3,5,37
2019-09-05,3,5,30
2019-09-06,3,5,14
2019-09-07,3,5,17
2019-09-08,3,5,22
2019-09-09,3,5,26
2019-09-10,3,5,33
2019-09-11,3,5,37
2019-09-12,3,5,30
2019-09-13,3,5,25
2019-09-14,3,5,15
2019-09-15,3,5,15
2019-09-16,3,5,28
2019-09-17,3,5,35
2019-09-18,3,5,36
2019-09-19,3,5,30
2019-09-20,3,5,21
2019-09-21,3,5,19
2019-09-22,3,5,21
2019-09-23,3,5,27
2019-09-24,3,5,42
2019-09-25,3,5,30
2019-09-26,3,5,42
2019-09-27,3,5,17
2019-09-28,3,5,19
2019-09-29,3,5,15
2019-09-30,3,5,27
2019-10-01,3,5,36
2019-10-02,3,5,34
2019-10-03,3,5,33
2019-10-04,3,5,20
2019-10-05,3,5,10
2019-10-06,3,5,22
2019-10-07,3,5,26
2019-10-08,3,5,30
2019-10-09,3,5,32
2019-10-10,3,5,31
2019-10-11,3,5,19
2019-10-12,3,5,20
2019-10-13,3,5,25
2019-10-14,3,5,34
2019-10-15,3,5,38
2019-10-16,3,5,35
2019-10-17,3,5,31
2019-10-18,3,5,21
2019-10-19,3,5,17
2019-10-20,3,5,24
2019-10-21,3,5,25
2019-10-22,3,5,34
2019-10-23,3,5,31
2019-10-24,3,5,36
2019-10-25,3,5,22
2019-10-26,3,5,24
2019-10-27,3,5,18
2019-10-28,3,5,24
2019-10-29,3,5,39
2019-10-30,3,5,33
2019-10-31,3,5,25
2019-11-01,3,5,20
2019-11-02,3,5,24
2019-11-03,3,5,25
2019-11-04,3,5,25
2019-11-05,3,5,32
2019-11-06,3,5,39
2019-11-07,3,5,38
2019-11-08,3,5,25
2019-11-09,3,5,24
2019-11-10,3,5,27
2019-11-11,3,5,38
2019-11-12,3,5,31
2019-11-13,3,5,35
2019-11-14,3,5,32
2019-11-15,3,5,30
2019-11-16,3,5,22
2019-11-17,3,5,26
2019-11-18,3,5,31
2019-11-19,3,5,37
2019-11-20,3,5,40
2019-11-21,3,5,39
2019-11-22,3,5,24
2019-11-23,3,5,24
2019-11-24,3,5,21
2019-11-25,3,5,33
2019-11-26,3,5,38
2019-11-27,3,5,45
2019-11-28,3,5,36
2019-11-29,3,5,28
2019-11-30,3,5,25
2019-12-01,3,5,34
2019-12-02,3,5,28
2019-12-03,3,5,38
2019-12-04,3,5,42
2019-12-05,3,5,36
2019-12-06,3,5,33
2019-12-07,3,5,27
2019-12-08,3,5,30
2019-12-09,3,5,36
2019-12-10,3,5,42
2019-12-11,3,5,39
2019-12-12,3,5,41
2019-12-13,3,5,26
2019-12-14,3,5,26
2019-12-15,3,5,33
2019-12-16,3,5,42
2019-12-17,3,5,53
2019-12-18,3,5,44
2019-12-19,3,5,38
2019-12-20,3,5,37
2019-12-21,3,5,38
2019-12-22,3,5,39
2019-12-23,3,5,35
2019-12-24,3,5,45
2019-12-25,3,5,51
2019-12-26,3,5,47
2019-12-27,3,5,39
2019-12-28,3,5,31
2019-12-29,3,5,37
2019-12-30,3,5,45
2019-12-31,3,5,44
2020-01-01,3,5,55
2020-01-02,3,5,49
2020-01-03,3,5,36
2020-01-04,3,5,38
2020-01-05,3,5,40
2020-01-06,3,5,46
2020-01-07,3,5,56
2020-01-08,3,5,51
2020-01-09,3,5,49
2020-01-10,3,5,30
2020-01-11,3,5,41
2020-01-12,3,5,42
2020-01-13,3,5,50
2020-01-14,3,5,48
2020-01-15,3,5,57
2020-01-16,3,5,53
2020-01-17,3,5,40
2020-01-18,3,5,42
2020-01-19,3,5,42
2020-01-20,3,5,40
2020-01-21,3,5,55
2020-01-22,3,5,52
2020-01-23,3,5,44
2020-01-24,3,5,46
2020-01-25,3,5,40
2020-01-26,3,5,47
2020-01-27,3,5,49
2020-01-28,3,5,58
2020-01-29,3,5,59
2020-01-30,3,5,57
2020-01-31,3,5,42
2020-02-01,3,5,42
2020-02-02,3,5,43
2020-02-03,3,5,52
2020-02-04,3,5,57
2020-02-05,3,5,56
2020-02-06,3,5,53
2020-02-07,3,5,54
2020-02-08,3,5,36
2020-02-09,3,5,48
2020-02-10,3,5,56
2020-02-11,3,5,60
2020-02-12,3,5,67
2020-02-13,3,5,59
2020-02-14,3,5,50
2020-02-15,3,5,43
2020-02-16,3,5,48
2020-02-17,3,5,55
2020-02-18,3,5,59
2020-02-19,3,5,58
2020-02-20,3,5,52
2020-02-21,3,5,51
2020-02-22,3,5,40
2020-02-23,3,5,46
2020-02-24,3,5,44
2020-02-25,3,5,64
2020-02-26,3,5,67
2020-02-27,3,5,58
2020-02-28,3,5,58
2020-02-29,3,5,52
2020-03-01,3,5,50
2020-03-02,3,5,54
2020-03-03,3,5,60
2020-03-04,3,5,65
2020-03-05,3,5,58
2020-03-06,3,5,54
2020-03-07,3,5,50
2020-03-08,3,5,48
2020-03-09,3,5,60
2020-03-10,3,5,61
2020-03-11,3,5,64
2020-03-12,3,5,56
2020-03-13,3,5,52
2020-03-14,3,5,57
2020-03-15,3,5,46
2020-03-16,3,5,58
2020-03-17,3,5,61
2020-03-18,3,5,55
2020-03-19,3,5,62
2020-03-20,3,5,51
2020-03-21,3,5,50
2020-03-22,3,5,54
2020-03-23,3,5,58
2020-03-24,3,5,64
2020-03-25,3,5,61
2020-03-26,3,5,63
2020-03-27,3,5,53
2020-03-28,3,5,41
2020-03-29,3,5,54
2020-03-30,3,5,62
2020-03-31,3,5,69
2020-04-01,3,5,74
2020-04-02,3,5,64
2020-04-03,3,5,56
2020-04-04,3,5,54
2020-04-05,3,5,47
2020-04-06,3,5,50
2020-04-07,3,5,61
2020-04-08,3,5,70
2020-04-09,3,5,58
2020-04-10,3,5,55
2020-04-11,3,5,51
2020-04-12,3,5,52
2020-04-13,3,5,52
2020-04-14,3,5,64
2020-04-15,3,5,63
2020-04-16,3,5,67
2020-04-17,3,5,58
2020-04-18,3,5,47
2020-04-19,3,5,57
2020-04-20,3,5,58
2020-04-21,3,5,56
2020-04-22,3,5,64
2020-04-23,3,5,66
2020-04-24,3,5,49
2020-04-25,3,5,48
2020-04-26,3,5,44
2020-04-27,3,5,51
2020-04-28,3,5,58
2020-04-29,3,5,58
2020-04-30,3,5,56
2020-05-01,3,5,59
2020-05-02,3,5,47
2020-05-03,3,5,52
2020-05-04,3,5,59
2020-05-05,3,5,57
2020-05-06,3,5,59
2020-05-07,3,5,61
2020-05-08,3,5,48
2020-05-09,3,5,49
2020-05-10,3,5,54
2020-05-11,3,5,48
2020-05-12,3,5,58
2020-05-13,3,5,61
2020-05-14,3,5,55
2020-05-15,3,5,47
2020-05-16,3,5,43
2020-05-17,3,5,46
2020-05-18,3,5,53
2020-05-19,3,5,63
2020-05-20,3,5,60
2020-05-21,3,5,60
2020-05-22,3,5,46
2020-05-23,3,5,39
2020-05-24,3,5,44
2020-05-25,3,5,53
2020-05-26,3,5,61
2020-05-27,3,5,65
2020-05-28,3,5,55
2020-05-29,3,5,50
2020-05-30,3,5,48
2020-05-31,3,5,41
2020-06-01,3,5,49
2020-06-02,3,5,67
2020-06-03,3,5,61
2020-06-04,3,5,55
2020-06-05,3,5,49
2020-06-06,3,5,36
2020-06-07,3,5,40
2020-06-08,3,5,44
2020-06-09,3,5,56
2020-06-10,3,5,54
2020-06-11,3,5,51
2020-06-12,3,5,43
2020-06-13,3,5,33
2020-06-14,3,5,44
2020-06-15,3,5,40
2020-06-16,3,5,50
2020-06-17,3,5,49
2020-06-18,3,5,46
2020-06-19,3,5,43
2020-06-20,3,5,43
2020-06-21,3,5,33
2020-06-22,3,5,43
2020-06-23,3,5,44
2020-06-24,3,5,50
2020-06-25,3,5,48
2020-06-26,3,5,43
2020-06-27,3,5,27
2020-06-28,3,5,39
2020-06-29,3,5,39
2020-06-30,3,5,44
2020-07-01,3,5,51
2020-07-02,3,5,48
2020-07-03,3,5,38
2020-07-04,3,5,30
2020-07-05,3,5,35
2020-07-06,3,5,38
2020-07-07,3,5,50
2020-07-08,3,5,53
2020-07-09,3,5,48
2020-07-10,3,5,37
2020-07-11,3,5,37
2020-07-12,3,5,30
2020-07-13,3,5,47
2020-07-14,3,5,42
2020-07-15,3,5,39
2020-07-16,3,5,48
2020-07-17,3,5,32
2020-07-18,3,5,31
2020-07-19,3,5,28
2020-07-20,3,5,47
2020-07-21,3,5,51
2020-07-22,3,5,51
2020-07-23,3,5,41
2020-07-24,3,5,37
2020-07-25,3,5,29
2020-07-26,3,5,35
2020-07-27,3,5,35
2020-07-28,3,5,49
2020-07-29,3,5,42
2020-07-30,3,5,38
2020-07-31,3,5,30
2020-08-01,3,5,28
2020-08-02,3,5,27
2020-08-03,3,5,37
2020-08-04,3,5,39
2020-08-05,3,5,45
2020-08-06,3,5,44
2020-08-07,3,5,31
2020-08-08,3,5,35
2020-08-09,3,5,32
2020-08-10,3,5,42
2020-08-11,3,5,39
2020-08-12,3,5,34
2020-08-13,3,5,34
2020-08-14,3,5,27
2020-08-15,3,5,21
2020-08-16,3,5,17
2020-08-17,3,5,36
2020-08-18,3,5,31
2020-08-19,3,5,43
2020-08-20,3,5,44
2020-08-21,3,5,25
2020-08-22,3,5,25
2020-08-23,3,5,23
2020-08-24,3,5,34
2020-08-25,3,5,32
2020-08-26,3,5,38
2020-08-27,3,5,39
2020-08-28,3,5,27
2020-08-29,3,5,16
2020-08-30,3,5,29
2020-08-31,3,5,25
2020-09-01,3,5,37
2020-09-02,3,5,40
2020-09-03,3,5,34
2020-09-04,3,5,36
2020-09-05,3,5,25
2020-09-06,3,5,22
2020-09-07,3,5,32
2020-09-08,3,5,36
2020-09-09,3,5,37
2020-09-10,3,5,34
2020-09-11,3,5,24
2020-09-12,3,5,22
2020-09-13,3,5,21
2020-09-14,3,5,21
2020-09-15,3,5,40
2020-09-16,3,5,34
2020-09-17,3,5,33
2020-09-18,3,5,22
2020-09-19,3,5,18
2020-09-20,3,5,18
2020-09-21,3,5,32
2020-09-22,3,5,40
2020-09-23,3,5,36
2020-09-24,3,5,30
2020-09-25,3,5,18
2020-09-26,3,5,24
2020-09-27,3,5,20
2020-09-28,3,5,24
2020-09-29,3,5,35
2020-09-30,3,5,35
2020-10-01,3,5,26
2020-10-02,3,5,20
2020-10-03,3,5,22
2020-10-04,3,5,20
2020-10-05,3,5,31
2020-10-06,3,5,35
2020-10-07,3,5,41
2020-10-08,3,5,29
2020-10-09,3,5,26
2020-10-10,3,5,24
2020-10-11,3,5,20
2020-10-12,3,5,33
2020-10-13,3,5,29
2020-10-14,3,5,34
2020-10-15,3,5,26
2020-10-16,3,5,23
2020-10-17,3,5,21
2020-10-18,3,5,26
2020-10-19,3,5,29
2020-10-20,3,5,33
2020-10-21,3,5,31
2020-10-22,3,5,28
2020-10-23,3,5,28
2020-10-24,3,5,26
2020-10-25,3,5,22
2020-10-26,3,5,35
2020-10-27,3,5,33
2020-10-28,3,5,37
2020-10-29,3,5,33
2020-10-30,3,5,33
2020-10-31,3,5,24
2020-11-01,3,5,18
2020-11-02,3,5,35
2020-11-03,3,5,45
2020-11-04,3,5,38
2020-11-05,3,5,31
2020-11-06,3,5,32
2020-11-07,3,5,32
2020-11-08,3,5,29
2020-11-09,3,5,26
2020-11-10,3,5,42
2020-11-11,3,5,42
2020-11-12,3,5,32
2020-11-13,3,5,35
2020-11-14,3,5,27
2020-11-15,3,5,32
2020-11-16,3,5,29
2020-11-17,3,5,42
2020-11-18,3,5,38
2020-11-19,3,5,39
2020-11-20,3,5,37
2020-11-21,3,5,21
2020-11-22,3,5,23
2020-11-23,3,5,39
2020-11-24,3,5,41
2020-11-25,3,5,48
2020-11-26,3,5,36
2020-11-27,3,5,33
2020-11-28,3,5,31
2020-11-29,3,5,31
2020-11-30,3,5,29
2020-12-01,3,5,54
2020-12-02,3,5,46
2020-12-03,3,5,35
2020-12-04,3,5,35
2020-12-05,3,5,32
2020-12-06,3,5,36
2020-12-07,3,5,42
2020-12-08,3,5,44
2020-12-09,3,5,40
2020-12-10,3,5,44
2020-12-11,3,5,29
2020-12-12,3,5,37
2020-12-13,3,5,31
2020-12-14,3,5,43
2020-12-15,3,5,44
2020-12-16,3,5,46
2020-12-17,3,5,41
2020-12-18,3,5,40
2020-12-19,3,5,31
2020-12-20,3,5,38
2020-12-21,3,5,39
2020-12-22,3,5,47
2020-12-23,3,5,50
2020-12-24,3,5,47
2020-12-25,3,5,36
2020-12-26,3,5,38
2020-12-27,3,5,36
2020-12-28,3,5,46
2020-12-29,3,5,50
2020-12-30,3,5,54
2020-12-31,3,5,46
2021-01-01,3,5,38
2021-01-02,3,5,39
2021-01-03,3,5,37
2021-01-04,3,5,51
2021-01-05,3,5,52
2021-01-06,3,5,48
2021-01-07,3,5,47
2021-01-08,3,5,39
2021-01-09,3,5,43
2021-01-10,3,5,44
2021-01-11,3,5,47
2021-01-12,3,5,55
2021-01-13,3,5,55
2021-01-14,3,5,55
2021-01-15,3,5,47
2021-01-16,3,5,43
2021-01-17,3,5,42
2021-01-18,3,5,46
2021-01-19,3,5,58
2021-01-20,3,5,63
2021-01-21,3,5,58
2021-01-22,3,5,53
2021-01-23,3,5,43
2021-01-24,3,5,40
2021-01-25,3,5,47
2021-01-26,3,5,63
2021-01-27,3,5,51
2021-01-28,3,5,61
2021-01-29,3,5,45
2021-01-30,3,5,52
2021-01-31,3,5,46
2021-02-01,3,5,55
2021-02-02,3,5,68
2021-02-03,3,5,59
2021-02-04,3,5,55
2021-02-05,3,5,47
2021-02-06,3,5,42
2021-02-07,3,5,46
2021-02-08,3,5,52
2021-02-09,3,5,55
2021-02-10,3,5,61
2021-02-11,3,5,60
2021-02-12,3,5,48
2021-02-13,3,5,46
2021-02-14,3,5,54
2021-02-15,3,5,50
2021-02-16,3,5,69
2021-02-17,3,5,61
2021-02-18,3,5,60
2021-02-19,3,5,58
2021-02-20,3,5,55
2021-02-21,3,5,52
2021-02-22,3,5,54
2021-02-23,3,5,60
2021-02-24,3,5,62
2021-02-25,3,5,68
2021-02-26,3,5,52
2021-02-27,3,5,51
2021-02-28,3,5,47
2021-03-01,3,5,53
2021-03-02,3,5,64
2021-03-03,3,5,64
2021-03-04,3,5,60
2021-03-05,3,5,49
2021-03-06,3,5,50
2021-03-07,3,5,58
2021-03-08,3,5,55
2021-03-09,3,5,68
2021-03-10,3,5,53
2021-03-11,3,5,59
2021-03-12,3,5,48
2021-03-13,3,5,56
2021-03-14,3,5,56
2021-03-15,3,5,55
2021-03-16,3,5,67
2021-03-17,3,5,72
2021-03-18,3,5,68
2021-03-19,3,5,54
2021-03-20,3,5,43
2021-03-21,3,5,50
2021-03-22,3,5,63
2021-03-23,3,5,74
2021-03-24,3,5,67
2021-03-25,3,5,61
2021-03-26,3,5,66
2021-03-27,3,5,54
2021-03-28,3,5,49
2021-03-29,3,5,59
2021-03-30,3,5,70
2021-03-31,3,5,67
2021-04-01,3,5,67
2021-04-02,3,5,50
2021-04-03,3,5,46
2021-04-04,3,5,51
2021-04-05,3,5,59
2021-04-06,3,5,67
2021-04-07,3,5,70
2021-04-08,3,5,73
2021-04-09,3,5,53
2021-04-10,3,5,51
2021-04-11,3,5,51
2021-04-12,3,5,64
2021-04-13,3,5,70
2021-04-14,3,5,66
2021-04-15,3,5,71
2021-04-16,3,5,53
2021-04-17,3,5,56
2021-04-18,3,5,59
2021-04-19,3,5,54
2021-04-20,3,5,68
2021-04-21,3,5,56
2021-04-22,3,5,66
2021-04-23,3,5,51
2021-04-24,3,5,53
2021-04-25,3,5,56
2021-04-26,3,5,63
2021-04-27,3,5,68
2021-04-28,3,5,67
2021-04-29,3,5,60
2021-04-30,3,5,55
2021-05-01,3,5,46
2021-05-02,3,5,51
2021-05-03,3,5,57
2021-05-04,3,5,61
2021-05-05,3,5,59
2021-05-06,3,5,56
2021-05-07,3,5,41
2021-05-08,3,5,48
2021-05-09,3,5,52
2021-05-10,3,5,46
2021-05-11,3,5,64
2021-05-12,3,5,64
2021-05-13,3,5,55
2021-05-14,3,5,51
2021-05-15,3,5,53
2021-05-16,3,5,46
2021-05-17,3,5,56
2021-05-18,3,5,63
2021-05-19,3,5,60
2021-05-20,3,5,63
2021-05-21,3,5,53
2021-05-22,3,5,46
2021-05-23,3,5,58
2021-05-24,3,5,59
2021-05-25,3,5,54
2021-05-26,3,5,60
2021-05-27,3,5,67
2021-05-28,3,5,46
2021-05-29,3,5,46
2021-05-30,3,5,52
2021-05-31,3,5,56
2021-06-01,3,5,62
2021-06-02,3,5,63
2021-06-03,3,5,56
2021-06-04,3,5,46
2021-06-05,3,5,46
2021-06-06,3,5,44
2021-06-07,3,5,50
2021-06-08,3,5,64
2021-06-09,3,5,57
2021-06-10,3,5,61
2021-06-11,3,5,48
2021-06-12,3,5,42
2021-06-13,3,5,37
2021-06-14,3,5,58
2021-06-15,3,5,56
2021-06-16,3,5,48
2021-06-17,3,5,57
2021-06-18,3,5,45
2021-06-19,3,5,37
2021-06-20,3,5,46
2021-06-21,3,5,38
2021-06-22,3,5,51
2021-06-23,3,5,54
2021-06-24,3,5,54
2021-06-25,3,5,53
2021-06-26,3,5,38
2021-06-27,3,5,42
2021-06-28,3,5,58
2021-06-29,3,5,53
2021-06-30,3,5,56
2021-07-01,3,5,44
2021-07-02,3,5,50
2021-07-03,3,5,35
2021-07-04,3,5,40
2021-07-05,3,5,46
2021-07-06,3,5,51
2021-07-07,3,5,50
2021-07-08,3,5,48
2021-07-09,3,5,47
2021-07-10,3,5,45
2021-07-11,3,5,36
2021-07-12,3,5,41
2021-07-13,3,5,46
2021-07-14,3,5,61
2021-07-15,3,5,46
2021-07-16,3,5,43
2021-07-17,3,5,37
2021-07-18,3,5,44
2021-07-19,3,5,40
2021-07-20,3,5,43
2021-07-21,3,5,56
2021-07-22,3,5,48
2021-07-23,3,5,39
2021-07-24,3,5,38
2021-07-25,3,5,36
2021-07-26,3,5,46
2021-07-27,3,5,47
2021-07-28,3,5,51
2021-07-29,3,5,45
2021-07-30,3,5,34
2021-07-31,3,5,30
2021-08-01,3,5,31
2021-08-02,3,5,39
2021-08-03,3,5,42
2021-08-04,3,5,47
2021-08-05,3,5,43
2021-08-06,3,5,35
2021-08-07,3,5,30
2021-08-08,3,5,28
2021-08-09,3,5,36
2021-08-10,3,5,36
2021-08-11,3,5,44
2021-08-12,3,5,36
2021-08-13,3,5,33
2021-08-14,3,5,25
2021-08-15,3,5,21
2021-08-16,3,5,44
2021-08-17,3,5,41
2021-08-18,3,5,49
2021-08-19,3,5,36
2021-08-20,3,5,38
2021-08-21,3,5,22
2021-08-22,3,5,29
2021-08-23,3,5,30
2021-08-24,3,5,51
2021-08-25,3,5,41
2021-08-26,3,5,41
2021-08-27,3,5,32
2021-08-28,3,5,26
2021-08-29,3,5,29
2021-08-30,3,5,39
2021-08-31,3,5,42
2021-09-01,3,5,41
2021-09-02,3,5,38
2021-09-03,3,5,37
2021-09-04,3,5,23
2021-09-05,3,5,19
2021-09-06,3,5,28
2021-09-07,3,5,35
2021-09-08,3,5,37
2021-09-09,3,5,32
2021-09-10,3,5,29
2021-09-11,3,5,25
2021-09-12,3,5,27
2021-09-13,3,5,29
2021-09-14,3,5,42
2021-09-15,3,5,42
2021-09-16,3,5,42
2021-09-17,3,5,32
2021-09-18,3,5,22
2021-09-19,3,5,31
2021-09-20,3,5,33
2021-09-21,3,5,41
2021-09-22,3,5,42
2021-09-23,3,5,34
2021-09-24,3,5,28
2021-09-25,3,5,23
2021-09-26,3,5,22
2021-09-27,3,5,23
2021-09-28,3,5,35
2021-09-29,3,5,40
2021-09-30,3,5,39
2021-10-01,3,5,31
2021-10-02,3,5,22
2021-10-03,3,5,22
2021-10-04,3,5,31
2021-10-05,3,5,34
2021-10-06,3,5,31
2021-10-07,3,5,29
2021-10-08,3,5,34
2021-10-09,3,5,31
2021-10-10,3,5,28
2021-10-11,3,5,31
2021-10-12,3,5,32
2021-10-13,3,5,39
2021-10-14,3,5,38
2021-10-15,3,5,32
2021-10-16,3,5,27
2021-10-17,3,5,31
2021-10-18,3,5,40
2021-10-19,3,5,37
2021-10-20,3,5,51
2021-10-21,3,5,28
2021-10-22,3,5,26
2021-10-23,3,5,26
2021-10-24,3,5,29
2021-10-25,3,5,32
2021-10-26,3,5,37
2021-10-27,3,5,50
2021-10-28,3,5,34
2021-10-29,3,5,26
2021-10-30,3,5,32
2021-10-31,3,5,31
2021-11-01,3,5,38
2021-11-02,3,5,41
2021-11-03,3,5,36
2021-11-04,3,5,38
2021-11-05,3,5,25
2021-11-06,3,5,28
2021-11-07,3,5,31
2021-11-08,3,5,39
2021-11-09,3,5,41
2021-11-10,3,5,46
2021-11-11,3,5,35
2021-11-12,3,5,36
2021-11-13,3,5,31
2021-11-14,3,5,26
2021-11-15,3,5,38
2021-11-16,3,5,47
2021-11-17,3,5,45
2021-11-18,3,5,37
2021-11-19,3,5,34
2021-11-20,3,5,31
2021-11-21,3,5,28
2021-11-22,3,5,33
2021-11-23,3,5,46
2021-11-24,3,5,49
2021-11-25,3,5,50
2021-11-26,3,5,37
2021-11-27,3,5,26
2021-11-28,3,5,41
2021-11-29,3,5,43
2021-11-30,3,5,37
2021-12-01,3,5,43
2021-12-02,3,5,41
2021-12-03,3,5,40
2021-12-04,3,5,23
2021-12-05,3,5,34
2021-12-06,3,5,44
2021-12-07,3,5,36
2021-12-08,3,5,52
2021-12-09,3,5,48
2021-12-10,3,5,35
2021-12-11,3,5,29
2021-12-12,3,5,32
2021-12-13,3,5,32
2021-12-14,3,5,48
2021-12-15,3,5,52
2021-12-16,3,5,42
2021-12-17,3,5,44
2021-12-18,3,5,36
2021-12-19,3,5,39
2021-12-20,3,5,43
2021-12-21,3,5,54
2021-12-22,3,5,58
2021-12-23,3,5,47
2021-12-24,3,5,45
2021-12-25,3,5,41
2021-12-26,3,5,41
2021-12-27,3,5,53
2021-12-28,3,5,50
2021-12-29,3,5,53
2021-12-30,3,5,47
2021-12-31,3,5,47
2022-01-01,3,5,38
2022-01-02,3,5,39
2022-01-03,3,5,55
2022-01-04,3,5,62
2022-01-05,3,5,55
2022-01-06,3,5,47
2022-01-07,3,5,53
2022-01-08,3,5,43
2022-01-09,3,5,45
2022-01-10,3,5,50
2022-01-11,3,5,53
2022-01-12,3,5,56
2022-01-13,3,5,57
2022-01-14,3,5,46
2022-01-15,3,5,45
2022-01-16,3,5,45
2022-01-17,3,5,47
2022-01-18,3,5,65
2022-01-19,3,5,62
2022-01-20,3,5,57
2022-01-21,3,5,51
2022-01-22,3,5,38
2022-01-23,3,5,45
2022-01-24,3,5,47
2022-01-25,3,5,60
2022-01-26,3,5,63
2022-01-27,3,5,58
2022-01-28,3,5,55
2022-01-29,3,5,41
2022-01-30,3,5,45
2022-01-31,3,5,57
2022-02-01,3,5,62
2022-02-02,3,5,58
2022-02-03,3,5,64
2022-02-04,3,5,59
2022-02-05,3,5,50
2022-02-06,3,5,44
2022-02-07,3,5,57
2022-02-08,3,5,64
2022-02-09,3,5,64
2022-02-10,3,5,66
2022-02-11,3,5,53
2022-02-12,3,5,58
2022-02-13,3,5,55
2022-02-14,3,5,59
2022-02-15,3,5,68
2022-02-16,3,5,72
2022-02-17,3,5,66
2022-02-18,3,5,55
2022-02-19,3,5,48
2022-02-20,3,5,48
2022-02-21,3,5,49
2022-02-22,3,5,66
2022-02-23,3,5,66
2022-02-24,3,5,62
2022-02-25,3,5,60
2022-02-26,3,5,52
2022-02-27,3,5,61
2022-02-28,3,5,58
2022-03-01,3,5,63
2022-03-02,3,5,63
2022-03-03,3,5,67
2022-03-04,3,5,62
2022-03-05,3,5,51
2022-03-06,3,5,51
2022-03-07,3,5,67
2022-03-08,3,5,62
2022-03-09,3,5,73
2022-03-10,3,5,63
2022-03-11,3,5,60
2022-03-12,3,5,58
2022-03-13,3,5,57
2022-03-14,3,5,61
2022-03-15,3,5,74
2022-03-16,3,5,71
2022-03-17,3,5,80
2022-03-18,3,5,52
2022-03-19,3,5,48
2022-03-20,3,5,60
2022-03-21,3,5,62
2022-03-22,3,5,72
2022-03-23,3,5,66
2022-03-24,3,5,66
2022-03-25,3,5,61
2022-03-26,3,5,53
2022-03-27,3,5,57
2022-03-28,3,5,57
2022-03-29,3,5,71
2022-03-30,3,5,76
2022-03-31,3,5,61
2022-04-01,3,5,54
2022-04-02,3,5,60
2022-04-03,3,5,51
2022-04-04,3,5,66
2022-04-05,3,5,69
2022-04-06,3,5,69
2022-04-07,3,5,72
2022-04-08,3,5,63
2022-04-09,3,5,56
2022-04-10,3,5,48
2022-04-11,3,5,66
2022-04-12,3,5,65
2022-04-13,3,5,69
2022-04-14,3,5,66
2022-04-15,3,5,67
2022-04-16,3,5,54
2022-04-17,3,5,50
2022-04-18,3,5,68
2022-04-19,3,5,71
2022-04-20,3,5,73
2022-04-21,3,5,72
2022-04-22,3,5,65
2022-04-23,3,5,51
2022-04-24,3,5,50
2022-04-25,3,5,65
2022-04-26,3,5,67
2022-04-27,3,5,69
2022-04-28,3,5,60
2022-04-29,3,5,60
2022-04-30,3,5,55
2022-05-01,3,5,54
2022-05-02,3,5,55
2022-05-03,3,5,72
2022-05-04,3,5,70
2022-05-05,3,5,69
2022-05-06,3,5,49
2022-05-07,3,5,53
2022-05-08,3,5,51
2022-05-09,3,5,60
2022-05-10,3,5,70
2022-05-11,3,5,69
2022-05-12,3,5,63
2022-05-13,3,5,56
2022-05-14,3,5,45
2022-05-15,3,5,49
2022-05-16,3,5,63
2022-05-17,3,5,63
2022-05-18,3,5,71
2022-05-19,3,5,65
2022-05-20,3,5,58
2022-05-21,3,5,52
2022-05-22,3,5,50
2022-05-23,3,5,57
2022-05-24,3,5,66
2022-05-25,3,5,57
2022-05-26,3,5,65
2022-05-27,3,5,51
2022-05-28,3,5,48
2022-05-29,3,5,50
2022-05-30,3,5,56
2022-05-31,3,5,57
2022-06-01,3,5,64
2022-06-02,3,5,61
2022-06-03,3,5,44
2022-06-04,3,5,42
2022-06-05,3,5,52
2022-06-06,3,5,58
2022-06-07,3,5,62
2022-06-08,3,5,59
2022-06-09,3,5,60
2022-06-10,3,5,45
2022-06-11,3,5,45
2022-06-12,3,5,42
2022-06-13,3,5,52
2022-06-14,3,5,55
2022-06-15,3,5,63
2022-06-16,3,5,58
2022-06-17,3,5,46
2022-06-18,3,5,48
2022-06-19,3,5,42
2022-06-20,3,5,51
2022-06-21,3,5,55
2022-06-22,3,5,62
2022-06-23,3,5,57
2022-06-24,3,5,52
2022-06-25,3,5,43
2022-06-26,3,5,32
2022-06-27,3,5,48
2022-06-28,3,5,62
2022-06-29,3,5,56
2022-06-30,3,5,45
2022-07-01,3,5,47
2022-07-02,3,5,43
2022-07-03,3,5,39
2022-07-04,3,5,47
2022-07-05,3,5,51
2022-07-06,3,5,57
2022-07-07,3,5,51
2022-07-08,3,5,39
2022-07-09,3,5,39
2022-07-10,3,5,37
2022-07-11,3,5,52
2022-07-12,3,5,56
2022-07-13,3,5,53
2022-07-14,3,5,49
2022-07-15,3,5,46
2022-07-16,3,5,36
2022-07-17,3,5,41
2022-07-18,3,5,50
2022-07-19,3,5,48
2022-07-20,3,5,58
2022-07-21,3,5,53
2022-07-22,3,5,41
2022-07-23,3,5,34
2022-07-24,3,5,38
2022-07-25,3,5,42
2022-07-26,3,5,46
2022-07-27,3,5,52
2022-07-28,3,5,41
2022-07-29,3,5,37
2022-07-30,3,5,33
2022-07-31,3,5,30
2022-08-01,3,5,44
2022-08-02,3,5,46
2022-08-03,3,5,54
2022-08-04,3,5,43
2022-08-05,3,5,35
2022-08-06,3,5,29
2022-08-07,3,5,34
2022-08-08,3,5,40
2022-08-09,3,5,49
2022-08-10,3,5,47
2022-08-11,3,5,51
2022-08-12,3,5,37
2022-08-13,3,5,27
2022-08-14,3,5,28
2022-08-15,3,5,41
2022-08-16,3,5,40
2022-08-17,3,5,48
2022-08-18,3,5,45
2022-08-19,3,5,38
2022-08-20,3,5,26
2022-08-21,3,5,35
2022-08-22,3,5,39
2022-08-23,3,5,41
2022-08-24,3,5,44
2022-08-25,3,5,42
2022-08-26,3,5,31
2022-08-27,3,5,30
2022-08-28,3,5,36
2022-08-29,3,5,40
2022-08-30,3,5,43
2022-08-31,3,5,45
2022-09-01,3,5,37
2022-09-02,3,5,30
2022-09-03,3,5,22
2022-09-04,3,5,30
2022-09-05,3,5,38
2022-09-06,3,5,41
2022-09-07,3,5,40
2022-09-08,3,5,39
2022-09-09,3,5,37
2022-09-10,3,5,31
2022-09-11,3,5,29
2022-09-12,3,5,43
2022-09-13,3,5,52
2022-09-14,3,5,41
2022-09-15,3,5,37
2022-09-16,3,5,34
2022-09-17,3,5,23
2022-09-18,3,5,32
2022-09-19,3,5,35
2022-09-20,3,5,42
2022-09-21,3,5,40
2022-09-22,3,5,35
2022-09-23,3,5,23
2022-09-24,3,5,32
2022-09-25,3,5,32
2022-09-26,3,5,37
2022-09-27,3,5,42
2022-09-28,3,5,33
2022-09-29,3,5,35
2022-09-30,3,5,30
2022-10-01,3,5,22
2022-10-02,3,5,21
2022-10-03,3,5,30
2022-10-04,3,5,41
2022-10-05,3,5,42
2022-10-06,3,5,41
2022-10-07,3,5,39
2022-10-08,3,5,29
2022-10-09,3,5,27
2022-10-10,3,5,42
2022-10-11,3,5,34
2022-10-12,3,5,34
2022-10-13,3,5,35
2022-10-14,3,5,35
2022-10-15,3,5,28
2022-10-16,3,5,24
2022-10-17,3,5,32
2022-10-18,3,5,36
2022-10-19,3,5,38
2022-10-20,3,5,45
2022-10-21,3,5,31
2022-10-22,3,5,35
2022-10-23,3,5,26
2022-10-24,3,5,38
2022-10-25,3,5,43
2022-10-26,3,5,47
2022-10-27,3,5,40
2022-10-28,3,5,37
2022-10-29,3,5,31
2022-10-30,3,5,26
2022-10-31,3,5,39
2022-11-01,3,5,42
2022-11-02,3,5,41
2022-11-03,3,5,43
2022-11-04,3,5,37
2022-11-05,3,5,27
2022-11-06,3,5,30
2022-11-07,3,5,32
2022-11-08,3,5,37
2022-11-09,3,5,45
2022-11-10,3,5,45
2022-11-11,3,5,32
2022-11-12,3,5,36
2022-11-13,3,5,31
2022-11-14,3,5,38
2022-11-15,3,5,44
2022-11-16,3,5,51
2022-11-17,3,5,39
2022-11-18,3,5,36
2022-11-19,3,5,30
2022-11-20,3,5,31
2022-11-21,3,5,40
2022-11-22,3,5,46
2022-11-23,3,5,53
2022-11-24,3,5,44
2022-11-25,3,5,40
2022-11-26,3,5,34
2022-11-27,3,5,41
2022-11-28,3,5,40
2022-11-29,3,5,47
2022-11-30,3,5,53
2022-12-01,3,5,45
2022-12-02,3,5,41
2022-12-03,3,5,44
2022-12-04,3,5,33
2022-12-05,3,5,49
2022-12-06,3,5,48
2022-12-07,3,5,57
2022-12-08,3,5,50
2022-12-09,3,5,43
2022-12-10,3,5,36
2022-12-11,3,5,37
2022-12-12,3,5,42
2022-12-13,3,5,52
2022-12-14,3,5,53
2022-12-15,3,5,50
2022-12-16,3,5,37
2022-12-17,3,5,39
2022-12-18,3,5,45
2022-12-19,3,5,51
2022-12-20,3,5,53
2022-12-21,3,5,65
2022-12-22,3,5,49
2022-12-23,3,5,44
2022-12-24,3,5,34
2022-12-25,3,5,40
2022-12-26,3,5,56
2022-12-27,3,5,54
2022-12-28,3,5,51
2022-12-29,3,5,56
2022-12-30,3,5,48
2022-12-31,3,5,45
